{"type":"FeatureCollection","source":"Geoportal de Blumenau — Limites/Bairros (ArcGIS REST)","features":[{"type":"Feature","properties":{"bairro":"VELHA CENTRAL","codigo":"12"},"geometry":{"type":"Polygon","coordinates":[[[-49.16518,-26.94226],[-49.16502,-26.94302],[-49.16495,-26.94329],[-49.16458,-26.94375],[-49.16423,-26.94411],[-49.16414,-26.94414],[-49.16398,-26.94425],[-49.16387,-26.94427],[-49.16366,-26.94432],[-49.16317,-26.94445],[-49.1629,-26.94449],[-49.16277,-26.94454],[-49.16259,-26.94463],[-49.1623,-26.94471],[-49.16216,-26.9448],[-49.16206,-26.94489],[-49.16196,-26.94503],[-49.16191,-26.94514],[-49.16191,-26.94534],[-49.16192,-26.94544],[-49.16192,-26.94551],[-49.16193,-26.94568],[-49.16194,-26.94584],[-49.16195,-26.94594],[-49.16198,-26.94606],[-49.16199,-26.94607],[-49.16193,-26.9461],[-49.16182,-26.94623],[-49.1618,-26.94633],[-49.16181,-26.94667],[-49.16176,-26.94685],[-49.1617,-26.9469],[-49.16164,-26.94698],[-49.16157,-26.94686],[-49.16154,-26.94682],[-49.16143,-26.94674],[-49.16138,-26.94674],[-49.16126,-26.94681],[-49.16111,-26.94687],[-49.16099,-26.94694],[-49.16084,-26.94717],[-49.16059,-26.94747],[-49.16052,-26.94728],[-49.16049,-26.94707],[-49.16049,-26.94693],[-49.16045,-26.94681],[-49.1604,-26.94677],[-49.16031,-26.9467],[-49.16025,-26.94668],[-49.16004,-26.94662],[-49.15975,-26.94643],[-49.16005,-26.94624],[-49.16033,-26.94622],[-49.16044,-26.94615],[-49.16048,-26.94612],[-49.16054,-26.94601],[-49.16057,-26.94589],[-49.16062,-26.94556],[-49.1606,-26.9455],[-49.16055,-26.94544],[-49.16047,-26.9454],[-49.1603,-26.94536],[-49.15998,-26.94533],[-49.1599,-26.94535],[-49.15981,-26.94538],[-49.15937,-26.94561],[-49.15886,-26.94571],[-49.15879,-26.94577],[-49.15869,-26.9459],[-49.15862,-26.94596],[-49.15852,-26.94602],[-49.15828,-26.94568],[-49.15822,-26.94562],[-49.15802,-26.94552],[-49.1578,-26.94546],[-49.15773,-26.94518],[-49.15767,-26.94503],[-49.15766,-26.94502],[-49.15758,-26.94484],[-49.15751,-26.94474],[-49.15736,-26.94448],[-49.15734,-26.94436],[-49.15731,-26.94433],[-49.15724,-26.94433],[-49.15699,-26.94438],[-49.15653,-26.9444],[-49.15628,-26.94439],[-49.15588,-26.94433],[-49.1558,-26.94432],[-49.15556,-26.94424],[-49.15543,-26.94418],[-49.15531,-26.94409],[-49.15523,-26.94396],[-49.15512,-26.9439],[-49.15502,-26.94387],[-49.15491,-26.94389],[-49.15458,-26.94404],[-49.15444,-26.94406],[-49.15439,-26.94408],[-49.15432,-26.94412],[-49.15427,-26.94417],[-49.15423,-26.94422],[-49.15412,-26.94455],[-49.15407,-26.94456],[-49.1539,-26.94457],[-49.15359,-26.94457],[-49.15306,-26.94453],[-49.15273,-26.94456],[-49.1524,-26.94456],[-49.15209,-26.94455],[-49.15203,-26.94453],[-49.15207,-26.9442],[-49.15206,-26.94406],[-49.15204,-26.94395],[-49.15198,-26.9438],[-49.15187,-26.94369],[-49.15176,-26.94363],[-49.15136,-26.94346],[-49.15112,-26.94334],[-49.15079,-26.94325],[-49.15062,-26.94323],[-49.14999,-26.94324],[-49.14963,-26.94327],[-49.14943,-26.94333],[-49.14928,-26.94339],[-49.14912,-26.94349],[-49.14873,-26.94377],[-49.14864,-26.94352],[-49.14858,-26.9434],[-49.14844,-26.94325],[-49.14832,-26.94319],[-49.14765,-26.94304],[-49.1475,-26.94294],[-49.14726,-26.94274],[-49.14716,-26.94271],[-49.147,-26.94272],[-49.14684,-26.94279],[-49.14659,-26.94294],[-49.14648,-26.94305],[-49.1464,-26.94317],[-49.14621,-26.94362],[-49.14596,-26.94415],[-49.14577,-26.94411],[-49.1457,-26.94411],[-49.14564,-26.94413],[-49.14567,-26.94394],[-49.14564,-26.94348],[-49.14558,-26.9429],[-49.14551,-26.94256],[-49.14546,-26.94248],[-49.14532,-26.94236],[-49.14518,-26.94229],[-49.14494,-26.94225],[-49.14486,-26.94224],[-49.14423,-26.94213],[-49.1439,-26.9421],[-49.14353,-26.9421],[-49.14335,-26.94214],[-49.14312,-26.94229],[-49.14296,-26.94249],[-49.14287,-26.94267],[-49.14278,-26.94258],[-49.14269,-26.94254],[-49.14253,-26.94253],[-49.14235,-26.94256],[-49.14239,-26.94251],[-49.14261,-26.94235],[-49.1428,-26.94211],[-49.14285,-26.94207],[-49.14291,-26.94197],[-49.14299,-26.9418],[-49.14305,-26.94158],[-49.14312,-26.94148],[-49.14316,-26.94135],[-49.1431,-26.94121],[-49.14297,-26.94097],[-49.14266,-26.94058],[-49.14257,-26.94042],[-49.14254,-26.94022],[-49.14251,-26.93982],[-49.14251,-26.93947],[-49.14244,-26.93939],[-49.14238,-26.93937],[-49.14202,-26.93935],[-49.14175,-26.93935],[-49.14167,-26.93936],[-49.14162,-26.93938],[-49.14154,-26.93946],[-49.14152,-26.93951],[-49.14149,-26.93969],[-49.14144,-26.93976],[-49.14132,-26.93991],[-49.14121,-26.94001],[-49.141,-26.94011],[-49.14084,-26.94013],[-49.14062,-26.94012],[-49.14043,-26.94006],[-49.14037,-26.94002],[-49.1401,-26.93976],[-49.1398,-26.93938],[-49.13971,-26.93933],[-49.13958,-26.93934],[-49.13935,-26.93953],[-49.13924,-26.9396],[-49.13908,-26.93967],[-49.13898,-26.93973],[-49.13891,-26.9398],[-49.13878,-26.93998],[-49.13875,-26.94007],[-49.13851,-26.94034],[-49.13843,-26.94045],[-49.1383,-26.94057],[-49.13826,-26.9405],[-49.13825,-26.9403],[-49.13822,-26.94019],[-49.13818,-26.93993],[-49.13815,-26.93986],[-49.13807,-26.93975],[-49.13806,-26.93966],[-49.1381,-26.93949],[-49.13808,-26.93945],[-49.13804,-26.93939],[-49.138,-26.93916],[-49.13792,-26.93899],[-49.13771,-26.93854],[-49.13759,-26.93835],[-49.13751,-26.93814],[-49.13744,-26.93806],[-49.13726,-26.93804],[-49.13687,-26.93788],[-49.13656,-26.93773],[-49.13608,-26.93765],[-49.1359,-26.93765],[-49.1356,-26.93768],[-49.13542,-26.93767],[-49.13531,-26.93763],[-49.13525,-26.9376],[-49.13508,-26.93747],[-49.13495,-26.93732],[-49.13486,-26.93725],[-49.13468,-26.93709],[-49.13464,-26.93702],[-49.13456,-26.93685],[-49.13447,-26.93677],[-49.13425,-26.93665],[-49.13401,-26.9365],[-49.13393,-26.93648],[-49.13381,-26.93649],[-49.13357,-26.93655],[-49.1335,-26.93658],[-49.13318,-26.93678],[-49.133,-26.93693],[-49.13295,-26.93696],[-49.13283,-26.93697],[-49.13266,-26.93692],[-49.13252,-26.93682],[-49.13241,-26.93663],[-49.1323,-26.93651],[-49.13218,-26.93641],[-49.13198,-26.93636],[-49.13175,-26.93621],[-49.13162,-26.93616],[-49.13109,-26.93606],[-49.13097,-26.93606],[-49.13085,-26.93608],[-49.13062,-26.93615],[-49.13048,-26.93625],[-49.13027,-26.93651],[-49.13013,-26.93641],[-49.12987,-26.93613],[-49.12973,-26.93589],[-49.12956,-26.9357],[-49.12942,-26.93545],[-49.12929,-26.93548],[-49.12903,-26.93546],[-49.12877,-26.93537],[-49.12869,-26.93536],[-49.12861,-26.93534],[-49.12854,-26.9353],[-49.12849,-26.93524],[-49.12845,-26.93518],[-49.12822,-26.93487],[-49.12804,-26.93472],[-49.12797,-26.93468],[-49.12788,-26.93463],[-49.12779,-26.9346],[-49.1275,-26.93467],[-49.12729,-26.93466],[-49.12712,-26.93468],[-49.12696,-26.93472],[-49.12679,-26.9348],[-49.12667,-26.93471],[-49.12655,-26.93469],[-49.12642,-26.93472],[-49.12616,-26.93484],[-49.12608,-26.93485],[-49.126,-26.93483],[-49.12588,-26.93473],[-49.12584,-26.93466],[-49.12569,-26.9343],[-49.12562,-26.93421],[-49.12555,-26.93416],[-49.12538,-26.93415],[-49.12509,-26.93416],[-49.12473,-26.93426],[-49.12437,-26.93441],[-49.12421,-26.93448],[-49.12421,-26.93436],[-49.12419,-26.93417],[-49.12411,-26.93396],[-49.12392,-26.93369],[-49.12371,-26.93346],[-49.12367,-26.93341],[-49.12356,-26.9332],[-49.12347,-26.93312],[-49.12332,-26.93305],[-49.12308,-26.93302],[-49.12289,-26.93297],[-49.12262,-26.93285],[-49.12256,-26.93284],[-49.12251,-26.93283],[-49.1225,-26.93278],[-49.12233,-26.93274],[-49.12232,-26.93278],[-49.12219,-26.93278],[-49.12214,-26.93283],[-49.12212,-26.93282],[-49.12208,-26.9328],[-49.12202,-26.9328],[-49.12167,-26.93313],[-49.12162,-26.93321],[-49.12158,-26.93327],[-49.12135,-26.93356],[-49.12117,-26.93373],[-49.12084,-26.93402],[-49.12069,-26.93408],[-49.12059,-26.93416],[-49.12042,-26.93401],[-49.11996,-26.93326],[-49.11985,-26.93311],[-49.11981,-26.93308],[-49.11978,-26.93307],[-49.11965,-26.93309],[-49.1195,-26.93314],[-49.11921,-26.93319],[-49.11892,-26.93318],[-49.11866,-26.93316],[-49.11855,-26.93314],[-49.1186,-26.9328],[-49.11862,-26.93245],[-49.11864,-26.93232],[-49.11875,-26.93218],[-49.11878,-26.93215],[-49.11886,-26.93207],[-49.1189,-26.93199],[-49.11891,-26.9319],[-49.1189,-26.93183],[-49.11882,-26.93177],[-49.11868,-26.93168],[-49.11849,-26.93162],[-49.11846,-26.93155],[-49.11839,-26.93154],[-49.11828,-26.93155],[-49.11824,-26.93153],[-49.1182,-26.93147],[-49.11811,-26.93146],[-49.11803,-26.93145],[-49.11802,-26.93145],[-49.11801,-26.9314],[-49.11785,-26.93138],[-49.11764,-26.9314],[-49.11749,-26.93146],[-49.1174,-26.93144],[-49.11735,-26.93142],[-49.11704,-26.93113],[-49.11691,-26.93088],[-49.1168,-26.93054],[-49.11674,-26.93047],[-49.11665,-26.93044],[-49.11657,-26.93044],[-49.11645,-26.93047],[-49.11637,-26.93052],[-49.11628,-26.93064],[-49.11619,-26.9308],[-49.11592,-26.93107],[-49.11577,-26.93119],[-49.11547,-26.9314],[-49.11515,-26.93157],[-49.11509,-26.93145],[-49.11501,-26.93127],[-49.11495,-26.93118],[-49.11487,-26.9311],[-49.11481,-26.93107],[-49.11465,-26.93102],[-49.11461,-26.931],[-49.11458,-26.93096],[-49.11459,-26.93091],[-49.11465,-26.93084],[-49.11466,-26.93075],[-49.11459,-26.93044],[-49.11458,-26.93031],[-49.11456,-26.93027],[-49.11452,-26.93024],[-49.11448,-26.93023],[-49.11433,-26.93009],[-49.1143,-26.93008],[-49.11426,-26.9301],[-49.11423,-26.93008],[-49.11401,-26.92984],[-49.11391,-26.9297],[-49.1139,-26.92965],[-49.11388,-26.92948],[-49.11383,-26.92931],[-49.11381,-26.92927],[-49.11375,-26.92922],[-49.11373,-26.92922],[-49.11373,-26.92913],[-49.11369,-26.92903],[-49.11369,-26.92887],[-49.11376,-26.92877],[-49.11407,-26.92817],[-49.1144,-26.92756],[-49.11452,-26.92755],[-49.11454,-26.92747],[-49.11456,-26.92744],[-49.11457,-26.92742],[-49.11458,-26.92739],[-49.1146,-26.92733],[-49.11461,-26.92731],[-49.11463,-26.92726],[-49.11473,-26.92706],[-49.11492,-26.92683],[-49.11503,-26.92662],[-49.11524,-26.92633],[-49.11534,-26.92623],[-49.11525,-26.92614],[-49.1152,-26.92605],[-49.1152,-26.92598],[-49.11524,-26.92595],[-49.11532,-26.92595],[-49.11541,-26.92588],[-49.11545,-26.92584],[-49.11556,-26.92576],[-49.11571,-26.92562],[-49.11584,-26.92553],[-49.11596,-26.92542],[-49.11615,-26.92517],[-49.11634,-26.92478],[-49.11647,-26.92455],[-49.1165,-26.92453],[-49.11653,-26.92444],[-49.11662,-26.92428],[-49.11664,-26.92424],[-49.11663,-26.92408],[-49.11665,-26.92403],[-49.1167,-26.92398],[-49.11673,-26.92391],[-49.11675,-26.92362],[-49.11679,-26.92354],[-49.1168,-26.92349],[-49.11679,-26.92345],[-49.11675,-26.92343],[-49.11734,-26.92243],[-49.11772,-26.92169],[-49.11774,-26.92154],[-49.11778,-26.92148],[-49.11783,-26.92116],[-49.1179,-26.92089],[-49.1179,-26.92078],[-49.11787,-26.92067],[-49.11783,-26.92051],[-49.11782,-26.92046],[-49.11777,-26.91991],[-49.11797,-26.91957],[-49.11822,-26.91908],[-49.11826,-26.91893],[-49.11827,-26.91871],[-49.11834,-26.91835],[-49.11844,-26.91796],[-49.11849,-26.91765],[-49.1186,-26.91733],[-49.11877,-26.91731],[-49.119,-26.91725],[-49.11936,-26.91708],[-49.1194,-26.91707],[-49.11945,-26.91707],[-49.11967,-26.91708],[-49.11977,-26.91706],[-49.12002,-26.91683],[-49.12023,-26.91651],[-49.1203,-26.91626],[-49.12042,-26.91608],[-49.12051,-26.91602],[-49.12068,-26.91592],[-49.12143,-26.91565],[-49.1218,-26.91564],[-49.122,-26.91565],[-49.12211,-26.91562],[-49.12214,-26.91562],[-49.12238,-26.91556],[-49.1224,-26.91556],[-49.12253,-26.91558],[-49.12281,-26.91574],[-49.12298,-26.91582],[-49.12312,-26.91586],[-49.12333,-26.91592],[-49.12336,-26.91591],[-49.12381,-26.91586],[-49.12406,-26.91555],[-49.12428,-26.91538],[-49.12432,-26.91535],[-49.12459,-26.91497],[-49.12472,-26.91484],[-49.12484,-26.91476],[-49.12493,-26.91464],[-49.12507,-26.91426],[-49.12512,-26.91408],[-49.12528,-26.91386],[-49.12541,-26.91375],[-49.12548,-26.91373],[-49.12565,-26.91373],[-49.12579,-26.91376],[-49.12599,-26.91391],[-49.12608,-26.91401],[-49.12618,-26.91406],[-49.1265,-26.91415],[-49.12673,-26.91415],[-49.12687,-26.91418],[-49.127,-26.91424],[-49.12715,-26.91432],[-49.12766,-26.91457],[-49.12772,-26.9146],[-49.12775,-26.91462],[-49.1278,-26.91464],[-49.12784,-26.91466],[-49.12803,-26.91469],[-49.12851,-26.91463],[-49.12872,-26.91456],[-49.12885,-26.9145],[-49.12907,-26.91437],[-49.12914,-26.91429],[-49.12952,-26.9149],[-49.12957,-26.91496],[-49.1298,-26.91528],[-49.12983,-26.91534],[-49.12994,-26.91563],[-49.13011,-26.91597],[-49.13018,-26.91612],[-49.13021,-26.91625],[-49.13021,-26.91629],[-49.13024,-26.91644],[-49.13025,-26.91649],[-49.13028,-26.91663],[-49.13028,-26.91668],[-49.13027,-26.9169],[-49.13028,-26.91699],[-49.13033,-26.9172],[-49.1304,-26.91735],[-49.13044,-26.91752],[-49.13045,-26.91765],[-49.1304,-26.91789],[-49.13036,-26.91831],[-49.13037,-26.91842],[-49.13045,-26.91868],[-49.1304,-26.9191],[-49.13043,-26.91931],[-49.13052,-26.91955],[-49.13067,-26.91975],[-49.1309,-26.91993],[-49.13116,-26.92006],[-49.13122,-26.9201],[-49.13172,-26.92039],[-49.13245,-26.92075],[-49.1326,-26.92087],[-49.1328,-26.92099],[-49.13297,-26.92111],[-49.1333,-26.92144],[-49.13353,-26.9216],[-49.13381,-26.92182],[-49.13385,-26.92186],[-49.13403,-26.922],[-49.13431,-26.92217],[-49.13451,-26.92226],[-49.13469,-26.9224],[-49.13477,-26.92249],[-49.1349,-26.92256],[-49.13518,-26.92268],[-49.13536,-26.92271],[-49.13555,-26.9227],[-49.13586,-26.92262],[-49.13601,-26.92254],[-49.13614,-26.92243],[-49.13617,-26.92238],[-49.13623,-26.92238],[-49.13634,-26.92229],[-49.13651,-26.92218],[-49.13699,-26.92182],[-49.13726,-26.92168],[-49.13726,-26.92181],[-49.13729,-26.92192],[-49.13737,-26.92213],[-49.13737,-26.92222],[-49.13732,-26.92238],[-49.13732,-26.92276],[-49.13735,-26.92287],[-49.1374,-26.92294],[-49.13759,-26.9231],[-49.13761,-26.92312],[-49.13764,-26.92314],[-49.13768,-26.92318],[-49.13779,-26.92324],[-49.13797,-26.9234],[-49.13819,-26.92371],[-49.13822,-26.92373],[-49.13841,-26.9239],[-49.13851,-26.92402],[-49.13874,-26.92422],[-49.13877,-26.92425],[-49.13886,-26.92432],[-49.13905,-26.92443],[-49.13933,-26.92457],[-49.13956,-26.9247],[-49.13964,-26.92475],[-49.13966,-26.92479],[-49.13932,-26.92478],[-49.13902,-26.92485],[-49.13875,-26.92494],[-49.13848,-26.92508],[-49.13829,-26.9251],[-49.13816,-26.92517],[-49.13801,-26.92521],[-49.13769,-26.92554],[-49.13743,-26.92577],[-49.13726,-26.9259],[-49.13718,-26.92599],[-49.13738,-26.92609],[-49.13751,-26.92632],[-49.13756,-26.92638],[-49.13772,-26.92647],[-49.13791,-26.92653],[-49.13794,-26.92658],[-49.13793,-26.9268],[-49.13797,-26.92707],[-49.138,-26.92717],[-49.13802,-26.92721],[-49.13825,-26.92721],[-49.13871,-26.92741],[-49.13899,-26.92762],[-49.13927,-26.92788],[-49.13949,-26.92808],[-49.13962,-26.92823],[-49.13984,-26.9284],[-49.14015,-26.92854],[-49.14052,-26.92865],[-49.14068,-26.92866],[-49.14096,-26.92863],[-49.14133,-26.92864],[-49.14175,-26.92867],[-49.14218,-26.92879],[-49.14261,-26.92885],[-49.14284,-26.92893],[-49.14309,-26.92908],[-49.14327,-26.9292],[-49.14349,-26.92944],[-49.1436,-26.9295],[-49.14377,-26.92949],[-49.14388,-26.92941],[-49.1439,-26.92929],[-49.14389,-26.9292],[-49.1438,-26.92906],[-49.1438,-26.92899],[-49.14382,-26.92893],[-49.14387,-26.92891],[-49.14395,-26.92881],[-49.14411,-26.92851],[-49.14426,-26.9283],[-49.14451,-26.9281],[-49.14466,-26.92802],[-49.14485,-26.92796],[-49.145,-26.92789],[-49.14514,-26.9278],[-49.14555,-26.92773],[-49.14577,-26.92772],[-49.14606,-26.92764],[-49.1463,-26.92749],[-49.14648,-26.92729],[-49.14675,-26.9271],[-49.14681,-26.92709],[-49.147,-26.927],[-49.14731,-26.92698],[-49.14748,-26.92684],[-49.14768,-26.92676],[-49.14775,-26.92668],[-49.1478,-26.92665],[-49.14791,-26.92661],[-49.14809,-26.92658],[-49.14823,-26.92654],[-49.1485,-26.92651],[-49.14863,-26.92652],[-49.14875,-26.92656],[-49.14898,-26.92667],[-49.14915,-26.9267],[-49.14932,-26.92671],[-49.14932,-26.92676],[-49.14942,-26.92689],[-49.14974,-26.92704],[-49.14985,-26.92707],[-49.14997,-26.92709],[-49.15032,-26.92708],[-49.15049,-26.92709],[-49.15065,-26.92711],[-49.1509,-26.92721],[-49.15148,-26.92752],[-49.15172,-26.92768],[-49.15174,-26.9277],[-49.15174,-26.9278],[-49.15177,-26.9278],[-49.15177,-26.92786],[-49.15171,-26.92794],[-49.15166,-26.92804],[-49.15166,-26.92811],[-49.15168,-26.92814],[-49.15168,-26.92819],[-49.15167,-26.92823],[-49.15158,-26.92831],[-49.1515,-26.92844],[-49.15138,-26.92856],[-49.15125,-26.92866],[-49.15124,-26.9287],[-49.15083,-26.92866],[-49.1507,-26.92869],[-49.15037,-26.92868],[-49.15013,-26.9287],[-49.15007,-26.92871],[-49.14975,-26.92887],[-49.14953,-26.92894],[-49.14935,-26.92896],[-49.14918,-26.92891],[-49.14912,-26.9289],[-49.14906,-26.92892],[-49.14888,-26.92905],[-49.14877,-26.92916],[-49.1487,-26.92919],[-49.14853,-26.92933],[-49.14848,-26.92943],[-49.14845,-26.92992],[-49.14847,-26.93002],[-49.14851,-26.9301],[-49.14855,-26.93019],[-49.14863,-26.93025],[-49.14885,-26.93036],[-49.14932,-26.93068],[-49.14945,-26.93075],[-49.14948,-26.93081],[-49.14946,-26.93093],[-49.14948,-26.93098],[-49.14961,-26.93111],[-49.14963,-26.93116],[-49.14961,-26.93127],[-49.14956,-26.93137],[-49.14951,-26.93143],[-49.14926,-26.93159],[-49.14922,-26.93168],[-49.14924,-26.93172],[-49.14934,-26.93181],[-49.14935,-26.93188],[-49.14943,-26.93195],[-49.14947,-26.93197],[-49.14991,-26.93199],[-49.14997,-26.93198],[-49.15011,-26.93189],[-49.15022,-26.93177],[-49.15035,-26.93167],[-49.15042,-26.93163],[-49.15058,-26.9316],[-49.15093,-26.93157],[-49.15117,-26.93153],[-49.15146,-26.9315],[-49.15162,-26.9315],[-49.15177,-26.93158],[-49.15223,-26.93161],[-49.1524,-26.93163],[-49.15252,-26.93168],[-49.15274,-26.9318],[-49.15281,-26.93189],[-49.15284,-26.93196],[-49.15284,-26.93207],[-49.15289,-26.93218],[-49.15317,-26.93247],[-49.15336,-26.93276],[-49.15339,-26.93295],[-49.15339,-26.93359],[-49.1534,-26.93366],[-49.15347,-26.93376],[-49.15367,-26.93391],[-49.15403,-26.93424],[-49.15429,-26.93456],[-49.15435,-26.93466],[-49.15449,-26.9348],[-49.15475,-26.93512],[-49.15505,-26.93553],[-49.15515,-26.93564],[-49.15517,-26.93567],[-49.15519,-26.93586],[-49.15518,-26.9359],[-49.15511,-26.93599],[-49.1551,-26.93603],[-49.1551,-26.93614],[-49.15515,-26.93624],[-49.1552,-26.93628],[-49.15525,-26.9363],[-49.15533,-26.93633],[-49.15565,-26.9365],[-49.15567,-26.93655],[-49.15565,-26.93668],[-49.15569,-26.93675],[-49.15585,-26.93687],[-49.15609,-26.93701],[-49.15615,-26.93705],[-49.15642,-26.93722],[-49.15658,-26.93739],[-49.15667,-26.93743],[-49.15664,-26.93744],[-49.15654,-26.93758],[-49.15646,-26.93779],[-49.15645,-26.9379],[-49.15647,-26.93797],[-49.1565,-26.93804],[-49.15659,-26.93812],[-49.15681,-26.93821],[-49.15712,-26.9384],[-49.15743,-26.93849],[-49.1577,-26.9386],[-49.15782,-26.93858],[-49.15793,-26.93848],[-49.15801,-26.93851],[-49.15821,-26.93852],[-49.15879,-26.93845],[-49.15897,-26.93845],[-49.15914,-26.93847],[-49.1594,-26.9386],[-49.15953,-26.93863],[-49.15987,-26.93864],[-49.15995,-26.93864],[-49.16011,-26.9387],[-49.16026,-26.93878],[-49.16054,-26.93887],[-49.16086,-26.93889],[-49.16125,-26.93882],[-49.162,-26.93879],[-49.16219,-26.93883],[-49.16286,-26.93885],[-49.16345,-26.93884],[-49.1637,-26.93874],[-49.16416,-26.9386],[-49.16449,-26.93846],[-49.16458,-26.93871],[-49.16474,-26.93895],[-49.16482,-26.93922],[-49.16485,-26.93935],[-49.16498,-26.93993],[-49.16505,-26.94047],[-49.16511,-26.94089],[-49.16517,-26.94135],[-49.16518,-26.94226]]]}},{"type":"Feature","properties":{"bairro":"VELHA GRANDE","codigo":"13"},"geometry":{"type":"Polygon","coordinates":[[[-49.12779,-26.9346],[-49.12788,-26.93463],[-49.12797,-26.93468],[-49.12804,-26.93472],[-49.12822,-26.93487],[-49.12845,-26.93518],[-49.12849,-26.93524],[-49.12854,-26.9353],[-49.12861,-26.93534],[-49.12869,-26.93536],[-49.12877,-26.93537],[-49.12903,-26.93546],[-49.12929,-26.93548],[-49.12942,-26.93545],[-49.12956,-26.9357],[-49.12973,-26.93589],[-49.12987,-26.93613],[-49.13013,-26.93641],[-49.13027,-26.93651],[-49.13013,-26.93662],[-49.12959,-26.93686],[-49.12955,-26.9369],[-49.12953,-26.937],[-49.12961,-26.93715],[-49.12973,-26.93727],[-49.13001,-26.93748],[-49.1304,-26.93781],[-49.13061,-26.9382],[-49.13085,-26.93851],[-49.1311,-26.93874],[-49.13123,-26.9389],[-49.13137,-26.9391],[-49.13144,-26.9393],[-49.13145,-26.93931],[-49.13145,-26.93932],[-49.13171,-26.93971],[-49.13176,-26.93977],[-49.13191,-26.93991],[-49.13195,-26.93995],[-49.13196,-26.93999],[-49.13176,-26.93992],[-49.13164,-26.93996],[-49.13164,-26.93994],[-49.13162,-26.93992],[-49.13144,-26.93981],[-49.13133,-26.93961],[-49.13126,-26.93953],[-49.13121,-26.93949],[-49.131,-26.93939],[-49.13082,-26.93926],[-49.13076,-26.93925],[-49.13049,-26.93936],[-49.13049,-26.93934],[-49.13045,-26.93928],[-49.13043,-26.93896],[-49.13037,-26.93889],[-49.12949,-26.93842],[-49.12938,-26.93838],[-49.12917,-26.93834],[-49.12912,-26.93834],[-49.12927,-26.93857],[-49.1293,-26.93862],[-49.12932,-26.93864],[-49.12939,-26.93876],[-49.1294,-26.93879],[-49.12942,-26.93885],[-49.12943,-26.93887],[-49.12943,-26.93888],[-49.12953,-26.93914],[-49.1296,-26.93964],[-49.12953,-26.94008],[-49.12956,-26.94039],[-49.12957,-26.94077],[-49.12957,-26.94081],[-49.12957,-26.94084],[-49.12987,-26.94109],[-49.13062,-26.94156],[-49.13064,-26.94157],[-49.13102,-26.94174],[-49.13128,-26.94195],[-49.13207,-26.94233],[-49.13218,-26.94241],[-49.13226,-26.94245],[-49.13234,-26.94248],[-49.13269,-26.94264],[-49.13327,-26.94286],[-49.13406,-26.94304],[-49.13446,-26.9431],[-49.13482,-26.94313],[-49.13499,-26.94306],[-49.1352,-26.9431],[-49.13595,-26.94326],[-49.13658,-26.94331],[-49.13672,-26.94336],[-49.13694,-26.94349],[-49.13696,-26.94351],[-49.13707,-26.94359],[-49.13715,-26.94367],[-49.13716,-26.9437],[-49.13718,-26.94372],[-49.137,-26.94378],[-49.13677,-26.94387],[-49.13673,-26.94392],[-49.13672,-26.94398],[-49.13665,-26.94406],[-49.13657,-26.94403],[-49.13652,-26.94403],[-49.13623,-26.94411],[-49.1361,-26.94411],[-49.13585,-26.94417],[-49.1357,-26.94419],[-49.13564,-26.94421],[-49.13547,-26.94439],[-49.1353,-26.94445],[-49.13529,-26.94446],[-49.13509,-26.94457],[-49.13492,-26.94471],[-49.13486,-26.94473],[-49.13465,-26.94488],[-49.13432,-26.94508],[-49.1343,-26.9451],[-49.13427,-26.94513],[-49.13422,-26.94517],[-49.13417,-26.9452],[-49.13421,-26.9452],[-49.13416,-26.94528],[-49.13384,-26.94558],[-49.13386,-26.94563],[-49.13375,-26.94571],[-49.13345,-26.94598],[-49.13334,-26.94605],[-49.13326,-26.94625],[-49.13321,-26.94635],[-49.13303,-26.9465],[-49.1329,-26.94658],[-49.13275,-26.94669],[-49.1326,-26.94676],[-49.13256,-26.9468],[-49.13252,-26.94686],[-49.13246,-26.94697],[-49.13245,-26.94703],[-49.13247,-26.9471],[-49.13256,-26.94722],[-49.13277,-26.9476],[-49.13313,-26.94795],[-49.13327,-26.94799],[-49.13337,-26.94805],[-49.13348,-26.94808],[-49.13363,-26.94808],[-49.13368,-26.94804],[-49.13375,-26.94807],[-49.13378,-26.94803],[-49.13398,-26.94806],[-49.13435,-26.94806],[-49.13451,-26.94808],[-49.13462,-26.94806],[-49.1347,-26.94805],[-49.135,-26.94798],[-49.13521,-26.94792],[-49.13533,-26.94787],[-49.1354,-26.94784],[-49.13551,-26.94779],[-49.13553,-26.94782],[-49.13557,-26.94782],[-49.13543,-26.94798],[-49.1353,-26.94806],[-49.13506,-26.94826],[-49.13509,-26.94832],[-49.13503,-26.94839],[-49.13489,-26.94847],[-49.13481,-26.94859],[-49.13469,-26.9487],[-49.1346,-26.94891],[-49.1346,-26.94897],[-49.13462,-26.94903],[-49.13472,-26.94918],[-49.1348,-26.94943],[-49.13489,-26.9495],[-49.13497,-26.94951],[-49.135,-26.94951],[-49.13504,-26.9495],[-49.13505,-26.9495],[-49.13521,-26.94948],[-49.13523,-26.9495],[-49.13535,-26.94955],[-49.13537,-26.94963],[-49.13531,-26.94981],[-49.1353,-26.95026],[-49.13524,-26.95047],[-49.1352,-26.95077],[-49.1352,-26.95084],[-49.13517,-26.95099],[-49.13538,-26.95096],[-49.13566,-26.95099],[-49.13588,-26.95099],[-49.13622,-26.95093],[-49.13643,-26.95089],[-49.13652,-26.95085],[-49.13665,-26.9507],[-49.13692,-26.95028],[-49.13708,-26.9501],[-49.13725,-26.94999],[-49.13729,-26.95015],[-49.13738,-26.95032],[-49.13747,-26.9504],[-49.13758,-26.95045],[-49.1377,-26.9505],[-49.13787,-26.95052],[-49.13833,-26.9505],[-49.1384,-26.9505],[-49.13876,-26.95046],[-49.1389,-26.95043],[-49.139,-26.95038],[-49.13914,-26.95028],[-49.13943,-26.95],[-49.13944,-26.95004],[-49.13934,-26.95024],[-49.13925,-26.95049],[-49.13921,-26.95057],[-49.13926,-26.95062],[-49.13935,-26.95063],[-49.13942,-26.95063],[-49.13963,-26.95067],[-49.13977,-26.95076],[-49.13987,-26.95086],[-49.13988,-26.951],[-49.13991,-26.9511],[-49.13995,-26.95114],[-49.14004,-26.95116],[-49.14012,-26.95114],[-49.14035,-26.95103],[-49.1406,-26.95087],[-49.14081,-26.95069],[-49.14081,-26.95093],[-49.14087,-26.95115],[-49.14109,-26.95141],[-49.1413,-26.95183],[-49.14136,-26.95188],[-49.14142,-26.95191],[-49.1415,-26.9519],[-49.14155,-26.95186],[-49.14168,-26.95163],[-49.14175,-26.95156],[-49.14189,-26.95146],[-49.14194,-26.95135],[-49.14201,-26.95128],[-49.14213,-26.9512],[-49.14226,-26.95117],[-49.14239,-26.95115],[-49.1428,-26.95113],[-49.14301,-26.95108],[-49.14315,-26.95107],[-49.1431,-26.95117],[-49.14309,-26.95123],[-49.14312,-26.95129],[-49.14316,-26.95133],[-49.14325,-26.95138],[-49.14343,-26.95141],[-49.14352,-26.95151],[-49.14358,-26.95148],[-49.14379,-26.95171],[-49.14384,-26.9517],[-49.14387,-26.95173],[-49.14393,-26.95168],[-49.14402,-26.95153],[-49.14413,-26.95141],[-49.14419,-26.95136],[-49.14431,-26.95133],[-49.14438,-26.95134],[-49.14462,-26.95128],[-49.14457,-26.95132],[-49.14437,-26.9514],[-49.14442,-26.95151],[-49.14441,-26.95165],[-49.14435,-26.95179],[-49.14435,-26.95189],[-49.14434,-26.95193],[-49.14441,-26.95196],[-49.14434,-26.95212],[-49.14419,-26.95227],[-49.14412,-26.95237],[-49.14411,-26.95241],[-49.14402,-26.95241],[-49.14401,-26.95232],[-49.14399,-26.9523],[-49.14386,-26.95233],[-49.14385,-26.9524],[-49.14387,-26.95252],[-49.14393,-26.95257],[-49.14402,-26.95256],[-49.14433,-26.95283],[-49.14468,-26.95306],[-49.14497,-26.95313],[-49.14504,-26.9532],[-49.14505,-26.95324],[-49.14503,-26.95335],[-49.14504,-26.95339],[-49.14518,-26.95349],[-49.14521,-26.95354],[-49.14521,-26.95358],[-49.1452,-26.95364],[-49.14519,-26.95369],[-49.14518,-26.95373],[-49.14517,-26.95379],[-49.14506,-26.95393],[-49.14506,-26.95397],[-49.14508,-26.95401],[-49.14515,-26.95402],[-49.14525,-26.954],[-49.14534,-26.95391],[-49.14536,-26.95393],[-49.14534,-26.95401],[-49.14529,-26.95409],[-49.1453,-26.95415],[-49.14536,-26.95417],[-49.14568,-26.95414],[-49.14559,-26.95421],[-49.14559,-26.95425],[-49.14564,-26.95431],[-49.14571,-26.95435],[-49.14582,-26.95435],[-49.14603,-26.95429],[-49.1461,-26.95429],[-49.14616,-26.95431],[-49.14621,-26.95436],[-49.14623,-26.95443],[-49.14623,-26.95451],[-49.14617,-26.95462],[-49.14617,-26.9547],[-49.14621,-26.95473],[-49.14638,-26.95476],[-49.14632,-26.95478],[-49.14617,-26.95479],[-49.14612,-26.95476],[-49.14608,-26.95467],[-49.14609,-26.95463],[-49.14613,-26.95454],[-49.14613,-26.9545],[-49.14612,-26.95446],[-49.14607,-26.95443],[-49.14601,-26.95441],[-49.14591,-26.95441],[-49.1457,-26.9545],[-49.14565,-26.9545],[-49.14562,-26.95448],[-49.14559,-26.9544],[-49.14556,-26.95438],[-49.14545,-26.95429],[-49.14533,-26.9543],[-49.14529,-26.95432],[-49.1453,-26.95435],[-49.14535,-26.95438],[-49.14533,-26.95442],[-49.14538,-26.95454],[-49.14539,-26.95473],[-49.14533,-26.95483],[-49.14522,-26.95492],[-49.14503,-26.955],[-49.14447,-26.9551],[-49.14436,-26.95515],[-49.14433,-26.95529],[-49.1444,-26.95539],[-49.14453,-26.95546],[-49.14486,-26.95558],[-49.14503,-26.95567],[-49.14508,-26.95573],[-49.14505,-26.95572],[-49.14505,-26.95574],[-49.14488,-26.9557],[-49.1447,-26.95568],[-49.14456,-26.95571],[-49.14446,-26.95578],[-49.14438,-26.95585],[-49.14437,-26.9559],[-49.1444,-26.95612],[-49.14433,-26.95612],[-49.14431,-26.95606],[-49.14427,-26.956],[-49.14417,-26.95594],[-49.14398,-26.95591],[-49.14392,-26.95592],[-49.14391,-26.95597],[-49.14398,-26.95607],[-49.14389,-26.9561],[-49.14373,-26.95602],[-49.14363,-26.95592],[-49.14359,-26.95591],[-49.14352,-26.95588],[-49.14335,-26.95581],[-49.14335,-26.9558],[-49.14316,-26.95578],[-49.14297,-26.95581],[-49.14296,-26.95578],[-49.14277,-26.95581],[-49.14261,-26.95587],[-49.1426,-26.95587],[-49.14256,-26.95591],[-49.14252,-26.95597],[-49.14251,-26.95601],[-49.14256,-26.95602],[-49.1426,-26.95618],[-49.14281,-26.95643],[-49.14296,-26.95659],[-49.14297,-26.9566],[-49.14298,-26.95663],[-49.14299,-26.9567],[-49.14296,-26.95679],[-49.14293,-26.95682],[-49.14281,-26.95689],[-49.1427,-26.95691],[-49.14267,-26.9568],[-49.14251,-26.9568],[-49.1423,-26.95677],[-49.14218,-26.95678],[-49.14214,-26.95677],[-49.1421,-26.95673],[-49.14206,-26.95673],[-49.14203,-26.95675],[-49.14209,-26.95691],[-49.14202,-26.95692],[-49.14195,-26.95685],[-49.14194,-26.95679],[-49.14191,-26.95679],[-49.14196,-26.9567],[-49.14201,-26.95667],[-49.14211,-26.95667],[-49.14231,-26.95668],[-49.14239,-26.95668],[-49.14268,-26.95669],[-49.14272,-26.95668],[-49.14275,-26.95665],[-49.14269,-26.95655],[-49.14252,-26.95642],[-49.1424,-26.95634],[-49.14234,-26.95622],[-49.14232,-26.95614],[-49.14233,-26.95597],[-49.14235,-26.95591],[-49.14244,-26.95583],[-49.14272,-26.95568],[-49.1428,-26.95566],[-49.14323,-26.95558],[-49.14338,-26.95557],[-49.14373,-26.95564],[-49.14385,-26.95565],[-49.14395,-26.95562],[-49.14399,-26.95558],[-49.144,-26.95553],[-49.14399,-26.95549],[-49.14389,-26.95531],[-49.14387,-26.9552],[-49.14387,-26.95515],[-49.14389,-26.95503],[-49.14395,-26.95491],[-49.14402,-26.95486],[-49.14417,-26.95482],[-49.14418,-26.95481],[-49.14426,-26.95479],[-49.14427,-26.95479],[-49.14448,-26.95476],[-49.14471,-26.95469],[-49.14475,-26.95466],[-49.14479,-26.95457],[-49.14478,-26.95451],[-49.14475,-26.95447],[-49.14456,-26.95429],[-49.14448,-26.95417],[-49.1444,-26.95401],[-49.14428,-26.95383],[-49.14426,-26.95379],[-49.1441,-26.95354],[-49.14399,-26.95348],[-49.14376,-26.95326],[-49.14368,-26.9532],[-49.14359,-26.95319],[-49.14347,-26.95312],[-49.14328,-26.95295],[-49.14321,-26.95282],[-49.14315,-26.9528],[-49.14301,-26.9528],[-49.14292,-26.95279],[-49.14287,-26.95276],[-49.14279,-26.9526],[-49.14275,-26.95258],[-49.1427,-26.95259],[-49.14262,-26.95244],[-49.14258,-26.95239],[-49.14253,-26.95237],[-49.14247,-26.95236],[-49.14241,-26.95238],[-49.14235,-26.95238],[-49.14233,-26.95241],[-49.14235,-26.95245],[-49.14238,-26.95249],[-49.14238,-26.95257],[-49.14246,-26.9528],[-49.14246,-26.9529],[-49.14243,-26.95294],[-49.14233,-26.95293],[-49.14222,-26.95296],[-49.14212,-26.95293],[-49.14194,-26.9529],[-49.14177,-26.95297],[-49.14154,-26.953],[-49.14152,-26.95294],[-49.14136,-26.95293],[-49.14126,-26.95291],[-49.14128,-26.95292],[-49.14126,-26.95295],[-49.14124,-26.95299],[-49.14091,-26.95291],[-49.14085,-26.95288],[-49.14079,-26.95281],[-49.14072,-26.95265],[-49.14067,-26.95259],[-49.14061,-26.95257],[-49.14055,-26.95257],[-49.14044,-26.95267],[-49.14028,-26.95276],[-49.14013,-26.95283],[-49.14005,-26.95284],[-49.13994,-26.95285],[-49.13988,-26.95287],[-49.1398,-26.95296],[-49.13973,-26.95307],[-49.13967,-26.9531],[-49.13955,-26.95307],[-49.13947,-26.95308],[-49.13941,-26.95305],[-49.13933,-26.95294],[-49.13927,-26.95292],[-49.13923,-26.95293],[-49.1392,-26.95296],[-49.13912,-26.95314],[-49.13893,-26.95334],[-49.13891,-26.95325],[-49.13886,-26.95318],[-49.1387,-26.95295],[-49.13868,-26.9529],[-49.13865,-26.95247],[-49.13863,-26.95237],[-49.13859,-26.95232],[-49.1385,-26.95228],[-49.13839,-26.95214],[-49.13815,-26.95202],[-49.13808,-26.95199],[-49.1379,-26.95195],[-49.13771,-26.95196],[-49.1372,-26.95211],[-49.13696,-26.95213],[-49.13685,-26.95218],[-49.13679,-26.95225],[-49.13677,-26.95232],[-49.13678,-26.95237],[-49.13692,-26.95259],[-49.13692,-26.95285],[-49.1369,-26.95287],[-49.13663,-26.95275],[-49.13645,-26.95272],[-49.13621,-26.95289],[-49.13616,-26.95299],[-49.1361,-26.9532],[-49.13607,-26.95325],[-49.13603,-26.95329],[-49.13599,-26.95323],[-49.13595,-26.95313],[-49.13598,-26.9527],[-49.13597,-26.95259],[-49.13592,-26.9525],[-49.13583,-26.95244],[-49.13571,-26.95238],[-49.13558,-26.95242],[-49.13556,-26.95239],[-49.1355,-26.9524],[-49.13516,-26.95259],[-49.13494,-26.9527],[-49.13483,-26.95274],[-49.13449,-26.95284],[-49.1344,-26.95291],[-49.13436,-26.95301],[-49.13434,-26.9531],[-49.13422,-26.95308],[-49.1341,-26.95309],[-49.13405,-26.9531],[-49.134,-26.95313],[-49.13385,-26.95343],[-49.13382,-26.95347],[-49.13379,-26.95348],[-49.13371,-26.95345],[-49.13352,-26.95332],[-49.13341,-26.95311],[-49.1334,-26.9531],[-49.13325,-26.95297],[-49.13292,-26.9528],[-49.13275,-26.95264],[-49.13261,-26.9526],[-49.13258,-26.9526],[-49.1325,-26.95261],[-49.1324,-26.95264],[-49.13229,-26.95268],[-49.1322,-26.95275],[-49.13213,-26.95284],[-49.13204,-26.95305],[-49.13199,-26.9531],[-49.13194,-26.95308],[-49.13166,-26.95314],[-49.13148,-26.95323],[-49.13141,-26.95329],[-49.13139,-26.95333],[-49.13134,-26.95364],[-49.13133,-26.95369],[-49.13131,-26.95386],[-49.13133,-26.95397],[-49.13137,-26.95409],[-49.13136,-26.95424],[-49.13134,-26.95429],[-49.13129,-26.95435],[-49.13118,-26.95443],[-49.13103,-26.95451],[-49.13099,-26.95455],[-49.13092,-26.95464],[-49.13087,-26.95474],[-49.13076,-26.95521],[-49.13076,-26.95537],[-49.13078,-26.95545],[-49.13076,-26.9557],[-49.13074,-26.95577],[-49.13074,-26.95584],[-49.13077,-26.95608],[-49.13076,-26.95627],[-49.13081,-26.95633],[-49.13092,-26.95636],[-49.131,-26.95654],[-49.13101,-26.95662],[-49.13141,-26.9565],[-49.13172,-26.95648],[-49.13175,-26.95651],[-49.13172,-26.95653],[-49.13172,-26.95662],[-49.13181,-26.95691],[-49.13188,-26.95695],[-49.13215,-26.95697],[-49.13221,-26.95701],[-49.13224,-26.95712],[-49.1322,-26.95719],[-49.13212,-26.95727],[-49.13211,-26.9573],[-49.13215,-26.95737],[-49.13233,-26.95752],[-49.13237,-26.95763],[-49.13243,-26.95768],[-49.13261,-26.95776],[-49.13283,-26.95788],[-49.13291,-26.9579],[-49.13305,-26.9579],[-49.13311,-26.95797],[-49.13316,-26.95811],[-49.13304,-26.95813],[-49.13296,-26.95816],[-49.13279,-26.95827],[-49.13268,-26.95832],[-49.13249,-26.95836],[-49.13238,-26.95846],[-49.13236,-26.95853],[-49.13237,-26.95864],[-49.13242,-26.95871],[-49.13254,-26.95879],[-49.1325,-26.95882],[-49.13246,-26.95887],[-49.13243,-26.95901],[-49.13244,-26.95908],[-49.13249,-26.95915],[-49.13231,-26.95933],[-49.13229,-26.95939],[-49.1323,-26.95946],[-49.13246,-26.95968],[-49.13271,-26.95982],[-49.1328,-26.95989],[-49.13288,-26.96002],[-49.13294,-26.96007],[-49.13286,-26.96008],[-49.13265,-26.96006],[-49.1325,-26.96008],[-49.13243,-26.96011],[-49.1324,-26.96015],[-49.13237,-26.96029],[-49.13231,-26.96043],[-49.13218,-26.96057],[-49.13214,-26.96066],[-49.13213,-26.9607],[-49.13211,-26.96078],[-49.13212,-26.96085],[-49.13215,-26.96088],[-49.1322,-26.96089],[-49.13228,-26.96106],[-49.13222,-26.96109],[-49.13221,-26.96113],[-49.13217,-26.9615],[-49.13213,-26.96156],[-49.13203,-26.96168],[-49.13194,-26.96175],[-49.1319,-26.96186],[-49.1319,-26.96194],[-49.13203,-26.96211],[-49.13218,-26.96222],[-49.13319,-26.96272],[-49.13284,-26.96268],[-49.1328,-26.96267],[-49.13258,-26.96267],[-49.13253,-26.96268],[-49.13251,-26.9627],[-49.13242,-26.96269],[-49.1324,-26.96272],[-49.13203,-26.96268],[-49.13171,-26.96273],[-49.13168,-26.96276],[-49.13145,-26.96286],[-49.1313,-26.96304],[-49.1313,-26.96308],[-49.13134,-26.96317],[-49.13121,-26.96317],[-49.13115,-26.96322],[-49.13109,-26.96327],[-49.13098,-26.96344],[-49.13096,-26.96339],[-49.13086,-26.96337],[-49.13084,-26.96343],[-49.13064,-26.96342],[-49.13057,-26.96354],[-49.13053,-26.96355],[-49.13047,-26.96356],[-49.1304,-26.96391],[-49.13039,-26.96414],[-49.13034,-26.96436],[-49.13031,-26.96447],[-49.1302,-26.96471],[-49.13016,-26.96478],[-49.13013,-26.96482],[-49.13005,-26.96488],[-49.12964,-26.96519],[-49.12953,-26.96529],[-49.12948,-26.96534],[-49.12939,-26.96545],[-49.12935,-26.96563],[-49.12936,-26.96578],[-49.12942,-26.96588],[-49.12931,-26.96595],[-49.12922,-26.96603],[-49.12916,-26.96607],[-49.12911,-26.96613],[-49.12907,-26.96612],[-49.12906,-26.96611],[-49.129,-26.96606],[-49.12895,-26.96604],[-49.1289,-26.96595],[-49.12887,-26.96588],[-49.12885,-26.96571],[-49.12883,-26.96569],[-49.12885,-26.96568],[-49.12903,-26.96539],[-49.12925,-26.96516],[-49.12931,-26.96511],[-49.12949,-26.96497],[-49.12977,-26.96463],[-49.12984,-26.96449],[-49.12988,-26.96426],[-49.12985,-26.96374],[-49.12981,-26.96358],[-49.12979,-26.96336],[-49.12976,-26.96321],[-49.12974,-26.96319],[-49.12977,-26.96314],[-49.12975,-26.96308],[-49.12945,-26.96288],[-49.12926,-26.96286],[-49.12914,-26.9629],[-49.12909,-26.96286],[-49.12898,-26.9629],[-49.12904,-26.96267],[-49.12904,-26.96258],[-49.12882,-26.96241],[-49.12907,-26.96238],[-49.12943,-26.96244],[-49.12956,-26.96243],[-49.12964,-26.96241],[-49.12967,-26.9624],[-49.12978,-26.96229],[-49.12996,-26.96196],[-49.13002,-26.96191],[-49.13007,-26.96189],[-49.13014,-26.96188],[-49.1303,-26.96189],[-49.13051,-26.96193],[-49.13067,-26.9619],[-49.13082,-26.96178],[-49.13083,-26.96174],[-49.13088,-26.96169],[-49.13102,-26.96162],[-49.13115,-26.9615],[-49.13117,-26.96149],[-49.13135,-26.96133],[-49.13143,-26.96128],[-49.13144,-26.96124],[-49.13144,-26.96118],[-49.13138,-26.96089],[-49.13137,-26.96074],[-49.13139,-26.96062],[-49.13152,-26.96025],[-49.13152,-26.96024],[-49.13148,-26.96023],[-49.13146,-26.96013],[-49.13138,-26.96004],[-49.13127,-26.95998],[-49.13116,-26.95985],[-49.13092,-26.95972],[-49.13082,-26.95965],[-49.1308,-26.95962],[-49.13076,-26.95948],[-49.13072,-26.95942],[-49.13064,-26.95939],[-49.13056,-26.95939],[-49.13023,-26.95944],[-49.12997,-26.95942],[-49.12989,-26.95941],[-49.12982,-26.95941],[-49.12974,-26.95943],[-49.12973,-26.95946],[-49.12963,-26.9595],[-49.12963,-26.95952],[-49.12941,-26.95955],[-49.12937,-26.95955],[-49.12937,-26.95948],[-49.1293,-26.95942],[-49.12929,-26.95937],[-49.1293,-26.95933],[-49.1295,-26.95922],[-49.12951,-26.95916],[-49.12954,-26.95915],[-49.12958,-26.9591],[-49.12961,-26.95908],[-49.12973,-26.95907],[-49.12975,-26.95904],[-49.12984,-26.95904],[-49.12986,-26.95906],[-49.12993,-26.95905],[-49.12999,-26.9589],[-49.13002,-26.95887],[-49.13009,-26.95884],[-49.13026,-26.95883],[-49.13034,-26.95881],[-49.1304,-26.95875],[-49.13043,-26.95868],[-49.13045,-26.95847],[-49.13041,-26.95828],[-49.13038,-26.95776],[-49.1304,-26.95765],[-49.13045,-26.95755],[-49.13046,-26.95748],[-49.13044,-26.95737],[-49.13039,-26.95727],[-49.13038,-26.9572],[-49.13038,-26.95705],[-49.13035,-26.95694],[-49.13026,-26.95672],[-49.13006,-26.95652],[-49.1299,-26.95631],[-49.12987,-26.95625],[-49.12983,-26.95614],[-49.12986,-26.95582],[-49.12986,-26.95544],[-49.13,-26.95503],[-49.13007,-26.95465],[-49.13015,-26.95449],[-49.13011,-26.95445],[-49.13014,-26.95438],[-49.13006,-26.95434],[-49.12986,-26.95433],[-49.12982,-26.95433],[-49.12981,-26.95437],[-49.12957,-26.95439],[-49.12935,-26.95443],[-49.12933,-26.95435],[-49.1293,-26.95435],[-49.12929,-26.9543],[-49.12943,-26.95423],[-49.12944,-26.9542],[-49.12943,-26.95416],[-49.12959,-26.95403],[-49.12969,-26.95403],[-49.12973,-26.954],[-49.12979,-26.95403],[-49.12991,-26.95396],[-49.12999,-26.95395],[-49.13015,-26.95391],[-49.1302,-26.95386],[-49.13031,-26.95369],[-49.1304,-26.95352],[-49.1305,-26.95342],[-49.13065,-26.95319],[-49.13078,-26.95294],[-49.13082,-26.95275],[-49.13089,-26.95249],[-49.13098,-26.95199],[-49.13101,-26.95188],[-49.13107,-26.95177],[-49.13106,-26.95161],[-49.13094,-26.9515],[-49.13089,-26.95149],[-49.13085,-26.95151],[-49.13082,-26.95152],[-49.13069,-26.9517],[-49.13055,-26.9518],[-49.13044,-26.95184],[-49.13039,-26.95185],[-49.13036,-26.95184],[-49.13033,-26.95181],[-49.13031,-26.95176],[-49.13029,-26.95172],[-49.13029,-26.95156],[-49.13032,-26.95104],[-49.1303,-26.95078],[-49.13018,-26.9508],[-49.13014,-26.95072],[-49.13003,-26.95075],[-49.12997,-26.95078],[-49.1299,-26.95081],[-49.12969,-26.95087],[-49.12962,-26.95092],[-49.12961,-26.95095],[-49.12958,-26.95095],[-49.12954,-26.95092],[-49.12951,-26.95093],[-49.12938,-26.95098],[-49.12906,-26.95107],[-49.12894,-26.95107],[-49.12904,-26.95092],[-49.12912,-26.95084],[-49.12923,-26.95078],[-49.12935,-26.95076],[-49.12942,-26.95071],[-49.12946,-26.95062],[-49.12949,-26.95047],[-49.12955,-26.95044],[-49.12966,-26.95043],[-49.1297,-26.95041],[-49.12979,-26.95034],[-49.12988,-26.95022],[-49.12993,-26.95008],[-49.12996,-26.94989],[-49.12995,-26.94966],[-49.12996,-26.9494],[-49.12995,-26.94928],[-49.12984,-26.94907],[-49.12978,-26.94902],[-49.12966,-26.94901],[-49.12923,-26.94902],[-49.12911,-26.94898],[-49.12901,-26.94891],[-49.12889,-26.9487],[-49.12886,-26.94829],[-49.12881,-26.94816],[-49.12879,-26.94812],[-49.12869,-26.94802],[-49.12858,-26.94798],[-49.12854,-26.94796],[-49.12854,-26.94789],[-49.12855,-26.94782],[-49.12845,-26.94781],[-49.12834,-26.94782],[-49.12816,-26.94789],[-49.12813,-26.9479],[-49.12803,-26.94795],[-49.12796,-26.94799],[-49.1279,-26.94803],[-49.12788,-26.94804],[-49.12786,-26.94805],[-49.12782,-26.94806],[-49.12778,-26.94808],[-49.12759,-26.94813],[-49.12758,-26.94813],[-49.12752,-26.94816],[-49.12741,-26.94822],[-49.12733,-26.94826],[-49.12715,-26.94834],[-49.12702,-26.94838],[-49.12692,-26.9484],[-49.12687,-26.94843],[-49.12683,-26.94845],[-49.12679,-26.9485],[-49.12676,-26.94855],[-49.12674,-26.94855],[-49.12669,-26.94852],[-49.12663,-26.94851],[-49.12657,-26.94849],[-49.12661,-26.94839],[-49.12664,-26.94834],[-49.12663,-26.9483],[-49.12664,-26.94818],[-49.12665,-26.94811],[-49.12667,-26.94787],[-49.12671,-26.94773],[-49.12678,-26.94756],[-49.12697,-26.94727],[-49.12703,-26.94714],[-49.12712,-26.94674],[-49.12726,-26.94644],[-49.12732,-26.94616],[-49.12731,-26.94591],[-49.12735,-26.94568],[-49.12755,-26.94516],[-49.12757,-26.94505],[-49.12756,-26.945],[-49.1275,-26.9449],[-49.12741,-26.94484],[-49.12723,-26.94479],[-49.12705,-26.94481],[-49.12673,-26.94494],[-49.12668,-26.94498],[-49.12654,-26.94515],[-49.12645,-26.94523],[-49.12633,-26.9453],[-49.12622,-26.94534],[-49.12625,-26.94524],[-49.12631,-26.94486],[-49.12635,-26.94471],[-49.12651,-26.94447],[-49.12663,-26.94423],[-49.12672,-26.94409],[-49.12677,-26.94399],[-49.12679,-26.94388],[-49.12676,-26.94367],[-49.12669,-26.94352],[-49.12662,-26.94343],[-49.12645,-26.94328],[-49.12625,-26.94316],[-49.12602,-26.94309],[-49.1259,-26.94309],[-49.12579,-26.94311],[-49.12556,-26.94318],[-49.12546,-26.94324],[-49.12534,-26.94336],[-49.12528,-26.94345],[-49.12514,-26.94381],[-49.12493,-26.94405],[-49.1248,-26.94414],[-49.12439,-26.94433],[-49.12421,-26.94433],[-49.124,-26.94432],[-49.12376,-26.94427],[-49.12363,-26.94417],[-49.12353,-26.94414],[-49.12344,-26.94414],[-49.1234,-26.94415],[-49.12325,-26.94429],[-49.12291,-26.94455],[-49.12295,-26.94444],[-49.1231,-26.94421],[-49.12316,-26.94407],[-49.1232,-26.94393],[-49.12319,-26.94381],[-49.12329,-26.94378],[-49.12344,-26.94377],[-49.12361,-26.94374],[-49.12366,-26.94373],[-49.12381,-26.9437],[-49.12384,-26.94368],[-49.12395,-26.94356],[-49.124,-26.94325],[-49.12424,-26.94293],[-49.12428,-26.94283],[-49.12431,-26.94267],[-49.1243,-26.94261],[-49.12428,-26.94257],[-49.12414,-26.94239],[-49.12409,-26.94236],[-49.12398,-26.94232],[-49.12343,-26.94233],[-49.12326,-26.94228],[-49.12302,-26.94225],[-49.12292,-26.94226],[-49.12271,-26.94234],[-49.12242,-26.94241],[-49.12241,-26.94231],[-49.12239,-26.94221],[-49.12232,-26.94208],[-49.1222,-26.94197],[-49.12216,-26.94191],[-49.12212,-26.94185],[-49.12195,-26.94167],[-49.12179,-26.94155],[-49.12164,-26.94148],[-49.1216,-26.94148],[-49.12144,-26.94152],[-49.12135,-26.94159],[-49.12124,-26.9417],[-49.12118,-26.94175],[-49.1211,-26.94171],[-49.12106,-26.94172],[-49.12088,-26.94181],[-49.1206,-26.94218],[-49.12041,-26.94237],[-49.12028,-26.94259],[-49.12026,-26.94263],[-49.12009,-26.94291],[-49.12006,-26.94295],[-49.12005,-26.94299],[-49.12,-26.94299],[-49.11984,-26.94314],[-49.11972,-26.9432],[-49.11979,-26.94304],[-49.11995,-26.94286],[-49.12,-26.94276],[-49.12011,-26.94252],[-49.12018,-26.94223],[-49.12017,-26.94204],[-49.12023,-26.94174],[-49.12029,-26.94165],[-49.12047,-26.94151],[-49.12056,-26.94146],[-49.12068,-26.94135],[-49.12076,-26.94122],[-49.12077,-26.94119],[-49.12074,-26.94116],[-49.12064,-26.94116],[-49.12019,-26.94107],[-49.12016,-26.94105],[-49.12004,-26.9409],[-49.11996,-26.94076],[-49.11961,-26.94044],[-49.11957,-26.94037],[-49.11979,-26.9404],[-49.11991,-26.94044],[-49.12007,-26.94045],[-49.1203,-26.94053],[-49.12066,-26.94062],[-49.1209,-26.94056],[-49.12117,-26.94045],[-49.12137,-26.94043],[-49.12145,-26.94043],[-49.12154,-26.94044],[-49.12161,-26.94048],[-49.12181,-26.94047],[-49.1219,-26.94045],[-49.12191,-26.94053],[-49.12193,-26.94056],[-49.12211,-26.94065],[-49.12236,-26.94065],[-49.12248,-26.94068],[-49.12271,-26.94079],[-49.12295,-26.9408],[-49.12311,-26.94075],[-49.12315,-26.94074],[-49.12323,-26.94071],[-49.12333,-26.94065],[-49.12342,-26.94062],[-49.12355,-26.94053],[-49.12371,-26.94047],[-49.12407,-26.9402],[-49.12422,-26.94014],[-49.12438,-26.9401],[-49.12449,-26.94006],[-49.12455,-26.94002],[-49.12465,-26.93993],[-49.12471,-26.93983],[-49.1248,-26.93958],[-49.12483,-26.93943],[-49.12486,-26.9391],[-49.12483,-26.93882],[-49.12473,-26.93852],[-49.12489,-26.93853],[-49.12498,-26.93852],[-49.12516,-26.93843],[-49.12522,-26.93837],[-49.12529,-26.93823],[-49.12536,-26.93815],[-49.12539,-26.93811],[-49.1254,-26.93807],[-49.12538,-26.938],[-49.1252,-26.93779],[-49.12506,-26.93748],[-49.12495,-26.93735],[-49.12507,-26.93735],[-49.12532,-26.93741],[-49.12544,-26.93741],[-49.12558,-26.93737],[-49.12569,-26.93735],[-49.12588,-26.93732],[-49.1259,-26.93735],[-49.126,-26.93728],[-49.12609,-26.9373],[-49.12613,-26.93728],[-49.12618,-26.93722],[-49.1262,-26.93714],[-49.12622,-26.93711],[-49.12625,-26.93711],[-49.12637,-26.93692],[-49.12643,-26.9369],[-49.12644,-26.93685],[-49.1265,-26.93679],[-49.12655,-26.9367],[-49.1266,-26.93668],[-49.1266,-26.93662],[-49.1266,-26.93659],[-49.12665,-26.93655],[-49.127,-26.93643],[-49.12723,-26.93633],[-49.12735,-26.93623],[-49.12741,-26.93608],[-49.12739,-26.93597],[-49.12726,-26.93578],[-49.1271,-26.93547],[-49.12697,-26.93507],[-49.12679,-26.9348],[-49.12696,-26.93472],[-49.12712,-26.93468],[-49.12729,-26.93466],[-49.1275,-26.93467],[-49.12779,-26.9346]]]}},{"type":"Feature","properties":{"bairro":"JARDIM BLUMENAU","codigo":"9"},"geometry":{"type":"Polygon","coordinates":[[[-49.0697,-26.93231],[-49.06942,-26.93233],[-49.06925,-26.93228],[-49.06913,-26.9322],[-49.06909,-26.93217],[-49.06895,-26.9321],[-49.06881,-26.93191],[-49.06875,-26.93193],[-49.06865,-26.93182],[-49.06849,-26.93165],[-49.06837,-26.93157],[-49.0683,-26.93166],[-49.06817,-26.93159],[-49.0681,-26.93168],[-49.0681,-26.93172],[-49.06807,-26.93176],[-49.06805,-26.93179],[-49.06801,-26.93176],[-49.068,-26.93175],[-49.06796,-26.93181],[-49.06806,-26.93188],[-49.06814,-26.93189],[-49.06817,-26.9319],[-49.06818,-26.93194],[-49.06821,-26.93196],[-49.06843,-26.93203],[-49.06856,-26.93212],[-49.06868,-26.93233],[-49.06869,-26.93254],[-49.06866,-26.93274],[-49.06868,-26.93278],[-49.06874,-26.93283],[-49.06871,-26.93287],[-49.06857,-26.93296],[-49.06852,-26.93312],[-49.06851,-26.93321],[-49.06843,-26.93328],[-49.06842,-26.93329],[-49.0683,-26.93342],[-49.0683,-26.93345],[-49.06822,-26.93354],[-49.06806,-26.93377],[-49.06783,-26.93403],[-49.06763,-26.93411],[-49.06755,-26.93412],[-49.06717,-26.93413],[-49.06671,-26.93418],[-49.0665,-26.93421],[-49.06629,-26.93428],[-49.06595,-26.93432],[-49.06578,-26.93431],[-49.06557,-26.93424],[-49.0655,-26.93419],[-49.06547,-26.93416],[-49.06543,-26.93416],[-49.0654,-26.93419],[-49.06532,-26.93425],[-49.06529,-26.93427],[-49.06515,-26.93439],[-49.06489,-26.93404],[-49.06486,-26.93397],[-49.06483,-26.93381],[-49.06472,-26.93369],[-49.0646,-26.93347],[-49.06446,-26.93325],[-49.06442,-26.9332],[-49.06433,-26.93292],[-49.06422,-26.93271],[-49.0642,-26.93268],[-49.06394,-26.93234],[-49.06392,-26.9323],[-49.06357,-26.93219],[-49.0635,-26.93215],[-49.0634,-26.93205],[-49.06335,-26.93203],[-49.06222,-26.93198],[-49.06234,-26.93182],[-49.06262,-26.9313],[-49.06241,-26.93114],[-49.06201,-26.93076],[-49.06186,-26.93056],[-49.06169,-26.93042],[-49.06149,-26.9302],[-49.06135,-26.93004],[-49.06117,-26.92985],[-49.06073,-26.92931],[-49.06035,-26.92892],[-49.06026,-26.92883],[-49.06011,-26.92859],[-49.05997,-26.92789],[-49.0599,-26.92764],[-49.05979,-26.92744],[-49.05946,-26.92658],[-49.05937,-26.92625],[-49.05942,-26.92587],[-49.05943,-26.9255],[-49.05942,-26.92541],[-49.05935,-26.92527],[-49.05983,-26.92519],[-49.05992,-26.92518],[-49.06019,-26.92512],[-49.06027,-26.9251],[-49.06045,-26.92506],[-49.06056,-26.92503],[-49.0611,-26.92491],[-49.06119,-26.92489],[-49.06141,-26.92484],[-49.06154,-26.92482],[-49.06205,-26.9247],[-49.0621,-26.92469],[-49.06224,-26.92465],[-49.06238,-26.92463],[-49.0626,-26.92458],[-49.06268,-26.92456],[-49.06285,-26.92452],[-49.06334,-26.92431],[-49.0634,-26.92428],[-49.06399,-26.92402],[-49.06406,-26.92399],[-49.06414,-26.92396],[-49.06421,-26.92393],[-49.06446,-26.92382],[-49.06445,-26.92388],[-49.06459,-26.92415],[-49.06462,-26.92421],[-49.06475,-26.92445],[-49.06478,-26.92449],[-49.06489,-26.92471],[-49.06492,-26.92476],[-49.06498,-26.92486],[-49.065,-26.92491],[-49.06531,-26.92548],[-49.06532,-26.9255],[-49.0655,-26.92582],[-49.06556,-26.92593],[-49.06573,-26.92623],[-49.06574,-26.92626],[-49.06576,-26.92629],[-49.06577,-26.92632],[-49.06579,-26.92635],[-49.0658,-26.92636],[-49.06606,-26.92683],[-49.06613,-26.92696],[-49.06627,-26.92721],[-49.0664,-26.92762],[-49.06642,-26.9277],[-49.06643,-26.92777],[-49.06645,-26.92787],[-49.0665,-26.92793],[-49.06658,-26.92806],[-49.06679,-26.92836],[-49.06686,-26.92841],[-49.06724,-26.92869],[-49.06728,-26.92872],[-49.06746,-26.92883],[-49.06752,-26.92887],[-49.06775,-26.92902],[-49.06783,-26.92907],[-49.06794,-26.92931],[-49.06799,-26.92942],[-49.06804,-26.92956],[-49.06807,-26.9296],[-49.06835,-26.92982],[-49.06838,-26.92985],[-49.0685,-26.93001],[-49.06852,-26.93005],[-49.06866,-26.93028],[-49.06868,-26.93031],[-49.06878,-26.93044],[-49.06935,-26.93151],[-49.06947,-26.93171],[-49.06966,-26.93213],[-49.0697,-26.93224],[-49.0697,-26.93231]]]}},{"type":"Feature","properties":{"bairro":"DA GLORIA","codigo":"5"},"geometry":{"type":"Polygon","coordinates":[[[-49.05618,-26.95918],[-49.05612,-26.95899],[-49.05642,-26.95912],[-49.05674,-26.95921],[-49.05694,-26.95917],[-49.05707,-26.95918],[-49.05745,-26.95938],[-49.05764,-26.9595],[-49.05769,-26.95953],[-49.05788,-26.95964],[-49.05817,-26.95973],[-49.05822,-26.95981],[-49.05831,-26.96006],[-49.0584,-26.96047],[-49.05846,-26.96058],[-49.05853,-26.96063],[-49.05869,-26.96062],[-49.05882,-26.96063],[-49.05893,-26.96067],[-49.05898,-26.9607],[-49.0591,-26.96075],[-49.05931,-26.96089],[-49.05951,-26.9611],[-49.05967,-26.96124],[-49.0599,-26.96133],[-49.06026,-26.96143],[-49.06036,-26.96151],[-49.06048,-26.96166],[-49.06059,-26.96175],[-49.06065,-26.96185],[-49.06082,-26.96207],[-49.06092,-26.96215],[-49.06116,-26.96227],[-49.06133,-26.96229],[-49.06167,-26.96224],[-49.06217,-26.96207],[-49.06235,-26.96205],[-49.06293,-26.96205],[-49.06323,-26.962],[-49.06339,-26.96193],[-49.06375,-26.96172],[-49.06392,-26.96169],[-49.06414,-26.96167],[-49.0643,-26.96162],[-49.0646,-26.96162],[-49.06468,-26.96161],[-49.06474,-26.96156],[-49.06478,-26.96149],[-49.06478,-26.96147],[-49.06556,-26.96198],[-49.06566,-26.96205],[-49.06574,-26.96207],[-49.06579,-26.96207],[-49.06581,-26.96206],[-49.06596,-26.96206],[-49.06602,-26.96204],[-49.06617,-26.96201],[-49.06619,-26.96201],[-49.06617,-26.96231],[-49.06618,-26.9626],[-49.06616,-26.96269],[-49.06615,-26.96273],[-49.06606,-26.96311],[-49.06594,-26.96326],[-49.06575,-26.96343],[-49.06567,-26.96359],[-49.06564,-26.96376],[-49.06568,-26.96389],[-49.06569,-26.96393],[-49.06577,-26.96408],[-49.06583,-26.96413],[-49.06606,-26.96415],[-49.06624,-26.96414],[-49.0663,-26.96416],[-49.06634,-26.96417],[-49.0664,-26.96424],[-49.06649,-26.96447],[-49.06648,-26.96448],[-49.06645,-26.96455],[-49.06642,-26.96488],[-49.06642,-26.96492],[-49.06643,-26.96505],[-49.06645,-26.96511],[-49.06658,-26.96527],[-49.0667,-26.96536],[-49.06668,-26.96538],[-49.06655,-26.96542],[-49.06644,-26.96548],[-49.06631,-26.96564],[-49.0662,-26.96582],[-49.06619,-26.96584],[-49.06617,-26.96588],[-49.06607,-26.96594],[-49.06598,-26.96603],[-49.06583,-26.96626],[-49.06559,-26.96641],[-49.06552,-26.9665],[-49.0655,-26.96657],[-49.0655,-26.96672],[-49.06552,-26.96687],[-49.06556,-26.96692],[-49.06559,-26.96696],[-49.06565,-26.96701],[-49.06574,-26.96704],[-49.06593,-26.96698],[-49.06609,-26.96692],[-49.06621,-26.96691],[-49.06634,-26.96693],[-49.06642,-26.96696],[-49.06648,-26.96701],[-49.06651,-26.96708],[-49.06652,-26.96714],[-49.06651,-26.96719],[-49.06645,-26.96721],[-49.06643,-26.96727],[-49.06641,-26.96753],[-49.06642,-26.96764],[-49.06652,-26.96788],[-49.06651,-26.96794],[-49.06644,-26.96798],[-49.06627,-26.96802],[-49.06595,-26.96805],[-49.06591,-26.96806],[-49.06573,-26.9681],[-49.06558,-26.96818],[-49.06546,-26.96833],[-49.06539,-26.96863],[-49.06538,-26.96865],[-49.06538,-26.9687],[-49.06538,-26.96878],[-49.0654,-26.96882],[-49.06559,-26.96899],[-49.06573,-26.96908],[-49.06579,-26.96912],[-49.06585,-26.96916],[-49.06593,-26.96922],[-49.066,-26.96929],[-49.06603,-26.96931],[-49.06606,-26.96932],[-49.06611,-26.96931],[-49.06617,-26.96929],[-49.06625,-26.96924],[-49.06628,-26.9692],[-49.06634,-26.9692],[-49.0664,-26.9692],[-49.06644,-26.96922],[-49.06648,-26.96925],[-49.06651,-26.9693],[-49.06653,-26.96934],[-49.0665,-26.96934],[-49.06649,-26.96938],[-49.06646,-26.96944],[-49.06644,-26.96948],[-49.06644,-26.96952],[-49.06644,-26.96955],[-49.06645,-26.96959],[-49.06647,-26.96962],[-49.0665,-26.96964],[-49.06653,-26.96967],[-49.06656,-26.96974],[-49.06663,-26.96983],[-49.06665,-26.96987],[-49.06666,-26.96991],[-49.06667,-26.96998],[-49.06667,-26.97006],[-49.06667,-26.97013],[-49.06667,-26.97017],[-49.06666,-26.97021],[-49.06662,-26.97027],[-49.06661,-26.97031],[-49.0666,-26.97035],[-49.0666,-26.97039],[-49.06661,-26.97042],[-49.06662,-26.97046],[-49.06664,-26.97049],[-49.06667,-26.97052],[-49.0667,-26.97055],[-49.06672,-26.97057],[-49.06674,-26.97061],[-49.06677,-26.97064],[-49.06679,-26.97066],[-49.06685,-26.97072],[-49.06687,-26.97076],[-49.06689,-26.97079],[-49.06695,-26.97085],[-49.067,-26.97091],[-49.06702,-26.97095],[-49.06703,-26.97098],[-49.06704,-26.97102],[-49.06703,-26.97109],[-49.06702,-26.97113],[-49.06697,-26.97119],[-49.06691,-26.97124],[-49.06688,-26.97127],[-49.06684,-26.97133],[-49.06682,-26.97137],[-49.06677,-26.97143],[-49.06674,-26.97146],[-49.0667,-26.97148],[-49.06666,-26.97149],[-49.06662,-26.97151],[-49.06659,-26.97154],[-49.06653,-26.97159],[-49.0665,-26.9716],[-49.06645,-26.97162],[-49.06641,-26.97162],[-49.06628,-26.97162],[-49.06604,-26.9716],[-49.06594,-26.9716],[-49.06581,-26.97159],[-49.06577,-26.9716],[-49.06573,-26.97162],[-49.0657,-26.97165],[-49.06568,-26.97168],[-49.06566,-26.97172],[-49.06566,-26.97176],[-49.06565,-26.9718],[-49.06565,-26.97184],[-49.06566,-26.97187],[-49.06567,-26.97191],[-49.06571,-26.97198],[-49.06572,-26.97201],[-49.06573,-26.97205],[-49.06574,-26.97209],[-49.06575,-26.97212],[-49.06575,-26.97216],[-49.06575,-26.97223],[-49.06575,-26.97235],[-49.06576,-26.97239],[-49.06578,-26.97242],[-49.0658,-26.97246],[-49.06582,-26.97249],[-49.0658,-26.97252],[-49.06584,-26.97257],[-49.06582,-26.9726],[-49.06584,-26.97262],[-49.06586,-26.97265],[-49.06587,-26.97269],[-49.06588,-26.97276],[-49.06588,-26.97279],[-49.06589,-26.97294],[-49.06588,-26.97298],[-49.06587,-26.97302],[-49.06586,-26.97305],[-49.06586,-26.97309],[-49.06587,-26.97317],[-49.06589,-26.97321],[-49.06593,-26.97327],[-49.06595,-26.97331],[-49.06597,-26.97334],[-49.066,-26.97337],[-49.06599,-26.97341],[-49.06596,-26.97343],[-49.06592,-26.97344],[-49.06583,-26.97344],[-49.0658,-26.97346],[-49.06576,-26.97348],[-49.06573,-26.9735],[-49.06568,-26.97344],[-49.06564,-26.97335],[-49.06559,-26.97322],[-49.06555,-26.97315],[-49.06545,-26.97304],[-49.06538,-26.97296],[-49.06535,-26.97292],[-49.06529,-26.97286],[-49.06523,-26.97277],[-49.06515,-26.97267],[-49.06502,-26.9724],[-49.065,-26.97235],[-49.06491,-26.97219],[-49.06485,-26.97214],[-49.06474,-26.9721],[-49.0645,-26.97208],[-49.06436,-26.97207],[-49.06424,-26.97203],[-49.06419,-26.97192],[-49.06417,-26.97181],[-49.06414,-26.97174],[-49.06408,-26.97164],[-49.06399,-26.97156],[-49.06391,-26.97153],[-49.06381,-26.97156],[-49.06376,-26.97151],[-49.06372,-26.9715],[-49.06368,-26.97151],[-49.0635,-26.97161],[-49.06334,-26.97164],[-49.06326,-26.9716],[-49.06312,-26.97146],[-49.06302,-26.9714],[-49.06292,-26.97137],[-49.06286,-26.97137],[-49.06273,-26.97139],[-49.06266,-26.97144],[-49.0626,-26.97153],[-49.06259,-26.97161],[-49.06253,-26.97171],[-49.0623,-26.97189],[-49.06219,-26.972],[-49.06201,-26.97209],[-49.06188,-26.97213],[-49.06176,-26.97215],[-49.06164,-26.9722],[-49.06163,-26.9722],[-49.06157,-26.97222],[-49.06146,-26.97228],[-49.06138,-26.97236],[-49.06132,-26.9724],[-49.06129,-26.97238],[-49.06125,-26.97243],[-49.06119,-26.9725],[-49.0612,-26.97251],[-49.06112,-26.97259],[-49.06103,-26.97272],[-49.06102,-26.97279],[-49.06105,-26.97293],[-49.06076,-26.97288],[-49.06059,-26.97287],[-49.06052,-26.97291],[-49.06043,-26.97299],[-49.06032,-26.97324],[-49.06023,-26.97362],[-49.06019,-26.97369],[-49.06008,-26.97375],[-49.06003,-26.97381],[-49.05999,-26.97404],[-49.05998,-26.97458],[-49.06039,-26.97454],[-49.0604,-26.97458],[-49.06042,-26.97465],[-49.06045,-26.97493],[-49.06051,-26.97512],[-49.0606,-26.97529],[-49.0608,-26.9756],[-49.06088,-26.97582],[-49.06092,-26.97589],[-49.0612,-26.97633],[-49.06133,-26.97666],[-49.06134,-26.97679],[-49.06118,-26.97681],[-49.06108,-26.97695],[-49.06109,-26.97704],[-49.06126,-26.97733],[-49.06116,-26.97744],[-49.06106,-26.97771],[-49.06102,-26.97777],[-49.06082,-26.97793],[-49.06068,-26.97809],[-49.06064,-26.9781],[-49.06054,-26.97798],[-49.06041,-26.97772],[-49.06026,-26.97753],[-49.06016,-26.97736],[-49.0601,-26.9773],[-49.06002,-26.97731],[-49.05993,-26.97723],[-49.05983,-26.97681],[-49.05976,-26.97666],[-49.05972,-26.9766],[-49.05965,-26.97655],[-49.0596,-26.97656],[-49.05953,-26.97654],[-49.05945,-26.97657],[-49.05935,-26.97664],[-49.05932,-26.97669],[-49.0592,-26.97684],[-49.0591,-26.97692],[-49.05892,-26.97701],[-49.05888,-26.97708],[-49.05886,-26.97724],[-49.05884,-26.97728],[-49.05882,-26.97734],[-49.05871,-26.97735],[-49.05844,-26.97744],[-49.05843,-26.97706],[-49.05847,-26.97687],[-49.05846,-26.97683],[-49.05845,-26.97676],[-49.05847,-26.97664],[-49.05853,-26.9765],[-49.05852,-26.97627],[-49.05849,-26.97605],[-49.05856,-26.97558],[-49.05859,-26.97551],[-49.0587,-26.97545],[-49.05876,-26.97539],[-49.0588,-26.97527],[-49.0588,-26.97516],[-49.05878,-26.97504],[-49.05874,-26.97496],[-49.05868,-26.97489],[-49.05862,-26.97484],[-49.05854,-26.97479],[-49.05853,-26.97478],[-49.05847,-26.97473],[-49.05843,-26.97466],[-49.05841,-26.97458],[-49.05843,-26.97451],[-49.0585,-26.97447],[-49.05869,-26.9744],[-49.05888,-26.97429],[-49.05898,-26.97415],[-49.05903,-26.97403],[-49.05917,-26.97375],[-49.0592,-26.97368],[-49.05921,-26.9736],[-49.05919,-26.97356],[-49.05914,-26.97349],[-49.05898,-26.97342],[-49.0589,-26.9734],[-49.0587,-26.97334],[-49.05868,-26.9733],[-49.05869,-26.97318],[-49.05869,-26.97295],[-49.05861,-26.9726],[-49.05861,-26.97243],[-49.05861,-26.97201],[-49.05862,-26.97197],[-49.05866,-26.97191],[-49.05878,-26.97188],[-49.05891,-26.97187],[-49.05971,-26.97193],[-49.06006,-26.97194],[-49.06023,-26.97193],[-49.06035,-26.9719],[-49.06045,-26.97183],[-49.06058,-26.97172],[-49.06101,-26.97148],[-49.0611,-26.97141],[-49.06114,-26.97134],[-49.06115,-26.97126],[-49.06109,-26.97087],[-49.06111,-26.97047],[-49.06117,-26.97037],[-49.06144,-26.97011],[-49.06153,-26.96997],[-49.06158,-26.96981],[-49.06159,-26.96977],[-49.0617,-26.96949],[-49.06171,-26.96941],[-49.0617,-26.96934],[-49.06166,-26.96932],[-49.06145,-26.96935],[-49.06134,-26.96937],[-49.06132,-26.96937],[-49.06118,-26.96937],[-49.0611,-26.96935],[-49.06104,-26.96929],[-49.06103,-26.96925],[-49.06103,-26.9691],[-49.0612,-26.96876],[-49.06121,-26.96872],[-49.0612,-26.96869],[-49.06116,-26.96867],[-49.06108,-26.96868],[-49.06093,-26.96875],[-49.06087,-26.9688],[-49.06084,-26.96887],[-49.06076,-26.96916],[-49.06072,-26.96919],[-49.06055,-26.96909],[-49.06046,-26.96906],[-49.06041,-26.96908],[-49.06032,-26.96914],[-49.06028,-26.9692],[-49.06023,-26.9693],[-49.06018,-26.96953],[-49.06011,-26.96963],[-49.06,-26.96968],[-49.05975,-26.96972],[-49.05967,-26.96975],[-49.05964,-26.96978],[-49.05937,-26.97033],[-49.05928,-26.97052],[-49.05923,-26.97058],[-49.05908,-26.97068],[-49.05901,-26.9707],[-49.0589,-26.9707],[-49.0587,-26.97061],[-49.05859,-26.97054],[-49.05848,-26.97041],[-49.0584,-26.9704],[-49.05832,-26.97043],[-49.05825,-26.97048],[-49.05818,-26.97058],[-49.05812,-26.97076],[-49.05798,-26.9709],[-49.05779,-26.97095],[-49.05722,-26.971],[-49.057,-26.97106],[-49.0568,-26.97116],[-49.05647,-26.97141],[-49.05639,-26.9715],[-49.05637,-26.97158],[-49.05637,-26.97166],[-49.05638,-26.9717],[-49.05655,-26.97187],[-49.0566,-26.97197],[-49.05661,-26.97199],[-49.05664,-26.9721],[-49.05701,-26.97193],[-49.0572,-26.97238],[-49.05721,-26.97249],[-49.05719,-26.97257],[-49.0571,-26.97265],[-49.05699,-26.97273],[-49.05693,-26.97277],[-49.05677,-26.97282],[-49.05612,-26.97282],[-49.05604,-26.97283],[-49.05601,-26.97285],[-49.05593,-26.97295],[-49.05588,-26.97313],[-49.05585,-26.97333],[-49.05585,-26.97344],[-49.05587,-26.97352],[-49.05588,-26.97353],[-49.0559,-26.97355],[-49.05595,-26.97357],[-49.05597,-26.9736],[-49.05597,-26.97368],[-49.05598,-26.97372],[-49.05611,-26.97387],[-49.05616,-26.97399],[-49.05616,-26.97401],[-49.05618,-26.97411],[-49.05616,-26.97422],[-49.05614,-26.97426],[-49.05594,-26.97438],[-49.05586,-26.97447],[-49.05584,-26.97462],[-49.0559,-26.97472],[-49.05591,-26.97487],[-49.05589,-26.9749],[-49.05579,-26.97492],[-49.05577,-26.97495],[-49.05573,-26.97503],[-49.05562,-26.97519],[-49.05555,-26.97533],[-49.05549,-26.97541],[-49.05544,-26.97549],[-49.0554,-26.97564],[-49.05542,-26.97577],[-49.0554,-26.97581],[-49.05535,-26.97581],[-49.05532,-26.97578],[-49.05523,-26.97566],[-49.0552,-26.9756],[-49.05515,-26.97549],[-49.05512,-26.97545],[-49.05507,-26.97544],[-49.05505,-26.97541],[-49.05506,-26.97533],[-49.05502,-26.97527],[-49.05501,-26.97516],[-49.05495,-26.97515],[-49.05494,-26.97509],[-49.0549,-26.97502],[-49.05489,-26.97487],[-49.05493,-26.97442],[-49.05499,-26.97432],[-49.05501,-26.97428],[-49.05503,-26.97421],[-49.05502,-26.97418],[-49.05492,-26.97405],[-49.05482,-26.974],[-49.05479,-26.97397],[-49.05456,-26.97379],[-49.05437,-26.97371],[-49.05437,-26.97368],[-49.05452,-26.97365],[-49.05458,-26.97363],[-49.05467,-26.9735],[-49.05469,-26.97347],[-49.05471,-26.97337],[-49.05473,-26.97334],[-49.05477,-26.97334],[-49.05479,-26.97331],[-49.05484,-26.97316],[-49.05481,-26.97309],[-49.05463,-26.97292],[-49.05458,-26.97286],[-49.05449,-26.97272],[-49.05437,-26.9723],[-49.05436,-26.97189],[-49.05438,-26.97128],[-49.05437,-26.97101],[-49.05433,-26.97082],[-49.05433,-26.97068],[-49.05433,-26.97065],[-49.05435,-26.97063],[-49.05476,-26.97104],[-49.05478,-26.97102],[-49.05485,-26.97102],[-49.0549,-26.97104],[-49.05512,-26.97105],[-49.05549,-26.97106],[-49.05569,-26.971],[-49.0562,-26.97068],[-49.05641,-26.9705],[-49.05645,-26.97038],[-49.05651,-26.9699],[-49.05652,-26.96958],[-49.05649,-26.96943],[-49.05643,-26.96932],[-49.05627,-26.96914],[-49.05611,-26.96905],[-49.05609,-26.96901],[-49.0561,-26.96896],[-49.05618,-26.96877],[-49.05626,-26.96829],[-49.05631,-26.96819],[-49.0564,-26.96805],[-49.05656,-26.96775],[-49.05662,-26.96766],[-49.05665,-26.96755],[-49.05665,-26.9674],[-49.05664,-26.96737],[-49.05653,-26.9673],[-49.05624,-26.9671],[-49.05612,-26.96694],[-49.05598,-26.9666],[-49.05588,-26.96651],[-49.05586,-26.96651],[-49.0558,-26.96651],[-49.05572,-26.96655],[-49.05565,-26.96662],[-49.05558,-26.96677],[-49.05547,-26.96711],[-49.05541,-26.96726],[-49.05529,-26.96736],[-49.05523,-26.96738],[-49.05521,-26.96736],[-49.05518,-26.96728],[-49.05513,-26.96724],[-49.05512,-26.96718],[-49.05512,-26.96714],[-49.05512,-26.9671],[-49.05512,-26.96706],[-49.05509,-26.96692],[-49.05502,-26.96677],[-49.05484,-26.9666],[-49.05473,-26.96654],[-49.05431,-26.96642],[-49.05416,-26.96635],[-49.05403,-26.96634],[-49.05396,-26.96639],[-49.05394,-26.96642],[-49.05391,-26.96661],[-49.05387,-26.96672],[-49.0539,-26.96673],[-49.05384,-26.96679],[-49.05378,-26.96682],[-49.05373,-26.96685],[-49.05367,-26.96686],[-49.05362,-26.96682],[-49.05366,-26.96665],[-49.05363,-26.96654],[-49.0536,-26.9665],[-49.05355,-26.96649],[-49.05338,-26.96658],[-49.05324,-26.9666],[-49.05324,-26.96663],[-49.0532,-26.96667],[-49.05309,-26.9667],[-49.05302,-26.96674],[-49.05289,-26.96694],[-49.05274,-26.96742],[-49.05268,-26.96772],[-49.05266,-26.96803],[-49.05261,-26.96817],[-49.05261,-26.96829],[-49.05269,-26.96845],[-49.0526,-26.96855],[-49.05253,-26.96859],[-49.05246,-26.9687],[-49.05246,-26.96874],[-49.05247,-26.96885],[-49.05266,-26.96927],[-49.05269,-26.96941],[-49.05269,-26.96949],[-49.05264,-26.96957],[-49.05239,-26.96965],[-49.05221,-26.96977],[-49.0521,-26.96989],[-49.05206,-26.96996],[-49.05204,-26.97004],[-49.05207,-26.97035],[-49.05209,-26.97062],[-49.05211,-26.97116],[-49.05209,-26.97128],[-49.05198,-26.97149],[-49.05193,-26.97174],[-49.05198,-26.9718],[-49.05208,-26.97189],[-49.05213,-26.97199],[-49.05222,-26.97222],[-49.05228,-26.97241],[-49.05231,-26.97256],[-49.05232,-26.97271],[-49.05229,-26.97282],[-49.05227,-26.97285],[-49.05219,-26.97289],[-49.05213,-26.97297],[-49.05208,-26.97299],[-49.05191,-26.97299],[-49.05183,-26.97296],[-49.05176,-26.97291],[-49.05168,-26.97281],[-49.05166,-26.97279],[-49.05165,-26.97278],[-49.0516,-26.97274],[-49.05152,-26.9727],[-49.0515,-26.9727],[-49.05139,-26.97264],[-49.05132,-26.97263],[-49.05126,-26.9727],[-49.05119,-26.97281],[-49.05098,-26.97307],[-49.05084,-26.97331],[-49.05082,-26.97346],[-49.05082,-26.97392],[-49.05081,-26.97397],[-49.05115,-26.97393],[-49.05117,-26.97397],[-49.0512,-26.974],[-49.05133,-26.97415],[-49.05156,-26.97433],[-49.05157,-26.97434],[-49.05161,-26.97437],[-49.0517,-26.97445],[-49.0519,-26.97456],[-49.05226,-26.97483],[-49.05231,-26.97487],[-49.05247,-26.97505],[-49.0525,-26.97511],[-49.05251,-26.97518],[-49.05251,-26.97531],[-49.05238,-26.97551],[-49.05226,-26.97569],[-49.05213,-26.97593],[-49.05211,-26.97604],[-49.05215,-26.9761],[-49.05225,-26.97619],[-49.05244,-26.97631],[-49.05251,-26.9764],[-49.05252,-26.97643],[-49.05251,-26.97649],[-49.05235,-26.97684],[-49.05233,-26.97698],[-49.05234,-26.97703],[-49.05244,-26.97718],[-49.05247,-26.97734],[-49.05251,-26.97766],[-49.05253,-26.97812],[-49.05259,-26.97845],[-49.05258,-26.97856],[-49.05244,-26.97841],[-49.05233,-26.97824],[-49.05224,-26.97816],[-49.05221,-26.97814],[-49.05205,-26.97806],[-49.05187,-26.97764],[-49.05183,-26.97761],[-49.05173,-26.97758],[-49.05166,-26.97756],[-49.0516,-26.97751],[-49.05147,-26.97723],[-49.05143,-26.97691],[-49.05134,-26.97682],[-49.05128,-26.9768],[-49.05124,-26.9768],[-49.05103,-26.9769],[-49.05084,-26.97714],[-49.0508,-26.97727],[-49.05075,-26.97729],[-49.05064,-26.97741],[-49.05059,-26.97751],[-49.05045,-26.97795],[-49.05041,-26.978],[-49.05016,-26.97834],[-49.05006,-26.97842],[-49.04993,-26.97855],[-49.04986,-26.97852],[-49.04983,-26.97846],[-49.04977,-26.97823],[-49.04975,-26.978],[-49.04961,-26.97767],[-49.04949,-26.97751],[-49.04948,-26.97743],[-49.04954,-26.97728],[-49.04958,-26.97705],[-49.04967,-26.97687],[-49.04977,-26.97673],[-49.04997,-26.97652],[-49.05013,-26.97639],[-49.0502,-26.97628],[-49.05022,-26.97619],[-49.05021,-26.97599],[-49.05024,-26.97587],[-49.05022,-26.97578],[-49.05019,-26.97573],[-49.05018,-26.97572],[-49.0501,-26.9757],[-49.05004,-26.97572],[-49.04998,-26.97579],[-49.04989,-26.97601],[-49.04982,-26.97602],[-49.04981,-26.97596],[-49.04974,-26.97593],[-49.04958,-26.97595],[-49.04952,-26.97594],[-49.04939,-26.97594],[-49.04937,-26.97599],[-49.04926,-26.97603],[-49.04916,-26.9761],[-49.04911,-26.97621],[-49.04911,-26.97663],[-49.04906,-26.97673],[-49.04901,-26.97679],[-49.04891,-26.97687],[-49.04884,-26.9769],[-49.04875,-26.97692],[-49.04855,-26.97691],[-49.04847,-26.97693],[-49.04842,-26.97693],[-49.04838,-26.97692],[-49.04836,-26.97695],[-49.04838,-26.97706],[-49.04834,-26.97713],[-49.04834,-26.97725],[-49.04832,-26.97736],[-49.04824,-26.9775],[-49.04812,-26.97766],[-49.04806,-26.97772],[-49.0479,-26.97775],[-49.04777,-26.97775],[-49.04761,-26.97779],[-49.04753,-26.97779],[-49.04749,-26.97781],[-49.04746,-26.97784],[-49.04742,-26.97806],[-49.04752,-26.97815],[-49.04755,-26.97817],[-49.0476,-26.97823],[-49.0476,-26.97834],[-49.04757,-26.97841],[-49.04749,-26.97854],[-49.04748,-26.97862],[-49.04749,-26.97869],[-49.04758,-26.97882],[-49.04777,-26.97903],[-49.04802,-26.97924],[-49.04821,-26.97931],[-49.04827,-26.97936],[-49.0483,-26.97944],[-49.04815,-26.97942],[-49.0481,-26.97944],[-49.04809,-26.97949],[-49.04806,-26.97955],[-49.04802,-26.97954],[-49.04795,-26.9795],[-49.04774,-26.97925],[-49.04755,-26.97913],[-49.0473,-26.97901],[-49.04728,-26.97897],[-49.04728,-26.9789],[-49.04724,-26.97889],[-49.04725,-26.97883],[-49.04724,-26.97878],[-49.04703,-26.97838],[-49.04701,-26.97837],[-49.04693,-26.9784],[-49.0469,-26.97842],[-49.0469,-26.97845],[-49.04682,-26.97845],[-49.04678,-26.97845],[-49.04672,-26.97847],[-49.04668,-26.97849],[-49.04663,-26.97851],[-49.04656,-26.97856],[-49.0465,-26.97858],[-49.04642,-26.97858],[-49.04627,-26.97857],[-49.04606,-26.9786],[-49.04598,-26.97863],[-49.04576,-26.97872],[-49.04559,-26.97889],[-49.04546,-26.97912],[-49.04541,-26.97914],[-49.04526,-26.97916],[-49.04519,-26.97905],[-49.04506,-26.97911],[-49.04504,-26.97916],[-49.04498,-26.97916],[-49.04502,-26.97939],[-49.04507,-26.97951],[-49.0451,-26.97951],[-49.04507,-26.97964],[-49.04508,-26.97969],[-49.04501,-26.97973],[-49.04516,-26.9801],[-49.04495,-26.97991],[-49.04488,-26.97976],[-49.04488,-26.9795],[-49.04487,-26.97946],[-49.04484,-26.97944],[-49.0448,-26.97945],[-49.04472,-26.97935],[-49.04461,-26.9793],[-49.04412,-26.97961],[-49.04388,-26.97979],[-49.04365,-26.97987],[-49.04354,-26.97988],[-49.04346,-26.9797],[-49.04347,-26.97949],[-49.04346,-26.97936],[-49.04355,-26.97933],[-49.04356,-26.97935],[-49.04359,-26.97937],[-49.04364,-26.97934],[-49.04378,-26.97914],[-49.04374,-26.97902],[-49.04366,-26.9789],[-49.04353,-26.97865],[-49.04351,-26.9786],[-49.04322,-26.97821],[-49.04313,-26.97805],[-49.0431,-26.97801],[-49.04303,-26.97798],[-49.04281,-26.97791],[-49.04259,-26.97791],[-49.04257,-26.97782],[-49.04248,-26.97763],[-49.04247,-26.97753],[-49.0425,-26.97747],[-49.04253,-26.97759],[-49.04256,-26.97766],[-49.04261,-26.97771],[-49.04265,-26.97773],[-49.04272,-26.97773],[-49.0429,-26.97767],[-49.04305,-26.97765],[-49.04316,-26.97788],[-49.04326,-26.97801],[-49.0435,-26.97815],[-49.04358,-26.97821],[-49.04375,-26.97835],[-49.04388,-26.9785],[-49.04401,-26.97855],[-49.04409,-26.97866],[-49.0442,-26.97876],[-49.04436,-26.97883],[-49.04445,-26.97883],[-49.04452,-26.97882],[-49.04464,-26.97876],[-49.04472,-26.97863],[-49.04483,-26.9786],[-49.04487,-26.97857],[-49.04496,-26.97848],[-49.04501,-26.97821],[-49.04509,-26.97802],[-49.04509,-26.97785],[-49.04527,-26.9779],[-49.04545,-26.97787],[-49.04552,-26.97789],[-49.04556,-26.97789],[-49.0456,-26.97787],[-49.0457,-26.97776],[-49.04577,-26.97771],[-49.04596,-26.97762],[-49.04605,-26.97754],[-49.04609,-26.97747],[-49.04611,-26.97717],[-49.0462,-26.97709],[-49.04623,-26.97703],[-49.04622,-26.97695],[-49.04619,-26.97684],[-49.04611,-26.97676],[-49.04618,-26.97672],[-49.0463,-26.97668],[-49.04667,-26.97665],[-49.04689,-26.97656],[-49.04724,-26.97599],[-49.04754,-26.97563],[-49.04761,-26.97546],[-49.0475,-26.97535],[-49.04747,-26.97528],[-49.04732,-26.97515],[-49.04729,-26.97512],[-49.0472,-26.97509],[-49.04712,-26.97508],[-49.04679,-26.97505],[-49.04664,-26.97501],[-49.04663,-26.975],[-49.04656,-26.97495],[-49.0465,-26.97486],[-49.04633,-26.97476],[-49.04622,-26.97464],[-49.04611,-26.9746],[-49.04595,-26.97459],[-49.04588,-26.97462],[-49.04583,-26.97462],[-49.0456,-26.97462],[-49.04533,-26.97469],[-49.04527,-26.97469],[-49.04518,-26.97469],[-49.04503,-26.97464],[-49.04492,-26.97463],[-49.04499,-26.9746],[-49.04498,-26.97455],[-49.04494,-26.97454],[-49.04498,-26.97451],[-49.04524,-26.97442],[-49.04543,-26.97429],[-49.04551,-26.97427],[-49.04554,-26.9743],[-49.04556,-26.97429],[-49.04562,-26.97426],[-49.04574,-26.97422],[-49.04574,-26.97418],[-49.04569,-26.97407],[-49.04567,-26.97394],[-49.0457,-26.97391],[-49.0457,-26.97388],[-49.04576,-26.97385],[-49.04581,-26.97381],[-49.04584,-26.97376],[-49.04591,-26.97371],[-49.04595,-26.97373],[-49.04602,-26.97372],[-49.0461,-26.97373],[-49.04619,-26.97381],[-49.04629,-26.97385],[-49.04652,-26.97396],[-49.04686,-26.97406],[-49.04715,-26.97407],[-49.0473,-26.97404],[-49.04758,-26.97413],[-49.04766,-26.97413],[-49.04767,-26.97412],[-49.04771,-26.97412],[-49.04793,-26.97415],[-49.048,-26.97417],[-49.04823,-26.97422],[-49.04836,-26.97421],[-49.04843,-26.97413],[-49.04855,-26.97389],[-49.04859,-26.97383],[-49.04871,-26.97373],[-49.04896,-26.97368],[-49.04911,-26.97361],[-49.04919,-26.97355],[-49.04922,-26.97349],[-49.04921,-26.97341],[-49.04921,-26.9733],[-49.0493,-26.97311],[-49.04932,-26.97308],[-49.04935,-26.97308],[-49.04938,-26.97305],[-49.04939,-26.97298],[-49.04979,-26.97305],[-49.04985,-26.97275],[-49.04985,-26.9726],[-49.04984,-26.97254],[-49.0498,-26.97248],[-49.04979,-26.97247],[-49.04969,-26.97238],[-49.04958,-26.97233],[-49.0492,-26.97231],[-49.04913,-26.97228],[-49.04911,-26.97224],[-49.04912,-26.97216],[-49.04919,-26.97207],[-49.04946,-26.97192],[-49.04948,-26.97189],[-49.04951,-26.97178],[-49.04948,-26.97165],[-49.04943,-26.97158],[-49.04929,-26.97143],[-49.0492,-26.9713],[-49.04916,-26.97119],[-49.04918,-26.97096],[-49.04921,-26.97089],[-49.04929,-26.9708],[-49.04953,-26.97071],[-49.0497,-26.97068],[-49.04987,-26.97066],[-49.05034,-26.97067],[-49.05039,-26.97065],[-49.0504,-26.97062],[-49.05021,-26.97021],[-49.05019,-26.97011],[-49.05019,-26.97003],[-49.05026,-26.96992],[-49.05044,-26.96974],[-49.05054,-26.96966],[-49.05073,-26.96958],[-49.05076,-26.96956],[-49.05079,-26.96949],[-49.05081,-26.96945],[-49.05082,-26.9693],[-49.0508,-26.96927],[-49.05079,-26.96922],[-49.05075,-26.96914],[-49.05066,-26.96901],[-49.05058,-26.96884],[-49.05056,-26.96876],[-49.05054,-26.96835],[-49.0505,-26.96822],[-49.05054,-26.96818],[-49.05059,-26.96778],[-49.05027,-26.96777],[-49.05023,-26.96776],[-49.05022,-26.96771],[-49.0499,-26.9677],[-49.04964,-26.96768],[-49.04955,-26.96766],[-49.04947,-26.96762],[-49.04944,-26.96757],[-49.04942,-26.96756],[-49.04951,-26.96752],[-49.04961,-26.96752],[-49.04978,-26.96748],[-49.05069,-26.96697],[-49.05084,-26.9669],[-49.05121,-26.96669],[-49.05132,-26.96657],[-49.05141,-26.96636],[-49.05147,-26.96613],[-49.05148,-26.96608],[-49.05147,-26.96599],[-49.0514,-26.96573],[-49.0514,-26.96533],[-49.05135,-26.96528],[-49.0514,-26.96515],[-49.0514,-26.96508],[-49.05135,-26.96503],[-49.0514,-26.96495],[-49.05144,-26.9649],[-49.0515,-26.96481],[-49.05158,-26.96482],[-49.05168,-26.9646],[-49.05182,-26.96437],[-49.05193,-26.96411],[-49.05199,-26.96401],[-49.05206,-26.96383],[-49.05204,-26.96369],[-49.05201,-26.96362],[-49.05181,-26.96347],[-49.05167,-26.96328],[-49.05153,-26.96317],[-49.05137,-26.96313],[-49.05106,-26.96309],[-49.05096,-26.9631],[-49.0509,-26.9631],[-49.05086,-26.96311],[-49.05083,-26.96311],[-49.0508,-26.96312],[-49.05036,-26.96327],[-49.05015,-26.96331],[-49.05018,-26.96313],[-49.0502,-26.96301],[-49.0503,-26.96284],[-49.05058,-26.96256],[-49.05086,-26.96232],[-49.05095,-26.96219],[-49.051,-26.96204],[-49.05114,-26.96184],[-49.05126,-26.9616],[-49.05131,-26.96154],[-49.0514,-26.96148],[-49.05143,-26.96144],[-49.05149,-26.96147],[-49.05152,-26.96146],[-49.05156,-26.9614],[-49.05159,-26.96125],[-49.05162,-26.96124],[-49.05171,-26.96132],[-49.05184,-26.9615],[-49.05192,-26.96159],[-49.05203,-26.96181],[-49.05225,-26.96209],[-49.05236,-26.9622],[-49.05257,-26.96236],[-49.05275,-26.96246],[-49.05301,-26.96268],[-49.05313,-26.96273],[-49.05321,-26.96272],[-49.05327,-26.96266],[-49.0533,-26.96259],[-49.0533,-26.9625],[-49.05328,-26.96243],[-49.05313,-26.96213],[-49.05306,-26.9617],[-49.05306,-26.96143],[-49.05311,-26.96144],[-49.05321,-26.96151],[-49.05348,-26.9618],[-49.05354,-26.96186],[-49.0536,-26.96193],[-49.05379,-26.96207],[-49.05391,-26.96218],[-49.0546,-26.96258],[-49.05471,-26.96262],[-49.0548,-26.9627],[-49.05573,-26.96297],[-49.05609,-26.96303],[-49.05621,-26.96307],[-49.05627,-26.96308],[-49.05635,-26.96307],[-49.05643,-26.96304],[-49.0565,-26.96295],[-49.05677,-26.96226],[-49.05679,-26.9621],[-49.05677,-26.96193],[-49.0568,-26.96183],[-49.05685,-26.96177],[-49.05697,-26.96159],[-49.05697,-26.96155],[-49.05696,-26.96151],[-49.05693,-26.96149],[-49.0568,-26.96148],[-49.05674,-26.96142],[-49.05661,-26.96133],[-49.05653,-26.96126],[-49.05643,-26.96117],[-49.05616,-26.96104],[-49.05574,-26.96095],[-49.05566,-26.9609],[-49.05572,-26.96084],[-49.05613,-26.96071],[-49.05626,-26.96068],[-49.05638,-26.96063],[-49.05658,-26.96059],[-49.05683,-26.96051],[-49.05696,-26.9604],[-49.05696,-26.96032],[-49.05694,-26.96025],[-49.05685,-26.96008],[-49.05672,-26.95987],[-49.05649,-26.95964],[-49.05622,-26.95925],[-49.05618,-26.95918]]]}},{"type":"Feature","properties":{"bairro":"GARCIA","codigo":"4"},"geometry":{"type":"Polygon","coordinates":[[[-49.07721,-26.94493],[-49.0772,-26.94519],[-49.07718,-26.9455],[-49.07717,-26.9456],[-49.0771,-26.94599],[-49.077,-26.94633],[-49.0769,-26.94658],[-49.07684,-26.94668],[-49.07641,-26.94719],[-49.07618,-26.94747],[-49.07601,-26.94767],[-49.07573,-26.94793],[-49.0755,-26.94816],[-49.07542,-26.94833],[-49.07536,-26.94855],[-49.07528,-26.94876],[-49.07518,-26.94894],[-49.07507,-26.94911],[-49.07493,-26.94926],[-49.07459,-26.94949],[-49.07446,-26.94954],[-49.07397,-26.94974],[-49.07372,-26.94985],[-49.07351,-26.94994],[-49.07323,-26.95009],[-49.07313,-26.95016],[-49.07273,-26.95048],[-49.07257,-26.95061],[-49.07232,-26.95092],[-49.07227,-26.95095],[-49.07219,-26.95103],[-49.0721,-26.95118],[-49.07202,-26.95179],[-49.07195,-26.95204],[-49.07193,-26.95222],[-49.07194,-26.9528],[-49.07194,-26.95305],[-49.07193,-26.95376],[-49.07191,-26.95402],[-49.07183,-26.95446],[-49.07178,-26.95465],[-49.07166,-26.955],[-49.07156,-26.95521],[-49.07145,-26.95538],[-49.07123,-26.95562],[-49.07116,-26.95574],[-49.07115,-26.95575],[-49.07108,-26.95593],[-49.07094,-26.95614],[-49.07078,-26.95629],[-49.07059,-26.95639],[-49.07038,-26.95645],[-49.07019,-26.95648],[-49.06985,-26.95649],[-49.06951,-26.95648],[-49.06936,-26.95645],[-49.06919,-26.95642],[-49.06892,-26.95627],[-49.06873,-26.95611],[-49.06861,-26.95604],[-49.06854,-26.95601],[-49.06837,-26.95611],[-49.06829,-26.95622],[-49.06826,-26.95626],[-49.06807,-26.95705],[-49.06772,-26.95799],[-49.06763,-26.95812],[-49.0676,-26.95828],[-49.06762,-26.95841],[-49.06782,-26.95862],[-49.06801,-26.95873],[-49.069,-26.95924],[-49.06916,-26.9593],[-49.06945,-26.95947],[-49.07002,-26.95991],[-49.07032,-26.96021],[-49.07023,-26.96031],[-49.0702,-26.96035],[-49.07017,-26.96038],[-49.07015,-26.9604],[-49.06999,-26.96059],[-49.06954,-26.96027],[-49.06906,-26.9608],[-49.06898,-26.96073],[-49.0689,-26.96071],[-49.06882,-26.96069],[-49.06877,-26.96069],[-49.06856,-26.96066],[-49.06846,-26.96065],[-49.06838,-26.96065],[-49.0683,-26.96066],[-49.06814,-26.96072],[-49.06788,-26.96084],[-49.06779,-26.96087],[-49.0677,-26.96091],[-49.06763,-26.96093],[-49.06752,-26.96098],[-49.06747,-26.96101],[-49.06737,-26.96106],[-49.06731,-26.9611],[-49.06728,-26.96112],[-49.06722,-26.96115],[-49.06707,-26.96123],[-49.06697,-26.9613],[-49.06693,-26.96133],[-49.06691,-26.96134],[-49.06683,-26.96139],[-49.06673,-26.96144],[-49.06667,-26.96148],[-49.06657,-26.96156],[-49.06629,-26.96173],[-49.06621,-26.96176],[-49.06588,-26.962],[-49.06587,-26.96201],[-49.06584,-26.96203],[-49.06581,-26.96206],[-49.06579,-26.96207],[-49.06574,-26.96207],[-49.06566,-26.96205],[-49.06556,-26.96198],[-49.06478,-26.96147],[-49.06479,-26.96133],[-49.06464,-26.96108],[-49.06462,-26.96103],[-49.06459,-26.9609],[-49.06459,-26.96083],[-49.06465,-26.96061],[-49.06465,-26.96046],[-49.06462,-26.96039],[-49.06457,-26.96033],[-49.06445,-26.96027],[-49.06412,-26.96022],[-49.06381,-26.96022],[-49.06359,-26.96025],[-49.06335,-26.96042],[-49.06316,-26.96052],[-49.06304,-26.96056],[-49.06284,-26.96061],[-49.06268,-26.9607],[-49.06248,-26.96077],[-49.06238,-26.96079],[-49.06225,-26.96078],[-49.06194,-26.96073],[-49.06183,-26.96067],[-49.06255,-26.96027],[-49.06285,-26.96],[-49.0629,-26.95994],[-49.06293,-26.95982],[-49.0629,-26.95974],[-49.06287,-26.95971],[-49.06275,-26.95959],[-49.06246,-26.95941],[-49.06209,-26.95911],[-49.06172,-26.95891],[-49.06149,-26.95888],[-49.06136,-26.95889],[-49.06077,-26.95905],[-49.06065,-26.95903],[-49.06061,-26.959],[-49.06057,-26.95894],[-49.06054,-26.95882],[-49.0604,-26.95861],[-49.06035,-26.95846],[-49.06038,-26.95844],[-49.06056,-26.9584],[-49.06059,-26.95838],[-49.06066,-26.95829],[-49.0607,-26.95822],[-49.06069,-26.95786],[-49.06065,-26.95746],[-49.06073,-26.95747],[-49.06097,-26.95755],[-49.06145,-26.95777],[-49.06165,-26.95782],[-49.06181,-26.95788],[-49.0623,-26.95797],[-49.06312,-26.95808],[-49.06331,-26.95815],[-49.06364,-26.95834],[-49.06383,-26.95851],[-49.06392,-26.95863],[-49.06399,-26.95867],[-49.06412,-26.95869],[-49.06438,-26.95868],[-49.0645,-26.95862],[-49.06457,-26.95852],[-49.0646,-26.95841],[-49.06465,-26.95809],[-49.06468,-26.9576],[-49.06467,-26.95727],[-49.06465,-26.9572],[-49.06462,-26.95686],[-49.06462,-26.95673],[-49.06463,-26.95668],[-49.06467,-26.95655],[-49.06474,-26.95635],[-49.06476,-26.95612],[-49.06478,-26.95606],[-49.06482,-26.95593],[-49.06485,-26.95586],[-49.06486,-26.95567],[-49.06488,-26.95563],[-49.06496,-26.95554],[-49.06507,-26.95548],[-49.06513,-26.95537],[-49.06514,-26.95522],[-49.06512,-26.95502],[-49.06513,-26.95494],[-49.06517,-26.95479],[-49.06517,-26.95478],[-49.06516,-26.95475],[-49.0651,-26.95478],[-49.06501,-26.95488],[-49.06499,-26.95508],[-49.06495,-26.95515],[-49.0648,-26.95524],[-49.06458,-26.95532],[-49.06449,-26.95533],[-49.06446,-26.9553],[-49.06441,-26.95528],[-49.0644,-26.95528],[-49.06427,-26.95523],[-49.06402,-26.95518],[-49.06361,-26.95496],[-49.0636,-26.95494],[-49.0636,-26.95493],[-49.06355,-26.95485],[-49.0635,-26.9548],[-49.06342,-26.95478],[-49.0632,-26.95466],[-49.06287,-26.95465],[-49.06278,-26.95462],[-49.06271,-26.95457],[-49.06242,-26.95448],[-49.06238,-26.95445],[-49.0624,-26.95442],[-49.06244,-26.9544],[-49.06286,-26.95423],[-49.06301,-26.95414],[-49.06304,-26.9541],[-49.06302,-26.95406],[-49.0631,-26.95401],[-49.0631,-26.95399],[-49.0631,-26.95397],[-49.06311,-26.95393],[-49.06317,-26.95377],[-49.06323,-26.95367],[-49.06331,-26.95366],[-49.06335,-26.95365],[-49.06347,-26.95352],[-49.06349,-26.95349],[-49.06348,-26.9534],[-49.0635,-26.95338],[-49.06356,-26.95337],[-49.06385,-26.95336],[-49.06396,-26.95324],[-49.06398,-26.95321],[-49.06397,-26.95317],[-49.06391,-26.95298],[-49.06389,-26.95294],[-49.06386,-26.95289],[-49.06378,-26.95288],[-49.06374,-26.95288],[-49.06343,-26.95301],[-49.06329,-26.9531],[-49.06312,-26.95314],[-49.06308,-26.95313],[-49.06301,-26.95308],[-49.06297,-26.95297],[-49.06292,-26.95291],[-49.06284,-26.95287],[-49.06266,-26.95285],[-49.06212,-26.95285],[-49.06191,-26.95289],[-49.06155,-26.95301],[-49.06156,-26.95294],[-49.06151,-26.95288],[-49.06157,-26.95255],[-49.06159,-26.95243],[-49.06164,-26.95228],[-49.06165,-26.95211],[-49.06163,-26.95198],[-49.06156,-26.95189],[-49.06134,-26.95176],[-49.06121,-26.95165],[-49.06114,-26.95156],[-49.06107,-26.95151],[-49.06089,-26.9515],[-49.06069,-26.95155],[-49.0603,-26.95174],[-49.05997,-26.95194],[-49.05958,-26.95207],[-49.05944,-26.95216],[-49.05938,-26.95215],[-49.05936,-26.95212],[-49.05934,-26.95206],[-49.05935,-26.95199],[-49.05949,-26.95163],[-49.05959,-26.95147],[-49.05968,-26.95138],[-49.05971,-26.95136],[-49.0599,-26.95127],[-49.05998,-26.95118],[-49.06001,-26.95102],[-49.06001,-26.95091],[-49.05999,-26.95072],[-49.05991,-26.95055],[-49.05982,-26.95046],[-49.05969,-26.95042],[-49.05962,-26.95041],[-49.05961,-26.95041],[-49.05946,-26.95036],[-49.05932,-26.95027],[-49.0593,-26.9502],[-49.05926,-26.95018],[-49.05927,-26.95016],[-49.05926,-26.95015],[-49.05937,-26.95013],[-49.05965,-26.95006],[-49.05996,-26.95002],[-49.06017,-26.95002],[-49.0602,-26.95004],[-49.0603,-26.95017],[-49.06038,-26.95039],[-49.06043,-26.95045],[-49.06072,-26.95062],[-49.0609,-26.95071],[-49.06118,-26.95074],[-49.06135,-26.95076],[-49.06181,-26.95084],[-49.06187,-26.9509],[-49.06195,-26.95104],[-49.06208,-26.95119],[-49.06212,-26.9512],[-49.06216,-26.95118],[-49.06222,-26.95113],[-49.06244,-26.95089],[-49.06281,-26.95064],[-49.06285,-26.95057],[-49.06285,-26.95051],[-49.06283,-26.95048],[-49.06284,-26.95044],[-49.06302,-26.95028],[-49.06331,-26.95006],[-49.06347,-26.94988],[-49.06361,-26.94955],[-49.06375,-26.94905],[-49.06376,-26.94897],[-49.06376,-26.94889],[-49.06373,-26.94881],[-49.0635,-26.94854],[-49.06341,-26.94846],[-49.06334,-26.94837],[-49.06339,-26.94821],[-49.06336,-26.9482],[-49.06335,-26.94812],[-49.06338,-26.94796],[-49.06344,-26.94791],[-49.06363,-26.94785],[-49.06365,-26.94787],[-49.06381,-26.9478],[-49.06382,-26.9478],[-49.06389,-26.94778],[-49.06392,-26.94774],[-49.06392,-26.94771],[-49.064,-26.94769],[-49.06406,-26.94764],[-49.06414,-26.94747],[-49.06414,-26.94743],[-49.06416,-26.94724],[-49.0642,-26.94709],[-49.06424,-26.94703],[-49.06428,-26.94697],[-49.06441,-26.94688],[-49.06448,-26.94679],[-49.0645,-26.94678],[-49.06461,-26.94671],[-49.06495,-26.94662],[-49.0652,-26.94647],[-49.06534,-26.9463],[-49.06551,-26.94603],[-49.06564,-26.94589],[-49.06582,-26.94562],[-49.0659,-26.94556],[-49.06612,-26.94545],[-49.06631,-26.94539],[-49.0667,-26.94536],[-49.06682,-26.94533],[-49.06693,-26.94528],[-49.06698,-26.94524],[-49.06697,-26.94518],[-49.06698,-26.94506],[-49.06695,-26.945],[-49.06693,-26.94498],[-49.06687,-26.94495],[-49.06657,-26.94488],[-49.06624,-26.94474],[-49.06607,-26.94458],[-49.06598,-26.94454],[-49.06548,-26.94451],[-49.06513,-26.94455],[-49.06493,-26.94457],[-49.06469,-26.94452],[-49.06464,-26.94451],[-49.06449,-26.94455],[-49.06426,-26.94463],[-49.06406,-26.94466],[-49.06386,-26.94465],[-49.06371,-26.94459],[-49.06365,-26.94454],[-49.06355,-26.94438],[-49.06348,-26.94432],[-49.06328,-26.94429],[-49.06303,-26.9443],[-49.06274,-26.94437],[-49.06256,-26.94444],[-49.0622,-26.94462],[-49.06202,-26.94478],[-49.0619,-26.94484],[-49.06171,-26.94492],[-49.06166,-26.94493],[-49.06157,-26.94494],[-49.06151,-26.94492],[-49.06148,-26.94489],[-49.06146,-26.94466],[-49.06155,-26.9445],[-49.06158,-26.94443],[-49.06159,-26.94438],[-49.06158,-26.94432],[-49.06143,-26.94414],[-49.06139,-26.94401],[-49.06141,-26.94383],[-49.06147,-26.94375],[-49.06172,-26.94363],[-49.06196,-26.94356],[-49.06205,-26.94353],[-49.06213,-26.94347],[-49.06226,-26.94333],[-49.06237,-26.94324],[-49.06254,-26.94314],[-49.06263,-26.9431],[-49.06311,-26.94295],[-49.06314,-26.94293],[-49.06343,-26.94287],[-49.0635,-26.94284],[-49.0635,-26.9428],[-49.0635,-26.94279],[-49.06354,-26.94279],[-49.06355,-26.94275],[-49.06366,-26.94273],[-49.06365,-26.94259],[-49.06354,-26.94259],[-49.06353,-26.94252],[-49.06323,-26.94255],[-49.0629,-26.94254],[-49.06276,-26.94252],[-49.06262,-26.94246],[-49.06255,-26.94244],[-49.06247,-26.94243],[-49.06244,-26.94227],[-49.06244,-26.94222],[-49.06242,-26.94207],[-49.06235,-26.94192],[-49.06228,-26.94178],[-49.06225,-26.94176],[-49.0622,-26.94174],[-49.0621,-26.94178],[-49.06193,-26.94194],[-49.06164,-26.94207],[-49.06148,-26.94219],[-49.0613,-26.94227],[-49.06121,-26.9423],[-49.06091,-26.9423],[-49.06076,-26.94232],[-49.06041,-26.94249],[-49.06031,-26.94248],[-49.06028,-26.94245],[-49.06029,-26.94236],[-49.06038,-26.94215],[-49.06041,-26.94193],[-49.06051,-26.94163],[-49.06055,-26.94154],[-49.06076,-26.94124],[-49.06083,-26.94102],[-49.06085,-26.94093],[-49.06083,-26.94076],[-49.06078,-26.94068],[-49.06074,-26.94065],[-49.0607,-26.94063],[-49.0606,-26.94062],[-49.0604,-26.94066],[-49.06039,-26.94062],[-49.06023,-26.94057],[-49.06018,-26.94056],[-49.06009,-26.94058],[-49.05998,-26.94068],[-49.05986,-26.94097],[-49.05979,-26.94104],[-49.05975,-26.94106],[-49.05955,-26.94107],[-49.05941,-26.94113],[-49.05933,-26.94118],[-49.05926,-26.94122],[-49.0592,-26.94127],[-49.05904,-26.94143],[-49.05882,-26.94178],[-49.05876,-26.94191],[-49.05878,-26.94213],[-49.05884,-26.9423],[-49.05879,-26.94242],[-49.05878,-26.94292],[-49.05876,-26.94314],[-49.05871,-26.94337],[-49.05867,-26.94344],[-49.05861,-26.94334],[-49.05845,-26.94318],[-49.05832,-26.9431],[-49.05812,-26.94308],[-49.05802,-26.94309],[-49.05789,-26.94316],[-49.05775,-26.94321],[-49.05756,-26.94325],[-49.05738,-26.94333],[-49.05725,-26.9434],[-49.05711,-26.94351],[-49.05706,-26.94356],[-49.05692,-26.94369],[-49.05678,-26.94387],[-49.05661,-26.94412],[-49.05649,-26.94454],[-49.05643,-26.94449],[-49.05638,-26.94443],[-49.05633,-26.94417],[-49.05644,-26.94382],[-49.05649,-26.94375],[-49.05659,-26.94364],[-49.05666,-26.94352],[-49.05671,-26.94321],[-49.05675,-26.94308],[-49.05676,-26.9429],[-49.05688,-26.94265],[-49.05693,-26.94239],[-49.05699,-26.94162],[-49.05709,-26.94132],[-49.05709,-26.94118],[-49.05708,-26.94112],[-49.05704,-26.94092],[-49.05689,-26.94078],[-49.05684,-26.94077],[-49.05667,-26.94072],[-49.05637,-26.94071],[-49.05632,-26.94071],[-49.05627,-26.94067],[-49.05624,-26.94067],[-49.0562,-26.94072],[-49.05616,-26.94082],[-49.05611,-26.94108],[-49.0561,-26.94112],[-49.05608,-26.94123],[-49.05612,-26.94124],[-49.05597,-26.94152],[-49.05588,-26.94164],[-49.05587,-26.94167],[-49.05589,-26.94169],[-49.05585,-26.94174],[-49.05574,-26.94184],[-49.05564,-26.94197],[-49.05545,-26.94204],[-49.05538,-26.94209],[-49.0553,-26.94225],[-49.05518,-26.94233],[-49.05511,-26.94239],[-49.05507,-26.94247],[-49.05506,-26.94259],[-49.05502,-26.94273],[-49.05488,-26.94292],[-49.05482,-26.94304],[-49.05474,-26.9431],[-49.05461,-26.94317],[-49.05445,-26.94334],[-49.0543,-26.94357],[-49.05419,-26.94382],[-49.05415,-26.9439],[-49.05409,-26.94398],[-49.05402,-26.94402],[-49.05396,-26.94403],[-49.05393,-26.94405],[-49.05393,-26.94402],[-49.05387,-26.94395],[-49.05386,-26.94384],[-49.05387,-26.94373],[-49.05391,-26.9436],[-49.0539,-26.94354],[-49.05398,-26.94333],[-49.054,-26.94327],[-49.05403,-26.94324],[-49.05415,-26.94315],[-49.0542,-26.94308],[-49.05423,-26.94302],[-49.05425,-26.94301],[-49.05429,-26.94288],[-49.05428,-26.94285],[-49.05443,-26.94278],[-49.05449,-26.94271],[-49.05455,-26.94258],[-49.05453,-26.9425],[-49.05455,-26.94243],[-49.05466,-26.94214],[-49.0547,-26.94208],[-49.05486,-26.94195],[-49.0549,-26.94188],[-49.0549,-26.94166],[-49.05497,-26.94152],[-49.05499,-26.94133],[-49.05498,-26.9413],[-49.0549,-26.94127],[-49.05469,-26.94126],[-49.05434,-26.94137],[-49.05422,-26.94142],[-49.05412,-26.9415],[-49.05406,-26.94153],[-49.05403,-26.94155],[-49.05382,-26.94161],[-49.05361,-26.94161],[-49.05353,-26.94159],[-49.05343,-26.94153],[-49.05339,-26.94146],[-49.05337,-26.94139],[-49.05337,-26.9412],[-49.05353,-26.94098],[-49.05367,-26.94067],[-49.05371,-26.94036],[-49.05386,-26.94005],[-49.0539,-26.94003],[-49.05393,-26.94004],[-49.054,-26.94],[-49.05402,-26.93997],[-49.0541,-26.93979],[-49.0541,-26.93967],[-49.05409,-26.93956],[-49.05407,-26.93948],[-49.05396,-26.93928],[-49.05391,-26.93929],[-49.0539,-26.93927],[-49.05389,-26.93925],[-49.05384,-26.93919],[-49.05382,-26.93917],[-49.05381,-26.93916],[-49.05378,-26.93915],[-49.05366,-26.93915],[-49.05365,-26.93914],[-49.05363,-26.93912],[-49.05362,-26.93912],[-49.05354,-26.93915],[-49.05342,-26.93919],[-49.05339,-26.93922],[-49.0533,-26.93934],[-49.0532,-26.93959],[-49.05316,-26.93986],[-49.05312,-26.93986],[-49.05309,-26.93988],[-49.05291,-26.94009],[-49.05265,-26.94021],[-49.05257,-26.94022],[-49.05243,-26.94014],[-49.05237,-26.94009],[-49.05215,-26.93962],[-49.05213,-26.93957],[-49.0521,-26.93957],[-49.05209,-26.93951],[-49.05207,-26.93946],[-49.05197,-26.9393],[-49.05193,-26.93926],[-49.05186,-26.93923],[-49.05177,-26.93925],[-49.05172,-26.93931],[-49.0517,-26.93938],[-49.05189,-26.93981],[-49.05189,-26.93995],[-49.0519,-26.93999],[-49.0519,-26.94004],[-49.0519,-26.94012],[-49.05187,-26.9402],[-49.05185,-26.94024],[-49.05176,-26.94039],[-49.05174,-26.94051],[-49.05182,-26.94072],[-49.05183,-26.94084],[-49.0518,-26.94095],[-49.05181,-26.94098],[-49.05191,-26.9411],[-49.052,-26.94131],[-49.05193,-26.94125],[-49.05144,-26.94093],[-49.05142,-26.94092],[-49.05135,-26.94088],[-49.05119,-26.94087],[-49.05106,-26.9409],[-49.05091,-26.94096],[-49.05089,-26.94085],[-49.05088,-26.94082],[-49.05082,-26.9407],[-49.05075,-26.94043],[-49.05072,-26.94036],[-49.05067,-26.94037],[-49.05056,-26.94004],[-49.05047,-26.93991],[-49.05038,-26.93977],[-49.05021,-26.93955],[-49.05011,-26.93948],[-49.05,-26.93942],[-49.04977,-26.93935],[-49.04968,-26.93933],[-49.04956,-26.93934],[-49.04954,-26.93937],[-49.04949,-26.93935],[-49.04944,-26.9394],[-49.04947,-26.93963],[-49.04946,-26.93974],[-49.04939,-26.93992],[-49.04939,-26.94004],[-49.04937,-26.94013],[-49.04936,-26.94016],[-49.04927,-26.94027],[-49.04918,-26.94044],[-49.04914,-26.94041],[-49.04907,-26.94028],[-49.04905,-26.94025],[-49.04899,-26.94019],[-49.04888,-26.94013],[-49.04888,-26.94009],[-49.04883,-26.94004],[-49.04868,-26.93997],[-49.0486,-26.93998],[-49.04849,-26.94003],[-49.04837,-26.94014],[-49.04827,-26.94034],[-49.04822,-26.94038],[-49.04809,-26.94041],[-49.04793,-26.94051],[-49.04786,-26.9406],[-49.04779,-26.94074],[-49.0477,-26.94079],[-49.04769,-26.94081],[-49.04765,-26.94074],[-49.04761,-26.94059],[-49.04751,-26.94051],[-49.04726,-26.94051],[-49.04694,-26.94055],[-49.04687,-26.94056],[-49.04664,-26.94056],[-49.04672,-26.94051],[-49.04688,-26.94048],[-49.04757,-26.94016],[-49.0477,-26.94008],[-49.04782,-26.93993],[-49.04788,-26.93971],[-49.04789,-26.93954],[-49.04796,-26.93946],[-49.04804,-26.93934],[-49.04805,-26.9392],[-49.04803,-26.93913],[-49.04798,-26.93906],[-49.04795,-26.93902],[-49.04792,-26.93899],[-49.04786,-26.93894],[-49.04749,-26.93872],[-49.04719,-26.93851],[-49.04732,-26.93845],[-49.04785,-26.93834],[-49.04823,-26.93831],[-49.04825,-26.93828],[-49.04824,-26.93826],[-49.04807,-26.93825],[-49.04808,-26.93821],[-49.04822,-26.93816],[-49.04829,-26.93804],[-49.04835,-26.9379],[-49.04838,-26.93788],[-49.04843,-26.93788],[-49.0485,-26.93784],[-49.04858,-26.93783],[-49.0487,-26.93785],[-49.0488,-26.93789],[-49.04886,-26.93792],[-49.04897,-26.93796],[-49.04909,-26.93795],[-49.04921,-26.93791],[-49.04943,-26.9378],[-49.04952,-26.93777],[-49.04961,-26.93769],[-49.04968,-26.93756],[-49.04966,-26.93751],[-49.0497,-26.93747],[-49.0497,-26.93741],[-49.04964,-26.93736],[-49.04928,-26.93718],[-49.04921,-26.93709],[-49.04919,-26.93706],[-49.0492,-26.93705],[-49.04924,-26.93702],[-49.04926,-26.93701],[-49.04927,-26.93697],[-49.0493,-26.93694],[-49.04934,-26.93693],[-49.04961,-26.93694],[-49.04967,-26.93694],[-49.04975,-26.93694],[-49.04977,-26.93691],[-49.04982,-26.93661],[-49.05011,-26.93668],[-49.05018,-26.93668],[-49.05026,-26.93666],[-49.05049,-26.93655],[-49.05062,-26.93655],[-49.0507,-26.93658],[-49.05076,-26.93662],[-49.05079,-26.9367],[-49.0508,-26.937],[-49.05087,-26.93708],[-49.05098,-26.93714],[-49.05106,-26.93714],[-49.05117,-26.93709],[-49.05123,-26.937],[-49.05126,-26.93696],[-49.05133,-26.93692],[-49.0515,-26.93692],[-49.05162,-26.93694],[-49.0517,-26.93697],[-49.05187,-26.93708],[-49.05197,-26.93723],[-49.0521,-26.93749],[-49.05212,-26.93752],[-49.05219,-26.93756],[-49.05225,-26.93754],[-49.05251,-26.93713],[-49.05263,-26.93703],[-49.0527,-26.93699],[-49.05278,-26.93696],[-49.0529,-26.93695],[-49.05301,-26.93703],[-49.05313,-26.93714],[-49.05321,-26.93715],[-49.05338,-26.93715],[-49.05392,-26.937],[-49.0541,-26.9369],[-49.05421,-26.9368],[-49.05426,-26.93675],[-49.05452,-26.93646],[-49.05471,-26.93615],[-49.05481,-26.93602],[-49.05486,-26.93587],[-49.05486,-26.93586],[-49.05487,-26.93572],[-49.05484,-26.93558],[-49.05474,-26.93555],[-49.05473,-26.93549],[-49.0547,-26.93546],[-49.05467,-26.93544],[-49.05462,-26.93543],[-49.05459,-26.93544],[-49.05451,-26.93547],[-49.05449,-26.9355],[-49.05441,-26.93548],[-49.05426,-26.93557],[-49.05385,-26.93575],[-49.05372,-26.93585],[-49.05351,-26.93599],[-49.05343,-26.93616],[-49.05331,-26.93627],[-49.05324,-26.93631],[-49.0532,-26.93632],[-49.05316,-26.93631],[-49.05297,-26.93612],[-49.0529,-26.93608],[-49.05278,-26.93593],[-49.0527,-26.93589],[-49.05257,-26.93587],[-49.05232,-26.9359],[-49.0518,-26.93591],[-49.05171,-26.9359],[-49.05167,-26.93589],[-49.05165,-26.93586],[-49.05165,-26.93578],[-49.05167,-26.93571],[-49.05175,-26.93558],[-49.05179,-26.93542],[-49.0518,-26.93531],[-49.05184,-26.93516],[-49.05196,-26.93501],[-49.05201,-26.9349],[-49.05201,-26.93489],[-49.05202,-26.93479],[-49.052,-26.93472],[-49.05192,-26.93462],[-49.05182,-26.93456],[-49.05178,-26.93457],[-49.05172,-26.93471],[-49.05167,-26.93478],[-49.05139,-26.93494],[-49.05131,-26.93498],[-49.05115,-26.935],[-49.05098,-26.93499],[-49.0509,-26.9349],[-49.05085,-26.9348],[-49.05082,-26.93478],[-49.05044,-26.93481],[-49.05031,-26.93477],[-49.05024,-26.93468],[-49.05018,-26.93458],[-49.05016,-26.93434],[-49.05016,-26.9343],[-49.05016,-26.93427],[-49.05013,-26.93425],[-49.05006,-26.93423],[-49.05014,-26.93375],[-49.05003,-26.93373],[-49.04998,-26.93371],[-49.04985,-26.93368],[-49.04967,-26.93367],[-49.04955,-26.93361],[-49.04946,-26.93357],[-49.04936,-26.93355],[-49.04916,-26.93354],[-49.04901,-26.93357],[-49.04896,-26.93356],[-49.04892,-26.93354],[-49.04886,-26.93349],[-49.04882,-26.93348],[-49.04896,-26.93334],[-49.04911,-26.93322],[-49.04938,-26.93302],[-49.04947,-26.93298],[-49.04968,-26.93294],[-49.04987,-26.93285],[-49.05032,-26.93257],[-49.05041,-26.93247],[-49.05042,-26.93246],[-49.05044,-26.93245],[-49.05075,-26.93231],[-49.05091,-26.93229],[-49.05104,-26.9323],[-49.05116,-26.93233],[-49.05127,-26.93239],[-49.05133,-26.93245],[-49.0514,-26.93259],[-49.05147,-26.93264],[-49.05153,-26.93265],[-49.05177,-26.93255],[-49.05185,-26.9325],[-49.05227,-26.93206],[-49.05238,-26.93198],[-49.05251,-26.93184],[-49.05261,-26.93176],[-49.05271,-26.93165],[-49.05276,-26.9315],[-49.05277,-26.93119],[-49.05288,-26.93097],[-49.05284,-26.93093],[-49.05175,-26.93099],[-49.05149,-26.931],[-49.05138,-26.93096],[-49.05133,-26.93091],[-49.05126,-26.93081],[-49.05125,-26.93074],[-49.05126,-26.93062],[-49.05129,-26.93053],[-49.05137,-26.93045],[-49.05166,-26.93025],[-49.05194,-26.93],[-49.05206,-26.92986],[-49.05212,-26.92974],[-49.05216,-26.92966],[-49.05216,-26.92961],[-49.05216,-26.92952],[-49.05211,-26.9293],[-49.05203,-26.92919],[-49.05217,-26.92912],[-49.0524,-26.92881],[-49.05243,-26.92867],[-49.05239,-26.9285],[-49.05238,-26.92846],[-49.05242,-26.92825],[-49.05243,-26.92822],[-49.05246,-26.92813],[-49.05251,-26.92808],[-49.05261,-26.92809],[-49.05291,-26.92826],[-49.05308,-26.92841],[-49.05309,-26.92843],[-49.05313,-26.92842],[-49.05347,-26.92818],[-49.05357,-26.92807],[-49.05366,-26.92802],[-49.05368,-26.92796],[-49.05364,-26.92791],[-49.05359,-26.92775],[-49.05357,-26.92771],[-49.05355,-26.92752],[-49.05355,-26.92749],[-49.05355,-26.92734],[-49.05359,-26.92715],[-49.05368,-26.92706],[-49.05373,-26.92695],[-49.05372,-26.9268],[-49.0537,-26.92646],[-49.05373,-26.92639],[-49.05374,-26.92638],[-49.05375,-26.92636],[-49.05383,-26.92629],[-49.05399,-26.92618],[-49.05407,-26.92616],[-49.05433,-26.92611],[-49.05435,-26.92608],[-49.05432,-26.92606],[-49.05427,-26.92601],[-49.05427,-26.92599],[-49.0543,-26.92597],[-49.05442,-26.92596],[-49.05458,-26.92583],[-49.05454,-26.92578],[-49.05459,-26.92571],[-49.05457,-26.92569],[-49.05458,-26.92566],[-49.05464,-26.92565],[-49.05464,-26.92563],[-49.0546,-26.92559],[-49.05454,-26.92558],[-49.05455,-26.92554],[-49.05519,-26.92477],[-49.05528,-26.92464],[-49.05529,-26.92462],[-49.05537,-26.9245],[-49.0555,-26.92439],[-49.05556,-26.92437],[-49.0556,-26.92427],[-49.0556,-26.92424],[-49.05566,-26.92411],[-49.05572,-26.92403],[-49.05574,-26.92393],[-49.05575,-26.92389],[-49.05576,-26.92385],[-49.05605,-26.92392],[-49.05615,-26.92392],[-49.05628,-26.92383],[-49.05649,-26.92366],[-49.0566,-26.92362],[-49.05659,-26.92388],[-49.05661,-26.92403],[-49.05665,-26.92414],[-49.05679,-26.92431],[-49.05681,-26.92432],[-49.05685,-26.92435],[-49.05698,-26.92441],[-49.05699,-26.92441],[-49.05721,-26.92444],[-49.05757,-26.92445],[-49.05799,-26.92443],[-49.05811,-26.92446],[-49.05837,-26.92447],[-49.05838,-26.92447],[-49.05877,-26.92447],[-49.05885,-26.92454],[-49.05888,-26.92458],[-49.05901,-26.92474],[-49.0591,-26.92494],[-49.05922,-26.92511],[-49.05935,-26.92527],[-49.05942,-26.92541],[-49.05943,-26.9255],[-49.05942,-26.92587],[-49.05937,-26.92625],[-49.05946,-26.92658],[-49.05979,-26.92744],[-49.0599,-26.92764],[-49.05997,-26.92789],[-49.06011,-26.92859],[-49.06026,-26.92883],[-49.06035,-26.92892],[-49.06073,-26.92931],[-49.06117,-26.92985],[-49.06135,-26.93004],[-49.06149,-26.9302],[-49.06169,-26.93042],[-49.06186,-26.93056],[-49.06201,-26.93076],[-49.06241,-26.93114],[-49.06262,-26.9313],[-49.06234,-26.93182],[-49.06222,-26.93198],[-49.06215,-26.93208],[-49.0621,-26.93223],[-49.06209,-26.93259],[-49.06213,-26.93276],[-49.06218,-26.93287],[-49.06235,-26.93307],[-49.06339,-26.93413],[-49.06388,-26.93457],[-49.06399,-26.93485],[-49.0641,-26.93496],[-49.06469,-26.93514],[-49.0649,-26.93519],[-49.06548,-26.93531],[-49.06589,-26.93548],[-49.06613,-26.93567],[-49.06656,-26.93607],[-49.06677,-26.93623],[-49.06707,-26.93647],[-49.0676,-26.93682],[-49.06785,-26.93702],[-49.06806,-26.93721],[-49.06829,-26.93744],[-49.06849,-26.93771],[-49.06882,-26.93806],[-49.0689,-26.9382],[-49.06924,-26.93896],[-49.06937,-26.93917],[-49.06951,-26.9393],[-49.06966,-26.93945],[-49.06979,-26.93958],[-49.07002,-26.93966],[-49.07098,-26.93948],[-49.07205,-26.93941],[-49.07242,-26.9394],[-49.07271,-26.93943],[-49.07298,-26.93948],[-49.07308,-26.93951],[-49.07357,-26.93969],[-49.0741,-26.93992],[-49.07462,-26.94018],[-49.07477,-26.94026],[-49.07501,-26.94041],[-49.07525,-26.94076],[-49.07539,-26.94102],[-49.07547,-26.94132],[-49.07557,-26.94194],[-49.07569,-26.94214],[-49.0758,-26.94228],[-49.07597,-26.94241],[-49.07607,-26.94249],[-49.07621,-26.94264],[-49.07698,-26.94371],[-49.07707,-26.94396],[-49.0772,-26.9446],[-49.07721,-26.94483],[-49.07721,-26.94493]]]}},{"type":"Feature","properties":{"bairro":"RIBEIRAO FRESCO","codigo":"3"},"geometry":{"type":"Polygon","coordinates":[[[-49.05576,-26.92385],[-49.05575,-26.92389],[-49.05574,-26.92393],[-49.05572,-26.92403],[-49.05566,-26.92411],[-49.0556,-26.92424],[-49.0556,-26.92427],[-49.05556,-26.92437],[-49.0555,-26.92439],[-49.05537,-26.9245],[-49.05529,-26.92462],[-49.05528,-26.92464],[-49.05519,-26.92477],[-49.05455,-26.92554],[-49.05454,-26.92558],[-49.0546,-26.92559],[-49.05464,-26.92563],[-49.05464,-26.92565],[-49.05458,-26.92566],[-49.05457,-26.92569],[-49.05459,-26.92571],[-49.05454,-26.92578],[-49.05458,-26.92583],[-49.05442,-26.92596],[-49.0543,-26.92597],[-49.05427,-26.92599],[-49.05427,-26.92601],[-49.05432,-26.92606],[-49.05435,-26.92608],[-49.05433,-26.92611],[-49.05407,-26.92616],[-49.05399,-26.92618],[-49.05383,-26.92629],[-49.05375,-26.92636],[-49.05374,-26.92638],[-49.05373,-26.92639],[-49.0537,-26.92646],[-49.05372,-26.9268],[-49.05373,-26.92695],[-49.05368,-26.92706],[-49.05359,-26.92715],[-49.05355,-26.92734],[-49.05355,-26.92749],[-49.05355,-26.92752],[-49.05357,-26.92771],[-49.05359,-26.92775],[-49.05364,-26.92791],[-49.05368,-26.92796],[-49.05366,-26.92802],[-49.05357,-26.92807],[-49.05347,-26.92818],[-49.05313,-26.92842],[-49.05309,-26.92843],[-49.05308,-26.92841],[-49.05291,-26.92826],[-49.05261,-26.92809],[-49.05251,-26.92808],[-49.05246,-26.92813],[-49.05243,-26.92822],[-49.05242,-26.92825],[-49.05238,-26.92846],[-49.05239,-26.9285],[-49.05243,-26.92867],[-49.0524,-26.92881],[-49.05217,-26.92912],[-49.05203,-26.92919],[-49.05193,-26.92909],[-49.0518,-26.92902],[-49.05171,-26.92898],[-49.05161,-26.92898],[-49.05156,-26.929],[-49.05142,-26.92913],[-49.05132,-26.92928],[-49.05123,-26.92944],[-49.0511,-26.92958],[-49.05072,-26.92979],[-49.05062,-26.92982],[-49.05044,-26.92982],[-49.05038,-26.92982],[-49.05022,-26.92979],[-49.04984,-26.92968],[-49.04969,-26.9297],[-49.04959,-26.92978],[-49.04949,-26.92988],[-49.04945,-26.92997],[-49.04944,-26.93015],[-49.04946,-26.93027],[-49.04956,-26.93054],[-49.04973,-26.93071],[-49.04984,-26.93093],[-49.04975,-26.93097],[-49.04961,-26.93111],[-49.04942,-26.93117],[-49.04927,-26.93119],[-49.04893,-26.93119],[-49.04881,-26.93121],[-49.04872,-26.93125],[-49.04867,-26.9313],[-49.04859,-26.93145],[-49.04856,-26.93143],[-49.0485,-26.93141],[-49.04837,-26.93142],[-49.04817,-26.93147],[-49.04782,-26.93166],[-49.04757,-26.93181],[-49.04748,-26.93189],[-49.04739,-26.93193],[-49.04718,-26.93197],[-49.0473,-26.93145],[-49.04732,-26.93124],[-49.04733,-26.9312],[-49.0474,-26.9309],[-49.04748,-26.93076],[-49.0475,-26.93067],[-49.04751,-26.93031],[-49.04747,-26.93014],[-49.04738,-26.92988],[-49.0473,-26.9296],[-49.04727,-26.92955],[-49.0472,-26.92946],[-49.0471,-26.92937],[-49.04705,-26.92934],[-49.04675,-26.92934],[-49.04652,-26.92942],[-49.04647,-26.92945],[-49.04642,-26.92952],[-49.0462,-26.92971],[-49.04615,-26.92979],[-49.04601,-26.93003],[-49.04595,-26.9301],[-49.04588,-26.93016],[-49.04553,-26.93035],[-49.04541,-26.93047],[-49.04535,-26.93046],[-49.0453,-26.93051],[-49.04524,-26.93046],[-49.0451,-26.93022],[-49.04499,-26.93007],[-49.04491,-26.92991],[-49.04469,-26.92962],[-49.04443,-26.92917],[-49.04437,-26.92912],[-49.04431,-26.92911],[-49.04427,-26.92913],[-49.04412,-26.92924],[-49.04404,-26.92935],[-49.04395,-26.92956],[-49.04381,-26.9298],[-49.04377,-26.93003],[-49.04382,-26.9302],[-49.04379,-26.93022],[-49.04364,-26.93024],[-49.04352,-26.93031],[-49.04349,-26.93036],[-49.04344,-26.93053],[-49.04349,-26.93065],[-49.04349,-26.93079],[-49.04347,-26.9309],[-49.04346,-26.93091],[-49.04339,-26.93098],[-49.04325,-26.93097],[-49.0432,-26.93098],[-49.04312,-26.93103],[-49.043,-26.93118],[-49.04296,-26.93133],[-49.04294,-26.93136],[-49.04281,-26.93093],[-49.04259,-26.93062],[-49.04256,-26.93055],[-49.04253,-26.93048],[-49.0425,-26.93026],[-49.04243,-26.93001],[-49.04226,-26.92962],[-49.04219,-26.92953],[-49.0421,-26.92948],[-49.04205,-26.92946],[-49.04196,-26.92944],[-49.04179,-26.92946],[-49.04116,-26.92979],[-49.041,-26.92984],[-49.04079,-26.92982],[-49.04067,-26.92979],[-49.04051,-26.92968],[-49.04043,-26.92959],[-49.04037,-26.92956],[-49.04026,-26.92958],[-49.04025,-26.92955],[-49.04019,-26.92949],[-49.04007,-26.9295],[-49.03996,-26.92955],[-49.03988,-26.92963],[-49.03983,-26.92971],[-49.03973,-26.92987],[-49.03963,-26.92995],[-49.03953,-26.93011],[-49.03934,-26.9303],[-49.0392,-26.9305],[-49.0392,-26.93053],[-49.03914,-26.93048],[-49.03905,-26.93039],[-49.03894,-26.93033],[-49.03872,-26.93023],[-49.03862,-26.93014],[-49.03855,-26.93006],[-49.03838,-26.92975],[-49.03833,-26.92968],[-49.03826,-26.92965],[-49.03817,-26.92964],[-49.03807,-26.9297],[-49.03792,-26.92983],[-49.03785,-26.92988],[-49.03771,-26.93002],[-49.0376,-26.93023],[-49.03745,-26.93042],[-49.03738,-26.93046],[-49.03726,-26.9305],[-49.03697,-26.93046],[-49.03685,-26.9305],[-49.03682,-26.93054],[-49.03676,-26.93079],[-49.03666,-26.93096],[-49.03659,-26.93102],[-49.03636,-26.93111],[-49.03616,-26.93123],[-49.03611,-26.93119],[-49.03595,-26.9313],[-49.03591,-26.93132],[-49.03589,-26.93128],[-49.03582,-26.93112],[-49.03574,-26.931],[-49.03569,-26.93093],[-49.03552,-26.93081],[-49.03532,-26.93074],[-49.03515,-26.93072],[-49.03481,-26.93077],[-49.03464,-26.93078],[-49.03451,-26.93075],[-49.03431,-26.93066],[-49.03423,-26.9306],[-49.03407,-26.93055],[-49.03421,-26.93032],[-49.03443,-26.93004],[-49.03449,-26.92994],[-49.03452,-26.92983],[-49.03451,-26.92979],[-49.03445,-26.92974],[-49.0344,-26.92972],[-49.03429,-26.92969],[-49.03414,-26.92962],[-49.03405,-26.92954],[-49.03399,-26.92944],[-49.03392,-26.92926],[-49.03391,-26.92915],[-49.03393,-26.92908],[-49.03405,-26.92897],[-49.03418,-26.92888],[-49.03424,-26.92874],[-49.03424,-26.92863],[-49.03423,-26.92855],[-49.03417,-26.92845],[-49.034,-26.92834],[-49.03387,-26.92826],[-49.03367,-26.92821],[-49.03357,-26.92817],[-49.03353,-26.92814],[-49.03327,-26.9279],[-49.03316,-26.92786],[-49.03307,-26.92786],[-49.03279,-26.92792],[-49.03253,-26.92803],[-49.03254,-26.92792],[-49.03259,-26.92777],[-49.03276,-26.92751],[-49.03278,-26.9274],[-49.03274,-26.92733],[-49.03256,-26.92718],[-49.03239,-26.92698],[-49.03301,-26.92695],[-49.03356,-26.92697],[-49.03377,-26.92694],[-49.03397,-26.92688],[-49.03417,-26.92685],[-49.03454,-26.92686],[-49.03479,-26.92691],[-49.03505,-26.92701],[-49.03545,-26.92727],[-49.03553,-26.92726],[-49.0356,-26.92722],[-49.03563,-26.92716],[-49.03562,-26.92708],[-49.03546,-26.92679],[-49.03541,-26.92664],[-49.03531,-26.92652],[-49.03513,-26.92638],[-49.03503,-26.92621],[-49.03502,-26.9261],[-49.03503,-26.92599],[-49.03509,-26.92581],[-49.03513,-26.92563],[-49.03519,-26.92549],[-49.03519,-26.92541],[-49.03517,-26.92531],[-49.03509,-26.92517],[-49.03495,-26.92503],[-49.03477,-26.92488],[-49.03449,-26.92471],[-49.0344,-26.92464],[-49.03427,-26.9244],[-49.03467,-26.92438],[-49.03495,-26.92432],[-49.03513,-26.92423],[-49.03533,-26.92405],[-49.03543,-26.92388],[-49.03547,-26.92378],[-49.03547,-26.92367],[-49.03545,-26.92359],[-49.03541,-26.92353],[-49.03533,-26.92344],[-49.03522,-26.92335],[-49.03507,-26.92323],[-49.035,-26.92314],[-49.03538,-26.92326],[-49.03551,-26.92327],[-49.03568,-26.92325],[-49.03573,-26.92324],[-49.03587,-26.9232],[-49.03596,-26.9232],[-49.03612,-26.92324],[-49.03627,-26.92332],[-49.03634,-26.92333],[-49.03642,-26.92334],[-49.03623,-26.92356],[-49.03617,-26.92368],[-49.03609,-26.92394],[-49.03607,-26.92412],[-49.03609,-26.92427],[-49.03615,-26.92444],[-49.03621,-26.92454],[-49.03629,-26.92463],[-49.03646,-26.92473],[-49.03651,-26.92488],[-49.03656,-26.9251],[-49.03663,-26.92527],[-49.0367,-26.92536],[-49.03692,-26.92553],[-49.03704,-26.92556],[-49.03716,-26.92555],[-49.03724,-26.92552],[-49.03767,-26.92529],[-49.03781,-26.92516],[-49.03789,-26.92512],[-49.03796,-26.9251],[-49.03804,-26.92512],[-49.03813,-26.9252],[-49.03823,-26.92531],[-49.03826,-26.92541],[-49.03828,-26.92546],[-49.03832,-26.92548],[-49.0384,-26.92548],[-49.03847,-26.92543],[-49.03857,-26.92531],[-49.03877,-26.92517],[-49.03892,-26.92512],[-49.03909,-26.92513],[-49.03916,-26.92511],[-49.03923,-26.92502],[-49.03938,-26.92463],[-49.03941,-26.92426],[-49.03944,-26.92419],[-49.03955,-26.92409],[-49.0396,-26.92409],[-49.03967,-26.92411],[-49.0399,-26.92419],[-49.03997,-26.92423],[-49.04016,-26.92443],[-49.04027,-26.92459],[-49.04038,-26.92487],[-49.04046,-26.925],[-49.04048,-26.92507],[-49.04049,-26.92522],[-49.04048,-26.92563],[-49.04049,-26.9257],[-49.04056,-26.92575],[-49.04064,-26.92577],[-49.04097,-26.9258],[-49.04126,-26.92576],[-49.04155,-26.92575],[-49.04166,-26.92571],[-49.04169,-26.92564],[-49.04168,-26.92553],[-49.04161,-26.92544],[-49.04148,-26.92529],[-49.04141,-26.92512],[-49.04139,-26.92505],[-49.04135,-26.92483],[-49.04135,-26.92464],[-49.04139,-26.92449],[-49.04148,-26.92437],[-49.04155,-26.92433],[-49.04171,-26.92429],[-49.04183,-26.9243],[-49.04207,-26.92434],[-49.04212,-26.92435],[-49.04224,-26.92433],[-49.04235,-26.92428],[-49.04246,-26.92417],[-49.04257,-26.92401],[-49.04267,-26.92394],[-49.04282,-26.92396],[-49.04278,-26.92413],[-49.04283,-26.92425],[-49.04294,-26.92434],[-49.04313,-26.9244],[-49.04328,-26.92444],[-49.04348,-26.92446],[-49.04368,-26.92446],[-49.04378,-26.92449],[-49.04411,-26.92467],[-49.04414,-26.9247],[-49.04419,-26.92483],[-49.04419,-26.92504],[-49.04421,-26.92512],[-49.04427,-26.9252],[-49.04434,-26.92524],[-49.04439,-26.92526],[-49.0445,-26.92529],[-49.0447,-26.92529],[-49.04504,-26.92532],[-49.04514,-26.92536],[-49.04524,-26.92546],[-49.04532,-26.92557],[-49.04547,-26.9259],[-49.04552,-26.92598],[-49.04564,-26.92607],[-49.04578,-26.9261],[-49.04593,-26.92609],[-49.04597,-26.92606],[-49.04605,-26.92594],[-49.04611,-26.92563],[-49.0461,-26.92527],[-49.04601,-26.92483],[-49.04598,-26.92415],[-49.04602,-26.92412],[-49.04637,-26.92412],[-49.04706,-26.92426],[-49.04711,-26.92425],[-49.04713,-26.92423],[-49.04713,-26.92419],[-49.04717,-26.92417],[-49.04723,-26.92425],[-49.04732,-26.92446],[-49.04737,-26.92451],[-49.04743,-26.92453],[-49.04757,-26.9245],[-49.04783,-26.92431],[-49.04809,-26.92412],[-49.04831,-26.92375],[-49.0484,-26.92376],[-49.04857,-26.92384],[-49.04861,-26.92387],[-49.04875,-26.92406],[-49.04886,-26.92415],[-49.04908,-26.9244],[-49.04917,-26.92443],[-49.04962,-26.92443],[-49.04972,-26.92442],[-49.04977,-26.9244],[-49.04989,-26.92425],[-49.04993,-26.92423],[-49.04998,-26.9242],[-49.05011,-26.92415],[-49.05021,-26.92415],[-49.05031,-26.92415],[-49.05062,-26.92422],[-49.05102,-26.92421],[-49.05131,-26.92415],[-49.0515,-26.92408],[-49.05193,-26.92396],[-49.05202,-26.92391],[-49.05206,-26.92384],[-49.05206,-26.92378],[-49.05254,-26.92376],[-49.05285,-26.92372],[-49.05302,-26.92366],[-49.05338,-26.92358],[-49.0535,-26.92357],[-49.05364,-26.92358],[-49.05372,-26.92355],[-49.05398,-26.92337],[-49.05411,-26.92332],[-49.05422,-26.92333],[-49.05433,-26.92336],[-49.05487,-26.92401],[-49.05493,-26.92399],[-49.05515,-26.92398],[-49.05522,-26.92396],[-49.05526,-26.92396],[-49.05538,-26.92391],[-49.05556,-26.92385],[-49.05569,-26.92386],[-49.05576,-26.92385]]]}},{"type":"Feature","properties":{"bairro":"PROGRESSO","codigo":"6"},"geometry":{"type":"Polygon","coordinates":[[[-49.06113,-26.99824],[-49.06113,-26.99824],[-49.06111,-26.99833],[-49.06105,-26.99833],[-49.061,-26.99833],[-49.06096,-26.99832],[-49.06095,-26.99832],[-49.06091,-26.99831],[-49.06085,-26.99828],[-49.06083,-26.99828],[-49.06081,-26.99827],[-49.06083,-26.99878],[-49.06081,-26.99879],[-49.06079,-26.9988],[-49.06076,-26.99883],[-49.06075,-26.99884],[-49.06071,-26.9989],[-49.06068,-26.99896],[-49.06064,-26.99903],[-49.06062,-26.99907],[-49.0606,-26.9991],[-49.06059,-26.99912],[-49.06057,-26.99916],[-49.06056,-26.99921],[-49.06055,-26.99922],[-49.06053,-26.99926],[-49.06052,-26.99929],[-49.0605,-26.9993],[-49.06048,-26.99931],[-49.06046,-26.99931],[-49.06044,-26.99929],[-49.06042,-26.99927],[-49.06039,-26.99925],[-49.06036,-26.99922],[-49.06033,-26.99918],[-49.06029,-26.99913],[-49.06025,-26.99911],[-49.06021,-26.9991],[-49.06016,-26.9991],[-49.06012,-26.99972],[-49.06006,-26.99972],[-49.06004,-26.99972],[-49.06002,-26.99973],[-49.06,-26.99973],[-49.05998,-26.99974],[-49.05994,-26.99976],[-49.05992,-26.99977],[-49.05989,-26.99979],[-49.05987,-26.9998],[-49.05986,-26.99981],[-49.05983,-26.99983],[-49.0598,-26.99984],[-49.05976,-26.99985],[-49.05973,-26.99985],[-49.05971,-26.99986],[-49.05964,-26.99987],[-49.05963,-26.99987],[-49.05958,-26.99987],[-49.05956,-26.99987],[-49.05949,-26.99987],[-49.05947,-26.99987],[-49.05941,-26.99986],[-49.05937,-26.99985],[-49.05932,-26.99983],[-49.05928,-26.99983],[-49.05923,-26.99981],[-49.0592,-26.99981],[-49.05917,-26.9998],[-49.05915,-26.99979],[-49.05912,-26.99979],[-49.0591,-26.99978],[-49.05909,-26.99978],[-49.05905,-26.99975],[-49.05902,-26.99972],[-49.05899,-26.9997],[-49.05896,-26.9997],[-49.05895,-26.9997],[-49.05892,-26.99971],[-49.05888,-26.99973],[-49.05883,-26.99975],[-49.05879,-26.99976],[-49.05873,-26.99979],[-49.05869,-26.99981],[-49.05865,-26.99982],[-49.05861,-26.99985],[-49.0586,-26.99985],[-49.05857,-26.99986],[-49.05854,-26.99988],[-49.05849,-26.9999],[-49.05847,-26.99991],[-49.05843,-26.99994],[-49.05842,-26.99995],[-49.0584,-26.99997],[-49.05839,-26.99998],[-49.05838,-27.0],[-49.05837,-27.00002],[-49.05836,-27.00005],[-49.05834,-27.00007],[-49.05833,-27.00008],[-49.0583,-27.00011],[-49.05828,-27.00013],[-49.05824,-27.00015],[-49.0582,-27.00017],[-49.05816,-27.00019],[-49.05811,-27.00022],[-49.05806,-27.00025],[-49.05801,-27.00027],[-49.05799,-27.00027],[-49.05793,-27.00027],[-49.05785,-27.00025],[-49.05782,-27.00023],[-49.05779,-27.0002],[-49.05775,-27.00014],[-49.05769,-27.00014],[-49.0576,-27.00012],[-49.05754,-27.00012],[-49.05748,-27.00012],[-49.05743,-27.00011],[-49.0574,-27.00012],[-49.05735,-27.00013],[-49.0573,-27.00013],[-49.05725,-27.00013],[-49.05722,-27.00013],[-49.05716,-27.00012],[-49.05709,-27.00012],[-49.05705,-27.00014],[-49.05701,-27.00014],[-49.05698,-27.00016],[-49.05695,-27.00018],[-49.05692,-27.0002],[-49.05689,-27.00022],[-49.05684,-27.00024],[-49.05677,-27.00028],[-49.05664,-27.00033],[-49.05653,-27.00038],[-49.05647,-27.0004],[-49.05643,-27.00041],[-49.05637,-27.00044],[-49.05635,-27.00041],[-49.05633,-27.00037],[-49.05633,-27.00035],[-49.05635,-27.00034],[-49.05636,-27.00033],[-49.05638,-27.00031],[-49.0564,-27.00029],[-49.05643,-27.00025],[-49.05646,-27.00021],[-49.05647,-27.00019],[-49.05649,-27.00016],[-49.05653,-27.00012],[-49.05657,-27.00008],[-49.0566,-27.00005],[-49.05661,-27.00003],[-49.05664,-27.00001],[-49.05667,-26.99998],[-49.05669,-26.99996],[-49.05672,-26.99994],[-49.05675,-26.99991],[-49.05677,-26.9999],[-49.0568,-26.99988],[-49.05684,-26.99984],[-49.05685,-26.99982],[-49.05687,-26.99979],[-49.05688,-26.99977],[-49.05689,-26.99976],[-49.05691,-26.9997],[-49.05692,-26.99966],[-49.05692,-26.99962],[-49.05694,-26.9995],[-49.05695,-26.99946],[-49.05697,-26.99937],[-49.05699,-26.9993],[-49.05701,-26.99922],[-49.05704,-26.99917],[-49.05707,-26.99912],[-49.0571,-26.99908],[-49.05716,-26.99898],[-49.05718,-26.99893],[-49.0572,-26.99889],[-49.0572,-26.99887],[-49.05721,-26.99881],[-49.0572,-26.99876],[-49.05719,-26.99872],[-49.05717,-26.99869],[-49.05715,-26.99867],[-49.05709,-26.99862],[-49.05705,-26.9986],[-49.057,-26.99858],[-49.05698,-26.99857],[-49.05696,-26.99854],[-49.05691,-26.9985],[-49.05687,-26.99847],[-49.05682,-26.9984],[-49.05681,-26.99837],[-49.05679,-26.99832],[-49.05679,-26.99828],[-49.05679,-26.99822],[-49.0568,-26.99813],[-49.05681,-26.9981],[-49.05683,-26.99805],[-49.05684,-26.99799],[-49.05685,-26.99794],[-49.05686,-26.99795],[-49.05688,-26.998],[-49.05691,-26.99805],[-49.05694,-26.9981],[-49.05698,-26.99813],[-49.05703,-26.99817],[-49.0571,-26.99821],[-49.05714,-26.99822],[-49.0572,-26.99825],[-49.05724,-26.99827],[-49.05736,-26.99829],[-49.05742,-26.9983],[-49.05754,-26.99832],[-49.05762,-26.99834],[-49.05769,-26.99839],[-49.05776,-26.99844],[-49.05784,-26.9985],[-49.05791,-26.99855],[-49.05794,-26.99857],[-49.05798,-26.99859],[-49.05807,-26.99862],[-49.05813,-26.99861],[-49.05822,-26.9986],[-49.05832,-26.99859],[-49.05841,-26.99857],[-49.05846,-26.99855],[-49.05848,-26.99854],[-49.05852,-26.99851],[-49.05863,-26.99845],[-49.05871,-26.9984],[-49.05876,-26.99839],[-49.05885,-26.99836],[-49.05887,-26.99834],[-49.05891,-26.99831],[-49.05896,-26.99828],[-49.05899,-26.99828],[-49.05901,-26.99829],[-49.05903,-26.9983],[-49.05907,-26.99832],[-49.05912,-26.99832],[-49.05913,-26.99833],[-49.05915,-26.99833],[-49.05919,-26.99834],[-49.05921,-26.99834],[-49.05921,-26.99828],[-49.05919,-26.99825],[-49.05919,-26.99824],[-49.05919,-26.99821],[-49.0592,-26.99819],[-49.05923,-26.99815],[-49.05928,-26.99809],[-49.05931,-26.99806],[-49.05936,-26.99805],[-49.05939,-26.99804],[-49.05943,-26.99801],[-49.05951,-26.99796],[-49.05955,-26.99793],[-49.05959,-26.99792],[-49.05968,-26.99789],[-49.05973,-26.99787],[-49.0598,-26.99784],[-49.05988,-26.99781],[-49.05992,-26.99778],[-49.05999,-26.99775],[-49.06004,-26.99772],[-49.06009,-26.99768],[-49.06014,-26.99766],[-49.0602,-26.99762],[-49.06026,-26.9976],[-49.06032,-26.99757],[-49.0604,-26.99756],[-49.06046,-26.99754],[-49.0605,-26.99754],[-49.06059,-26.99753],[-49.06063,-26.99753],[-49.0607,-26.99753],[-49.06076,-26.99753],[-49.0608,-26.99753],[-49.06083,-26.99753],[-49.0609,-26.99753],[-49.06094,-26.99753],[-49.06098,-26.99752],[-49.06102,-26.9975],[-49.06106,-26.99748],[-49.06111,-26.99746],[-49.06114,-26.99745],[-49.06116,-26.99744],[-49.06119,-26.99742],[-49.06123,-26.9974],[-49.06128,-26.99737],[-49.06131,-26.99735],[-49.06135,-26.99733],[-49.06138,-26.99731],[-49.0614,-26.99729],[-49.06143,-26.99727],[-49.06146,-26.99726],[-49.06149,-26.99724],[-49.06151,-26.9972],[-49.06152,-26.99714],[-49.06154,-26.99709],[-49.06155,-26.99704],[-49.06156,-26.997],[-49.06157,-26.99696],[-49.06157,-26.99692],[-49.06157,-26.99685],[-49.06158,-26.99681],[-49.06159,-26.99679],[-49.06162,-26.99675],[-49.06163,-26.99673],[-49.06166,-26.99667],[-49.06167,-26.99666],[-49.06168,-26.99661],[-49.06169,-26.99658],[-49.0617,-26.99656],[-49.06174,-26.99646],[-49.06179,-26.99638],[-49.06163,-26.99624],[-49.06162,-26.9962],[-49.06161,-26.99617],[-49.06157,-26.99612],[-49.06156,-26.99609],[-49.06155,-26.99607],[-49.06152,-26.99604],[-49.0615,-26.99602],[-49.06148,-26.99601],[-49.06144,-26.99599],[-49.06141,-26.99598],[-49.06136,-26.99596],[-49.06133,-26.99595],[-49.06131,-26.99594],[-49.06126,-26.99593],[-49.06124,-26.99593],[-49.0612,-26.99592],[-49.06117,-26.99591],[-49.06115,-26.99591],[-49.06113,-26.9959],[-49.0611,-26.9959],[-49.06107,-26.9959],[-49.06105,-26.99589],[-49.06104,-26.99589],[-49.06102,-26.99588],[-49.06099,-26.99586],[-49.06094,-26.99583],[-49.0609,-26.99581],[-49.06089,-26.9958],[-49.06086,-26.99578],[-49.06084,-26.99577],[-49.06082,-26.99576],[-49.06077,-26.99575],[-49.06073,-26.99574],[-49.0607,-26.99574],[-49.06075,-26.99573],[-49.06078,-26.99572],[-49.0608,-26.99571],[-49.06083,-26.99571],[-49.06085,-26.99569],[-49.06088,-26.99568],[-49.06092,-26.99565],[-49.06094,-26.99564],[-49.06096,-26.99562],[-49.06096,-26.9956],[-49.06097,-26.99556],[-49.06097,-26.99554],[-49.06097,-26.9955],[-49.06097,-26.99548],[-49.06097,-26.99545],[-49.06097,-26.99543],[-49.06097,-26.99536],[-49.06095,-26.9953],[-49.06094,-26.99527],[-49.06093,-26.99526],[-49.06092,-26.99524],[-49.06089,-26.99522],[-49.06089,-26.99521],[-49.06089,-26.9952],[-49.06089,-26.99519],[-49.06089,-26.99519],[-49.0609,-26.99518],[-49.0609,-26.99518],[-49.06091,-26.99517],[-49.06093,-26.99517],[-49.06095,-26.99516],[-49.06097,-26.99513],[-49.061,-26.9951],[-49.06104,-26.99507],[-49.06107,-26.99503],[-49.06108,-26.99501],[-49.06113,-26.99495],[-49.06116,-26.99492],[-49.0612,-26.99487],[-49.06125,-26.9948],[-49.06127,-26.99478],[-49.06129,-26.99471],[-49.06131,-26.99465],[-49.06133,-26.99459],[-49.06134,-26.99453],[-49.06136,-26.99448],[-49.06138,-26.99441],[-49.0614,-26.99436],[-49.06142,-26.9943],[-49.06146,-26.99422],[-49.06148,-26.99417],[-49.06148,-26.99414],[-49.06148,-26.99411],[-49.06148,-26.99407],[-49.06149,-26.99404],[-49.0615,-26.99402],[-49.06152,-26.994],[-49.06153,-26.994],[-49.06155,-26.994],[-49.06156,-26.994],[-49.06157,-26.99401],[-49.06158,-26.99402],[-49.0616,-26.99403],[-49.06162,-26.99405],[-49.06163,-26.99406],[-49.06166,-26.99407],[-49.06169,-26.99408],[-49.06176,-26.9941],[-49.06184,-26.99413],[-49.06189,-26.99414],[-49.06192,-26.99414],[-49.06197,-26.99414],[-49.062,-26.99414],[-49.06203,-26.99413],[-49.06208,-26.99413],[-49.06215,-26.99413],[-49.06221,-26.99414],[-49.06227,-26.99413],[-49.06231,-26.99414],[-49.06235,-26.99414],[-49.06238,-26.99413],[-49.0624,-26.99413],[-49.06243,-26.99411],[-49.06244,-26.99409],[-49.06245,-26.99406],[-49.06245,-26.99404],[-49.06246,-26.99401],[-49.06246,-26.99397],[-49.06247,-26.99394],[-49.06247,-26.99393],[-49.06248,-26.99389],[-49.06249,-26.99386],[-49.0625,-26.99381],[-49.06251,-26.99378],[-49.06252,-26.99375],[-49.06254,-26.99371],[-49.06256,-26.99367],[-49.06259,-26.99362],[-49.06261,-26.9936],[-49.06263,-26.99359],[-49.06267,-26.99358],[-49.06272,-26.99358],[-49.06275,-26.99359],[-49.06278,-26.9936],[-49.06279,-26.99361],[-49.06281,-26.99363],[-49.06282,-26.99364],[-49.06292,-26.99349],[-49.06293,-26.99349],[-49.06298,-26.99351],[-49.06304,-26.99353],[-49.06309,-26.99355],[-49.06313,-26.99357],[-49.06317,-26.9936],[-49.06321,-26.99362],[-49.06324,-26.99365],[-49.06327,-26.99366],[-49.06332,-26.99368],[-49.06336,-26.99369],[-49.06341,-26.99372],[-49.06344,-26.99374],[-49.06346,-26.99375],[-49.06349,-26.99377],[-49.06352,-26.99381],[-49.06355,-26.99384],[-49.06355,-26.99386],[-49.06357,-26.99388],[-49.06358,-26.99391],[-49.06358,-26.99393],[-49.06358,-26.99397],[-49.06359,-26.994],[-49.0636,-26.99402],[-49.06361,-26.99404],[-49.06364,-26.99408],[-49.06364,-26.99409],[-49.06365,-26.99412],[-49.06365,-26.99415],[-49.06365,-26.99417],[-49.06365,-26.99419],[-49.06366,-26.99421],[-49.06367,-26.99425],[-49.06368,-26.99428],[-49.06369,-26.9943],[-49.06374,-26.99435],[-49.06378,-26.99439],[-49.06381,-26.99443],[-49.06382,-26.99445],[-49.06384,-26.99446],[-49.06386,-26.99448],[-49.0639,-26.9945],[-49.06392,-26.99452],[-49.06395,-26.99454],[-49.06396,-26.99455],[-49.06399,-26.99458],[-49.064,-26.99458],[-49.06404,-26.9946],[-49.06407,-26.9946],[-49.06411,-26.99459],[-49.06416,-26.99458],[-49.0642,-26.99457],[-49.06425,-26.99455],[-49.06428,-26.99453],[-49.06432,-26.99451],[-49.06436,-26.9945],[-49.0644,-26.99447],[-49.06442,-26.99445],[-49.06446,-26.99443],[-49.06448,-26.99442],[-49.06453,-26.9944],[-49.06456,-26.99439],[-49.06459,-26.99438],[-49.06462,-26.99436],[-49.06466,-26.99433],[-49.06474,-26.9943],[-49.06479,-26.99427],[-49.06485,-26.99425],[-49.0649,-26.99423],[-49.06495,-26.99423],[-49.06498,-26.99423],[-49.06478,-26.99482],[-49.06479,-26.99483],[-49.06482,-26.99499],[-49.06482,-26.99526],[-49.06481,-26.9953],[-49.06478,-26.99549],[-49.06482,-26.9956],[-49.06484,-26.99572],[-49.065,-26.99589],[-49.06516,-26.99614],[-49.06523,-26.99618],[-49.06527,-26.99617],[-49.0654,-26.9961],[-49.06566,-26.99591],[-49.0657,-26.99589],[-49.06576,-26.99589],[-49.06585,-26.99594],[-49.06601,-26.99621],[-49.06607,-26.99626],[-49.06619,-26.99632],[-49.06632,-26.99636],[-49.06649,-26.99637],[-49.06657,-26.99637],[-49.06666,-26.99635],[-49.06727,-26.99611],[-49.06749,-26.99611],[-49.06779,-26.99617],[-49.06796,-26.99618],[-49.06796,-26.99653],[-49.06787,-26.99734],[-49.06798,-26.99731],[-49.06803,-26.99725],[-49.06809,-26.99711],[-49.06818,-26.99703],[-49.06838,-26.99679],[-49.06849,-26.99675],[-49.06874,-26.99671],[-49.06893,-26.99657],[-49.06897,-26.99651],[-49.06906,-26.99643],[-49.06926,-26.99619],[-49.06949,-26.99584],[-49.06961,-26.99559],[-49.06976,-26.99543],[-49.06974,-26.99509],[-49.06979,-26.99495],[-49.06985,-26.9949],[-49.06993,-26.99488],[-49.06997,-26.99486],[-49.07003,-26.99468],[-49.07004,-26.9945],[-49.07009,-26.99444],[-49.07009,-26.9944],[-49.07,-26.99428],[-49.06988,-26.99417],[-49.06985,-26.99412],[-49.06989,-26.99407],[-49.07,-26.99402],[-49.07006,-26.99396],[-49.07013,-26.99385],[-49.07014,-26.99371],[-49.07012,-26.99348],[-49.07013,-26.9932],[-49.07018,-26.99301],[-49.07024,-26.99288],[-49.07027,-26.99281],[-49.07054,-26.99242],[-49.07057,-26.99234],[-49.07053,-26.99224],[-49.07039,-26.99216],[-49.07036,-26.99213],[-49.07035,-26.9921],[-49.07041,-26.99195],[-49.07053,-26.99178],[-49.07071,-26.99168],[-49.07106,-26.99158],[-49.07108,-26.99158],[-49.0712,-26.99152],[-49.07139,-26.99138],[-49.07142,-26.99136],[-49.07143,-26.99135],[-49.07141,-26.9913],[-49.07142,-26.9912],[-49.07069,-26.9912],[-49.07011,-26.99118],[-49.06989,-26.99116],[-49.06983,-26.99111],[-49.06968,-26.99106],[-49.06939,-26.99105],[-49.06913,-26.99107],[-49.06908,-26.99108],[-49.06894,-26.99115],[-49.06869,-26.99121],[-49.06866,-26.99119],[-49.06863,-26.99103],[-49.0686,-26.99101],[-49.06854,-26.991],[-49.06849,-26.99092],[-49.06831,-26.99088],[-49.06828,-26.99086],[-49.06782,-26.99087],[-49.06756,-26.99091],[-49.06753,-26.99077],[-49.06744,-26.99077],[-49.06733,-26.99082],[-49.06725,-26.99082],[-49.06714,-26.99076],[-49.06709,-26.9907],[-49.06713,-26.9907],[-49.06724,-26.99063],[-49.06726,-26.99059],[-49.06726,-26.99044],[-49.06745,-26.9904],[-49.0675,-26.99036],[-49.06754,-26.99038],[-49.06774,-26.99033],[-49.06791,-26.99025],[-49.06791,-26.99022],[-49.06793,-26.99021],[-49.06797,-26.99012],[-49.06795,-26.98991],[-49.06796,-26.98986],[-49.06799,-26.98985],[-49.0682,-26.99003],[-49.06846,-26.99003],[-49.06848,-26.9901],[-49.06849,-26.99012],[-49.0685,-26.99014],[-49.06863,-26.99016],[-49.06885,-26.99005],[-49.06888,-26.99006],[-49.06888,-26.99011],[-49.06891,-26.9902],[-49.06893,-26.99024],[-49.06899,-26.99028],[-49.06903,-26.99029],[-49.06906,-26.99027],[-49.06912,-26.99022],[-49.06921,-26.99008],[-49.06922,-26.98999],[-49.0692,-26.98994],[-49.06914,-26.98985],[-49.06911,-26.9897],[-49.06908,-26.98965],[-49.06903,-26.98953],[-49.06902,-26.98934],[-49.06908,-26.98916],[-49.06915,-26.98903],[-49.06926,-26.98891],[-49.06945,-26.98878],[-49.06957,-26.98875],[-49.06958,-26.98908],[-49.0696,-26.98918],[-49.06965,-26.98927],[-49.06991,-26.98951],[-49.07001,-26.98959],[-49.07009,-26.98963],[-49.07034,-26.98965],[-49.07047,-26.98963],[-49.07072,-26.98954],[-49.07096,-26.98942],[-49.07112,-26.9894],[-49.07144,-26.98941],[-49.07171,-26.98944],[-49.07181,-26.98948],[-49.07197,-26.98962],[-49.07204,-26.98963],[-49.07213,-26.9896],[-49.07232,-26.98941],[-49.07259,-26.98921],[-49.07274,-26.98915],[-49.07288,-26.98908],[-49.07287,-26.98906],[-49.07308,-26.98855],[-49.07315,-26.98816],[-49.07324,-26.9879],[-49.07325,-26.98763],[-49.07322,-26.98756],[-49.07313,-26.98748],[-49.07311,-26.98737],[-49.07313,-26.98726],[-49.07317,-26.98719],[-49.07324,-26.98709],[-49.07332,-26.98702],[-49.07336,-26.987],[-49.07337,-26.98699],[-49.07337,-26.98699],[-49.0736,-26.9869],[-49.07368,-26.98688],[-49.07383,-26.98677],[-49.07403,-26.98664],[-49.07435,-26.98629],[-49.07446,-26.98611],[-49.07457,-26.98586],[-49.07481,-26.98554],[-49.07488,-26.9854],[-49.0749,-26.98528],[-49.07496,-26.98518],[-49.07496,-26.98515],[-49.07492,-26.98509],[-49.07488,-26.98506],[-49.07471,-26.98502],[-49.0746,-26.98497],[-49.07453,-26.98488],[-49.07451,-26.98472],[-49.07454,-26.98457],[-49.07463,-26.98439],[-49.0749,-26.98414],[-49.07501,-26.98408],[-49.07513,-26.98396],[-49.07517,-26.98394],[-49.07533,-26.9839],[-49.07561,-26.98373],[-49.07571,-26.98356],[-49.07571,-26.98328],[-49.07566,-26.9831],[-49.0756,-26.98301],[-49.07554,-26.98295],[-49.07527,-26.98279],[-49.07519,-26.98277],[-49.07511,-26.98277],[-49.07504,-26.98273],[-49.07502,-26.9827],[-49.07501,-26.98243],[-49.07491,-26.98224],[-49.07489,-26.9822],[-49.07468,-26.98183],[-49.07466,-26.9817],[-49.07469,-26.98164],[-49.07469,-26.98156],[-49.07464,-26.98146],[-49.07456,-26.98143],[-49.07448,-26.98143],[-49.07432,-26.98147],[-49.07421,-26.98153],[-49.07404,-26.9817],[-49.07398,-26.9818],[-49.07391,-26.98202],[-49.07379,-26.9822],[-49.07367,-26.98224],[-49.07355,-26.98225],[-49.07344,-26.98231],[-49.07341,-26.98233],[-49.07329,-26.98238],[-49.07324,-26.98242],[-49.07321,-26.98247],[-49.0732,-26.98266],[-49.07314,-26.98284],[-49.07307,-26.98293],[-49.07291,-26.98305],[-49.07281,-26.98315],[-49.07279,-26.98303],[-49.07275,-26.98296],[-49.07258,-26.98278],[-49.07253,-26.98275],[-49.07242,-26.98268],[-49.07231,-26.98264],[-49.07227,-26.98258],[-49.07253,-26.98245],[-49.07262,-26.98238],[-49.07262,-26.98234],[-49.07263,-26.98164],[-49.07256,-26.98126],[-49.07252,-26.98083],[-49.07243,-26.98051],[-49.07231,-26.98032],[-49.07234,-26.9803],[-49.07246,-26.98028],[-49.07258,-26.98024],[-49.07266,-26.98024],[-49.07282,-26.98026],[-49.07288,-26.98027],[-49.07332,-26.98033],[-49.07343,-26.9803],[-49.07371,-26.98031],[-49.07394,-26.98031],[-49.07406,-26.98029],[-49.07422,-26.98025],[-49.07435,-26.98016],[-49.07449,-26.97999],[-49.07451,-26.97995],[-49.07463,-26.97973],[-49.07492,-26.97934],[-49.07496,-26.97885],[-49.07499,-26.97869],[-49.07504,-26.97858],[-49.07508,-26.97828],[-49.07515,-26.97806],[-49.07515,-26.97787],[-49.07513,-26.97744],[-49.07513,-26.97739],[-49.07511,-26.97693],[-49.07512,-26.97679],[-49.07519,-26.97662],[-49.07519,-26.97658],[-49.07522,-26.97653],[-49.07519,-26.97651],[-49.07494,-26.97646],[-49.07475,-26.9764],[-49.07464,-26.97628],[-49.07458,-26.97624],[-49.07443,-26.97615],[-49.07434,-26.97614],[-49.0743,-26.97615],[-49.074,-26.97643],[-49.07397,-26.97646],[-49.07393,-26.97653],[-49.07386,-26.97671],[-49.07371,-26.97695],[-49.07363,-26.97704],[-49.07351,-26.97712],[-49.07346,-26.97716],[-49.07336,-26.97725],[-49.07319,-26.97736],[-49.07309,-26.97748],[-49.0729,-26.97777],[-49.07282,-26.97786],[-49.07258,-26.97793],[-49.07219,-26.9782],[-49.07195,-26.97811],[-49.07183,-26.97811],[-49.07172,-26.97816],[-49.07169,-26.97819],[-49.07164,-26.97833],[-49.07163,-26.97837],[-49.07147,-26.97881],[-49.07143,-26.97887],[-49.07134,-26.97895],[-49.07114,-26.9792],[-49.07104,-26.97927],[-49.07103,-26.97928],[-49.0709,-26.9794],[-49.07089,-26.97946],[-49.07086,-26.97948],[-49.07068,-26.97952],[-49.07056,-26.97949],[-49.07046,-26.97932],[-49.07038,-26.97907],[-49.0704,-26.97899],[-49.07046,-26.97884],[-49.07048,-26.97861],[-49.07047,-26.97854],[-49.07041,-26.97848],[-49.07031,-26.9784],[-49.07017,-26.97833],[-49.06997,-26.97828],[-49.06983,-26.97829],[-49.06957,-26.97845],[-49.06943,-26.97851],[-49.06936,-26.97854],[-49.06921,-26.97856],[-49.06904,-26.97853],[-49.06902,-26.97853],[-49.069,-26.97856],[-49.06897,-26.97853],[-49.06896,-26.97852],[-49.0688,-26.97847],[-49.06801,-26.9783],[-49.06763,-26.97829],[-49.0675,-26.9783],[-49.06726,-26.97836],[-49.06705,-26.97838],[-49.06719,-26.97833],[-49.06733,-26.97825],[-49.06745,-26.97809],[-49.06748,-26.97794],[-49.06748,-26.97786],[-49.0674,-26.97768],[-49.06777,-26.97769],[-49.06803,-26.97767],[-49.06829,-26.97764],[-49.06862,-26.97758],[-49.06894,-26.97747],[-49.06921,-26.97729],[-49.06936,-26.97717],[-49.06945,-26.97708],[-49.06962,-26.97699],[-49.06973,-26.97688],[-49.06996,-26.9768],[-49.07017,-26.97674],[-49.07038,-26.97673],[-49.07058,-26.97678],[-49.07071,-26.97679],[-49.07075,-26.97678],[-49.07081,-26.97673],[-49.07081,-26.97666],[-49.07078,-26.97663],[-49.07064,-26.97655],[-49.07045,-26.97641],[-49.07019,-26.97627],[-49.07002,-26.97616],[-49.06992,-26.97608],[-49.06987,-26.97602],[-49.06971,-26.97575],[-49.06968,-26.97568],[-49.06976,-26.97566],[-49.06992,-26.97566],[-49.07003,-26.9757],[-49.07013,-26.97576],[-49.07026,-26.97582],[-49.07032,-26.97585],[-49.07052,-26.9759],[-49.07082,-26.97604],[-49.07111,-26.97609],[-49.07123,-26.97608],[-49.07154,-26.97597],[-49.07161,-26.97593],[-49.07189,-26.97571],[-49.07196,-26.97558],[-49.07208,-26.97547],[-49.07213,-26.97543],[-49.07224,-26.97526],[-49.07223,-26.97511],[-49.07226,-26.97502],[-49.07231,-26.97496],[-49.07236,-26.97494],[-49.0724,-26.97481],[-49.07251,-26.97482],[-49.07257,-26.97467],[-49.07262,-26.97468],[-49.07272,-26.97455],[-49.07276,-26.97448],[-49.07284,-26.97439],[-49.07291,-26.97422],[-49.07295,-26.97417],[-49.07298,-26.97408],[-49.07298,-26.97401],[-49.07292,-26.97387],[-49.07283,-26.97379],[-49.07276,-26.97374],[-49.07267,-26.97379],[-49.07264,-26.97377],[-49.07257,-26.97382],[-49.0725,-26.97385],[-49.07239,-26.97396],[-49.07226,-26.97397],[-49.07219,-26.97401],[-49.07216,-26.97408],[-49.0719,-26.97414],[-49.0717,-26.9742],[-49.07143,-26.9742],[-49.07137,-26.97414],[-49.07141,-26.97409],[-49.07135,-26.97387],[-49.07128,-26.97378],[-49.07121,-26.97373],[-49.07105,-26.97369],[-49.0708,-26.97367],[-49.07068,-26.97364],[-49.07051,-26.97353],[-49.07044,-26.97344],[-49.07033,-26.97324],[-49.07029,-26.97309],[-49.0702,-26.97287],[-49.07018,-26.97276],[-49.07019,-26.9723],[-49.07017,-26.97218],[-49.07011,-26.97208],[-49.07004,-26.97203],[-49.06996,-26.972],[-49.06992,-26.97201],[-49.06989,-26.97201],[-49.06972,-26.97203],[-49.06969,-26.97206],[-49.06971,-26.9721],[-49.06967,-26.97214],[-49.06964,-26.9722],[-49.06953,-26.97255],[-49.06944,-26.9727],[-49.0694,-26.97279],[-49.06935,-26.9728],[-49.06932,-26.97284],[-49.06928,-26.97286],[-49.06915,-26.97287],[-49.06905,-26.97271],[-49.06899,-26.97266],[-49.06889,-26.97261],[-49.06872,-26.97241],[-49.06869,-26.97236],[-49.06861,-26.97228],[-49.0686,-26.97226],[-49.06855,-26.97222],[-49.06854,-26.97218],[-49.06857,-26.97208],[-49.06856,-26.97205],[-49.06823,-26.97211],[-49.06814,-26.97211],[-49.0681,-26.97209],[-49.06806,-26.97198],[-49.06808,-26.97187],[-49.06812,-26.97178],[-49.06813,-26.97176],[-49.06831,-26.97147],[-49.06843,-26.97136],[-49.06853,-26.97118],[-49.06857,-26.97113],[-49.06877,-26.97094],[-49.06881,-26.97087],[-49.0688,-26.97083],[-49.06876,-26.97082],[-49.06877,-26.97074],[-49.06868,-26.97062],[-49.06864,-26.97047],[-49.06859,-26.97036],[-49.06849,-26.97029],[-49.06855,-26.96989],[-49.06843,-26.96987],[-49.06837,-26.96986],[-49.06808,-26.96985],[-49.06787,-26.96981],[-49.0678,-26.96977],[-49.06774,-26.96967],[-49.06776,-26.96949],[-49.06786,-26.96928],[-49.06789,-26.96926],[-49.06824,-26.96912],[-49.06833,-26.96904],[-49.06836,-26.96897],[-49.06835,-26.96889],[-49.06833,-26.96886],[-49.06794,-26.96863],[-49.06782,-26.96853],[-49.06779,-26.96842],[-49.0678,-26.96835],[-49.06784,-26.96828],[-49.06792,-26.9682],[-49.06803,-26.96814],[-49.06827,-26.96808],[-49.06856,-26.96802],[-49.06866,-26.96802],[-49.06871,-26.96802],[-49.06926,-26.96814],[-49.06934,-26.96814],[-49.06949,-26.96808],[-49.06956,-26.96807],[-49.06958,-26.96798],[-49.06974,-26.96795],[-49.06982,-26.96787],[-49.06984,-26.96779],[-49.06982,-26.96772],[-49.06978,-26.96761],[-49.06968,-26.96745],[-49.06967,-26.96738],[-49.0697,-26.96727],[-49.06994,-26.967],[-49.07023,-26.96676],[-49.07039,-26.96652],[-49.07051,-26.96622],[-49.07053,-26.96585],[-49.07061,-26.96569],[-49.07064,-26.96565],[-49.0707,-26.96544],[-49.07062,-26.96527],[-49.07061,-26.96519],[-49.07063,-26.96516],[-49.07082,-26.96495],[-49.07098,-26.96482],[-49.07123,-26.96467],[-49.07151,-26.96457],[-49.07162,-26.96452],[-49.07173,-26.96445],[-49.07175,-26.96442],[-49.07174,-26.96438],[-49.07169,-26.96431],[-49.07162,-26.96426],[-49.07138,-26.96418],[-49.07108,-26.96415],[-49.07061,-26.96414],[-49.07048,-26.9641],[-49.07038,-26.96401],[-49.07032,-26.96391],[-49.0703,-26.96378],[-49.07022,-26.9636],[-49.0702,-26.96357],[-49.07015,-26.96356],[-49.07006,-26.96358],[-49.07001,-26.9636],[-49.06989,-26.96367],[-49.06978,-26.96375],[-49.06958,-26.96396],[-49.06951,-26.96406],[-49.0695,-26.9641],[-49.06943,-26.96425],[-49.06936,-26.96435],[-49.06907,-26.96467],[-49.06889,-26.96479],[-49.0686,-26.96488],[-49.06842,-26.9649],[-49.06816,-26.96489],[-49.068,-26.96483],[-49.06767,-26.96474],[-49.06751,-26.96471],[-49.06732,-26.96472],[-49.06719,-26.96469],[-49.06707,-26.96464],[-49.06682,-26.96448],[-49.0667,-26.96443],[-49.06657,-26.96444],[-49.06649,-26.96447],[-49.0664,-26.96424],[-49.06634,-26.96417],[-49.0663,-26.96416],[-49.06624,-26.96414],[-49.06606,-26.96415],[-49.06583,-26.96413],[-49.06577,-26.96408],[-49.06569,-26.96393],[-49.06568,-26.96389],[-49.06564,-26.96376],[-49.06567,-26.96359],[-49.06575,-26.96343],[-49.06594,-26.96326],[-49.06606,-26.96311],[-49.06615,-26.96273],[-49.06616,-26.96269],[-49.06618,-26.9626],[-49.06617,-26.96231],[-49.06619,-26.96201],[-49.06617,-26.96201],[-49.06602,-26.96204],[-49.06596,-26.96206],[-49.06581,-26.96206],[-49.06584,-26.96203],[-49.06587,-26.96201],[-49.06588,-26.962],[-49.06621,-26.96176],[-49.06629,-26.96173],[-49.06657,-26.96156],[-49.06667,-26.96148],[-49.06673,-26.96144],[-49.06683,-26.96139],[-49.06691,-26.96134],[-49.06693,-26.96133],[-49.06697,-26.9613],[-49.06707,-26.96123],[-49.06722,-26.96115],[-49.06728,-26.96112],[-49.06731,-26.9611],[-49.06737,-26.96106],[-49.06747,-26.96101],[-49.06752,-26.96098],[-49.06763,-26.96093],[-49.0677,-26.96091],[-49.06779,-26.96087],[-49.06788,-26.96084],[-49.06814,-26.96072],[-49.0683,-26.96066],[-49.06838,-26.96065],[-49.06846,-26.96065],[-49.06856,-26.96066],[-49.06877,-26.96069],[-49.06882,-26.96069],[-49.0689,-26.96071],[-49.06898,-26.96073],[-49.06906,-26.9608],[-49.06954,-26.96027],[-49.06999,-26.96059],[-49.07015,-26.9604],[-49.07017,-26.96038],[-49.0702,-26.96035],[-49.07023,-26.96031],[-49.07032,-26.96021],[-49.07064,-26.96024],[-49.07094,-26.96016],[-49.07104,-26.96008],[-49.07111,-26.96003],[-49.07128,-26.9599],[-49.07135,-26.95985],[-49.07147,-26.95975],[-49.07155,-26.95969],[-49.07163,-26.95962],[-49.07189,-26.95941],[-49.07195,-26.95936],[-49.072,-26.95932],[-49.07203,-26.95934],[-49.07211,-26.95945],[-49.07215,-26.95949],[-49.07218,-26.95953],[-49.07259,-26.95997],[-49.07289,-26.95961],[-49.07297,-26.95941],[-49.07308,-26.95925],[-49.0732,-26.95913],[-49.07322,-26.95911],[-49.07326,-26.95908],[-49.07336,-26.95912],[-49.07357,-26.95909],[-49.07378,-26.95909],[-49.07398,-26.95912],[-49.0741,-26.95915],[-49.07421,-26.9592],[-49.0743,-26.95922],[-49.07455,-26.95922],[-49.07471,-26.95926],[-49.0749,-26.95936],[-49.0753,-26.95963],[-49.07549,-26.95974],[-49.07554,-26.95976],[-49.07577,-26.9599],[-49.07619,-26.95992],[-49.07623,-26.95992],[-49.07649,-26.95991],[-49.07704,-26.95985],[-49.07717,-26.95985],[-49.07729,-26.95988],[-49.0775,-26.96006],[-49.07762,-26.9601],[-49.0777,-26.9601],[-49.07794,-26.96004],[-49.07818,-26.95988],[-49.07868,-26.95968],[-49.07884,-26.95965],[-49.07893,-26.95965],[-49.07904,-26.95969],[-49.07912,-26.95969],[-49.0792,-26.95972],[-49.07927,-26.95976],[-49.07928,-26.95977],[-49.07923,-26.95985],[-49.07936,-26.95995],[-49.07943,-26.96003],[-49.0795,-26.96008],[-49.07949,-26.96012],[-49.07951,-26.96015],[-49.07974,-26.96023],[-49.07994,-26.96037],[-49.08002,-26.96059],[-49.08011,-26.96067],[-49.08021,-26.96074],[-49.08024,-26.96081],[-49.08025,-26.96088],[-49.08021,-26.96103],[-49.08022,-26.96114],[-49.08037,-26.9615],[-49.08065,-26.96167],[-49.08055,-26.96174],[-49.0805,-26.9618],[-49.08049,-26.96191],[-49.08056,-26.96205],[-49.0807,-26.96218],[-49.0808,-26.96225],[-49.08094,-26.96239],[-49.081,-26.96249],[-49.08103,-26.96252],[-49.08107,-26.96255],[-49.08107,-26.96259],[-49.0811,-26.96264],[-49.08123,-26.96275],[-49.08126,-26.9629],[-49.0813,-26.96292],[-49.08133,-26.963],[-49.08134,-26.963],[-49.0814,-26.96301],[-49.0817,-26.96301],[-49.08173,-26.96312],[-49.08179,-26.96323],[-49.08182,-26.96326],[-49.08184,-26.96327],[-49.08197,-26.96339],[-49.08207,-26.96345],[-49.08212,-26.96351],[-49.08212,-26.96355],[-49.08209,-26.96358],[-49.08195,-26.96366],[-49.08195,-26.96372],[-49.08192,-26.96374],[-49.08188,-26.9638],[-49.08189,-26.96384],[-49.08216,-26.96407],[-49.08221,-26.96409],[-49.08243,-26.96419],[-49.08223,-26.96432],[-49.08219,-26.96445],[-49.08214,-26.96455],[-49.08212,-26.96463],[-49.08206,-26.96466],[-49.08204,-26.96469],[-49.08196,-26.96469],[-49.08195,-26.96478],[-49.0818,-26.96479],[-49.08164,-26.96484],[-49.08147,-26.96486],[-49.08131,-26.96492],[-49.08126,-26.96497],[-49.08121,-26.96504],[-49.08112,-26.96531],[-49.08105,-26.96549],[-49.08092,-26.96559],[-49.08079,-26.9656],[-49.0807,-26.9656],[-49.08042,-26.96551],[-49.08024,-26.96553],[-49.08011,-26.96552],[-49.07997,-26.96555],[-49.0798,-26.96571],[-49.07969,-26.96588],[-49.07967,-26.96592],[-49.07964,-26.96608],[-49.07967,-26.96635],[-49.07972,-26.96658],[-49.07973,-26.96682],[-49.07972,-26.96691],[-49.07965,-26.9671],[-49.07958,-26.96714],[-49.07954,-26.96715],[-49.07941,-26.96712],[-49.07924,-26.96706],[-49.07898,-26.96705],[-49.07879,-26.96714],[-49.07862,-26.96733],[-49.07859,-26.96735],[-49.07851,-26.96737],[-49.07835,-26.96732],[-49.07816,-26.96722],[-49.07803,-26.96711],[-49.07792,-26.96705],[-49.07769,-26.96703],[-49.07756,-26.96705],[-49.07735,-26.96713],[-49.07726,-26.96721],[-49.07719,-26.9673],[-49.07701,-26.96772],[-49.07693,-26.9678],[-49.07685,-26.96783],[-49.07668,-26.96786],[-49.07645,-26.96785],[-49.07571,-26.9677],[-49.07546,-26.96763],[-49.07529,-26.96761],[-49.07525,-26.96761],[-49.07514,-26.96767],[-49.07504,-26.96774],[-49.07502,-26.96781],[-49.075,-26.96785],[-49.07497,-26.96787],[-49.07488,-26.96801],[-49.07495,-26.96807],[-49.07504,-26.96828],[-49.07508,-26.96832],[-49.07519,-26.96841],[-49.07529,-26.96855],[-49.0753,-26.96856],[-49.07542,-26.96874],[-49.07578,-26.96907],[-49.07588,-26.96914],[-49.07592,-26.96921],[-49.07609,-26.96937],[-49.07623,-26.96951],[-49.07637,-26.96969],[-49.07648,-26.96982],[-49.0765,-26.96984],[-49.07663,-26.96991],[-49.07672,-26.96994],[-49.07715,-26.96993],[-49.07727,-26.96996],[-49.07749,-26.97009],[-49.07751,-26.97011],[-49.07753,-26.97014],[-49.07761,-26.97019],[-49.07766,-26.97019],[-49.0777,-26.97018],[-49.07774,-26.97019],[-49.07797,-26.97051],[-49.07808,-26.97057],[-49.07827,-26.97073],[-49.07829,-26.97075],[-49.07841,-26.97089],[-49.07845,-26.97097],[-49.07852,-26.97127],[-49.07852,-26.97139],[-49.07855,-26.9715],[-49.07862,-26.97161],[-49.07868,-26.97165],[-49.07872,-26.97165],[-49.0789,-26.97158],[-49.07916,-26.97158],[-49.07939,-26.97162],[-49.07971,-26.97162],[-49.08008,-26.97161],[-49.08026,-26.97159],[-49.08032,-26.97159],[-49.08073,-26.97158],[-49.08083,-26.9716],[-49.08087,-26.97144],[-49.08102,-26.97111],[-49.08106,-26.97109],[-49.08112,-26.97121],[-49.08117,-26.97127],[-49.08126,-26.97129],[-49.08138,-26.97128],[-49.08167,-26.97121],[-49.08218,-26.97118],[-49.08226,-26.97116],[-49.0823,-26.97105],[-49.08228,-26.9709],[-49.08219,-26.97078],[-49.08218,-26.97067],[-49.08215,-26.97058],[-49.08213,-26.97056],[-49.08198,-26.97051],[-49.0819,-26.97043],[-49.08186,-26.97032],[-49.08185,-26.97009],[-49.08186,-26.96955],[-49.08188,-26.96947],[-49.08192,-26.96936],[-49.08197,-26.9693],[-49.08206,-26.96924],[-49.08222,-26.96913],[-49.08238,-26.96914],[-49.08255,-26.96927],[-49.08264,-26.96952],[-49.08266,-26.96955],[-49.08276,-26.96966],[-49.08293,-26.96979],[-49.08304,-26.96983],[-49.08316,-26.96985],[-49.08342,-26.96987],[-49.08359,-26.96985],[-49.08412,-26.96959],[-49.08433,-26.9694],[-49.08452,-26.9691],[-49.08467,-26.96897],[-49.0847,-26.96981],[-49.0847,-26.96985],[-49.08466,-26.97006],[-49.08452,-26.97034],[-49.08452,-26.97045],[-49.08453,-26.97048],[-49.0846,-26.97053],[-49.08472,-26.97055],[-49.0851,-26.97054],[-49.08557,-26.97056],[-49.08559,-26.97056],[-49.0856,-26.97052],[-49.08586,-26.97053],[-49.08588,-26.97051],[-49.0863,-26.97047],[-49.08677,-26.97047],[-49.08698,-26.97046],[-49.08732,-26.97038],[-49.08767,-26.97042],[-49.08796,-26.97047],[-49.0883,-26.97039],[-49.08855,-26.97038],[-49.08859,-26.97036],[-49.08868,-26.97028],[-49.08879,-26.97024],[-49.08887,-26.97022],[-49.08895,-26.97018],[-49.08894,-26.96999],[-49.08895,-26.96991],[-49.08903,-26.96973],[-49.08913,-26.96905],[-49.08971,-26.96924],[-49.09024,-26.96934],[-49.09039,-26.96936],[-49.09045,-26.96935],[-49.09051,-26.96931],[-49.09065,-26.96919],[-49.09083,-26.96899],[-49.09088,-26.96888],[-49.09088,-26.96884],[-49.09085,-26.96878],[-49.09067,-26.96868],[-49.09062,-26.96863],[-49.0906,-26.96859],[-49.09069,-26.96859],[-49.09075,-26.96854],[-49.09084,-26.96842],[-49.09093,-26.96821],[-49.09099,-26.96815],[-49.091,-26.96816],[-49.09114,-26.96819],[-49.09137,-26.96832],[-49.09143,-26.96836],[-49.09157,-26.96841],[-49.09178,-26.96842],[-49.09201,-26.96834],[-49.09211,-26.96828],[-49.09218,-26.96819],[-49.09226,-26.96798],[-49.09238,-26.96777],[-49.09241,-26.96773],[-49.09244,-26.9677],[-49.09263,-26.96769],[-49.09274,-26.96763],[-49.09282,-26.96755],[-49.09284,-26.96748],[-49.09283,-26.9674],[-49.09278,-26.96734],[-49.09271,-26.9673],[-49.09271,-26.96726],[-49.09275,-26.96719],[-49.09271,-26.96717],[-49.09272,-26.96716],[-49.09274,-26.96712],[-49.09279,-26.9671],[-49.09284,-26.96704],[-49.09291,-26.96668],[-49.09293,-26.96664],[-49.09303,-26.96658],[-49.09308,-26.96648],[-49.09309,-26.96641],[-49.09326,-26.96602],[-49.09328,-26.96591],[-49.09328,-26.9659],[-49.09332,-26.96581],[-49.09342,-26.96575],[-49.09344,-26.96563],[-49.09342,-26.96547],[-49.09339,-26.96534],[-49.09341,-26.96526],[-49.09343,-26.96522],[-49.09347,-26.96518],[-49.09347,-26.96516],[-49.09351,-26.96519],[-49.09352,-26.9652],[-49.09356,-26.96525],[-49.09366,-26.96535],[-49.0937,-26.96534],[-49.09371,-26.96536],[-49.09374,-26.96533],[-49.09375,-26.96534],[-49.09381,-26.96531],[-49.09381,-26.96529],[-49.09385,-26.96524],[-49.09389,-26.96512],[-49.09392,-26.96506],[-49.094,-26.96501],[-49.09403,-26.965],[-49.09429,-26.9649],[-49.09454,-26.96472],[-49.0946,-26.96464],[-49.09465,-26.96452],[-49.09455,-26.96436],[-49.09454,-26.96434],[-49.09451,-26.96431],[-49.09445,-26.96421],[-49.09454,-26.9643],[-49.09477,-26.96441],[-49.0949,-26.96443],[-49.09497,-26.96439],[-49.09499,-26.96438],[-49.09514,-26.96436],[-49.09534,-26.96441],[-49.09551,-26.96441],[-49.0958,-26.96436],[-49.09583,-26.96438],[-49.09551,-26.96446],[-49.09538,-26.96449],[-49.09516,-26.9645],[-49.09515,-26.96456],[-49.09507,-26.96456],[-49.09498,-26.96458],[-49.09484,-26.96466],[-49.09462,-26.9649],[-49.09431,-26.9651],[-49.0942,-26.96523],[-49.09414,-26.96536],[-49.09412,-26.96548],[-49.09408,-26.96584],[-49.09406,-26.96591],[-49.09405,-26.96599],[-49.09396,-26.96601],[-49.0939,-26.96606],[-49.09374,-26.96611],[-49.09372,-26.96618],[-49.0937,-26.96652],[-49.09359,-26.96684],[-49.09358,-26.96695],[-49.09365,-26.96703],[-49.09377,-26.96707],[-49.09383,-26.96711],[-49.09382,-26.96712],[-49.09381,-26.96717],[-49.09377,-26.96723],[-49.09349,-26.96729],[-49.09347,-26.96732],[-49.09347,-26.96736],[-49.09352,-26.96741],[-49.09356,-26.96743],[-49.09353,-26.96753],[-49.09353,-26.96761],[-49.09354,-26.96768],[-49.09356,-26.96771],[-49.09359,-26.96774],[-49.09362,-26.96783],[-49.09359,-26.96795],[-49.09367,-26.96803],[-49.09374,-26.96807],[-49.09385,-26.96822],[-49.09393,-26.96827],[-49.09394,-26.96831],[-49.09405,-26.9683],[-49.09408,-26.96848],[-49.0941,-26.96851],[-49.09414,-26.96853],[-49.09464,-26.96852],[-49.0948,-26.96849],[-49.09484,-26.96847],[-49.09485,-26.96853],[-49.0949,-26.96858],[-49.0949,-26.96865],[-49.09491,-26.96865],[-49.09489,-26.9687],[-49.09483,-26.96873],[-49.09488,-26.96896],[-49.09494,-26.96901],[-49.09508,-26.96903],[-49.09508,-26.96909],[-49.09505,-26.96915],[-49.09506,-26.96924],[-49.09505,-26.96926],[-49.09496,-26.96926],[-49.09487,-26.96933],[-49.09475,-26.96934],[-49.0947,-26.96934],[-49.09464,-26.96935],[-49.09458,-26.96936],[-49.09454,-26.96938],[-49.09448,-26.9694],[-49.09444,-26.96941],[-49.09438,-26.96942],[-49.09429,-26.96942],[-49.09427,-26.96939],[-49.09424,-26.96939],[-49.09414,-26.96949],[-49.09405,-26.96951],[-49.09397,-26.96953],[-49.0939,-26.96954],[-49.09379,-26.9695],[-49.09362,-26.96948],[-49.09351,-26.96945],[-49.09333,-26.96946],[-49.0933,-26.96947],[-49.09319,-26.96957],[-49.09317,-26.96967],[-49.09293,-26.96978],[-49.09271,-26.96985],[-49.09265,-26.9699],[-49.09255,-26.97006],[-49.0925,-26.97016],[-49.09249,-26.97024],[-49.09257,-26.97035],[-49.09281,-26.97055],[-49.09301,-26.97069],[-49.09316,-26.97076],[-49.0934,-26.97083],[-49.09381,-26.97092],[-49.09412,-26.97103],[-49.0945,-26.97132],[-49.09472,-26.97143],[-49.09491,-26.97157],[-49.09515,-26.9717],[-49.09518,-26.97171],[-49.09528,-26.97173],[-49.09535,-26.9717],[-49.09551,-26.97148],[-49.09568,-26.97132],[-49.09581,-26.97124],[-49.09612,-26.97111],[-49.09623,-26.97107],[-49.09642,-26.97105],[-49.09661,-26.97116],[-49.0967,-26.97118],[-49.09678,-26.9712],[-49.09689,-26.97121],[-49.0971,-26.9712],[-49.09734,-26.97117],[-49.09782,-26.97106],[-49.09806,-26.97093],[-49.09816,-26.97085],[-49.09854,-26.97041],[-49.09871,-26.9702],[-49.09883,-26.97009],[-49.09903,-26.96997],[-49.09926,-26.96981],[-49.09948,-26.9696],[-49.0998,-26.96938],[-49.10031,-26.96908],[-49.10048,-26.96899],[-49.1006,-26.96889],[-49.10067,-26.96885],[-49.10109,-26.96869],[-49.10119,-26.96862],[-49.10128,-26.96859],[-49.10146,-26.96853],[-49.10154,-26.96852],[-49.10175,-26.96855],[-49.10191,-26.96853],[-49.102,-26.96844],[-49.10198,-26.96835],[-49.10201,-26.96834],[-49.10204,-26.96837],[-49.10216,-26.96851],[-49.10221,-26.96851],[-49.10288,-26.96798],[-49.10294,-26.96792],[-49.10297,-26.96785],[-49.10303,-26.96785],[-49.1031,-26.96777],[-49.10317,-26.96782],[-49.10318,-26.96784],[-49.10318,-26.96788],[-49.10318,-26.96801],[-49.10314,-26.96809],[-49.10294,-26.96826],[-49.10291,-26.96825],[-49.10287,-26.96828],[-49.10265,-26.96844],[-49.10249,-26.96861],[-49.10218,-26.96884],[-49.10199,-26.9689],[-49.10191,-26.9689],[-49.1018,-26.96887],[-49.10175,-26.96895],[-49.10154,-26.96898],[-49.1015,-26.969],[-49.10146,-26.96907],[-49.1014,-26.96909],[-49.10139,-26.96913],[-49.10131,-26.96914],[-49.10126,-26.96918],[-49.10123,-26.96925],[-49.10117,-26.96932],[-49.1011,-26.96936],[-49.10081,-26.96956],[-49.10068,-26.9697],[-49.10057,-26.96988],[-49.10053,-26.96994],[-49.10035,-26.97008],[-49.1003,-26.97022],[-49.10026,-26.97022],[-49.10024,-26.97044],[-49.10016,-26.97044],[-49.10009,-26.97061],[-49.10003,-26.97067],[-49.09995,-26.97075],[-49.09982,-26.97081],[-49.09979,-26.97093],[-49.09976,-26.97099],[-49.09969,-26.97098],[-49.09967,-26.97104],[-49.09971,-26.97108],[-49.09971,-26.97116],[-49.09952,-26.97113],[-49.09941,-26.97113],[-49.09931,-26.97113],[-49.09926,-26.97114],[-49.09926,-26.97118],[-49.09918,-26.97119],[-49.09912,-26.97119],[-49.09905,-26.97122],[-49.09896,-26.9713],[-49.09897,-26.97134],[-49.09888,-26.97137],[-49.09882,-26.97141],[-49.09879,-26.97144],[-49.09879,-26.97154],[-49.09874,-26.97155],[-49.09871,-26.9716],[-49.0986,-26.97157],[-49.09856,-26.97158],[-49.09847,-26.97168],[-49.09833,-26.97177],[-49.0981,-26.97179],[-49.09802,-26.97177],[-49.09796,-26.97173],[-49.09785,-26.97173],[-49.09761,-26.9718],[-49.09732,-26.97186],[-49.09683,-26.97189],[-49.0967,-26.97191],[-49.09662,-26.97191],[-49.0965,-26.97193],[-49.09641,-26.972],[-49.09638,-26.97207],[-49.09639,-26.97209],[-49.09629,-26.97221],[-49.09626,-26.97237],[-49.09623,-26.97237],[-49.09619,-26.97259],[-49.0961,-26.97259],[-49.09593,-26.97261],[-49.09584,-26.97264],[-49.09553,-26.97281],[-49.09517,-26.9729],[-49.09506,-26.97295],[-49.09496,-26.97301],[-49.09491,-26.9731],[-49.09489,-26.97321],[-49.09489,-26.97338],[-49.09494,-26.97356],[-49.09502,-26.97365],[-49.09531,-26.97387],[-49.09538,-26.97396],[-49.09541,-26.97403],[-49.09543,-26.97418],[-49.09541,-26.97447],[-49.09536,-26.97453],[-49.09533,-26.97461],[-49.09533,-26.97482],[-49.09539,-26.97528],[-49.0954,-26.97535],[-49.09544,-26.97554],[-49.09552,-26.97572],[-49.09552,-26.97589],[-49.09542,-26.97592],[-49.09546,-26.97604],[-49.09531,-26.97614],[-49.09529,-26.97622],[-49.0953,-26.97627],[-49.09534,-26.97645],[-49.09538,-26.97653],[-49.09539,-26.97658],[-49.09545,-26.97667],[-49.09556,-26.97676],[-49.09592,-26.97694],[-49.09595,-26.97699],[-49.09594,-26.97714],[-49.09627,-26.97733],[-49.09644,-26.97742],[-49.09653,-26.97749],[-49.09594,-26.97735],[-49.09575,-26.97728],[-49.09566,-26.97722],[-49.09552,-26.97714],[-49.09529,-26.9771],[-49.09509,-26.97708],[-49.095,-26.97704],[-49.09497,-26.97701],[-49.09487,-26.97698],[-49.0947,-26.97694],[-49.09468,-26.97694],[-49.09467,-26.97697],[-49.09452,-26.97693],[-49.09452,-26.97689],[-49.09451,-26.97688],[-49.09447,-26.97684],[-49.09436,-26.97682],[-49.09428,-26.97672],[-49.09427,-26.9767],[-49.09406,-26.97644],[-49.09411,-26.97637],[-49.09411,-26.97632],[-49.09404,-26.9761],[-49.09401,-26.97595],[-49.09397,-26.9759],[-49.09392,-26.97586],[-49.09389,-26.97582],[-49.09388,-26.97574],[-49.09389,-26.97559],[-49.09399,-26.97537],[-49.094,-26.97526],[-49.09397,-26.97518],[-49.09385,-26.975],[-49.09381,-26.97494],[-49.09372,-26.97487],[-49.09366,-26.97485],[-49.09358,-26.97485],[-49.0934,-26.97487],[-49.09347,-26.97465],[-49.09347,-26.9745],[-49.09346,-26.97444],[-49.09326,-26.97417],[-49.09318,-26.97391],[-49.09299,-26.97357],[-49.09295,-26.9735],[-49.09262,-26.97312],[-49.09256,-26.97307],[-49.09223,-26.97288],[-49.09215,-26.97288],[-49.09211,-26.97288],[-49.092,-26.97293],[-49.09187,-26.97307],[-49.09178,-26.97312],[-49.0917,-26.97307],[-49.09167,-26.97301],[-49.09156,-26.9729],[-49.09133,-26.97273],[-49.09109,-26.97266],[-49.09088,-26.97265],[-49.09073,-26.97269],[-49.09056,-26.9728],[-49.09043,-26.97295],[-49.09022,-26.97329],[-49.09017,-26.97332],[-49.09006,-26.97338],[-49.08969,-26.97354],[-49.08939,-26.97354],[-49.08931,-26.97352],[-49.08923,-26.97348],[-49.08921,-26.97345],[-49.08932,-26.97327],[-49.08942,-26.973],[-49.08942,-26.97296],[-49.08938,-26.97286],[-49.0894,-26.97252],[-49.08938,-26.97226],[-49.08935,-26.97223],[-49.08928,-26.9722],[-49.08903,-26.97221],[-49.08898,-26.97221],[-49.08883,-26.97223],[-49.08856,-26.9723],[-49.08852,-26.97231],[-49.0883,-26.97237],[-49.08801,-26.97242],[-49.08798,-26.97243],[-49.08769,-26.9725],[-49.08754,-26.97257],[-49.0874,-26.97257],[-49.08735,-26.97257],[-49.08721,-26.97255],[-49.08717,-26.97255],[-49.08693,-26.97261],[-49.0868,-26.9727],[-49.08669,-26.97286],[-49.08656,-26.97296],[-49.08651,-26.97301],[-49.08644,-26.97323],[-49.08644,-26.97325],[-49.08639,-26.97346],[-49.08627,-26.9737],[-49.08622,-26.97376],[-49.08613,-26.97384],[-49.08601,-26.97387],[-49.08597,-26.97386],[-49.08594,-26.97383],[-49.08591,-26.97368],[-49.08587,-26.97357],[-49.08587,-26.97355],[-49.08579,-26.97332],[-49.08572,-26.97323],[-49.08569,-26.97321],[-49.0856,-26.9732],[-49.08548,-26.97323],[-49.08535,-26.97332],[-49.08524,-26.97349],[-49.08522,-26.9736],[-49.08522,-26.97383],[-49.08521,-26.97389],[-49.08518,-26.97388],[-49.08513,-26.97389],[-49.08501,-26.97404],[-49.08495,-26.97405],[-49.08488,-26.97397],[-49.08483,-26.97388],[-49.08481,-26.9738],[-49.0848,-26.97366],[-49.08473,-26.97352],[-49.08469,-26.97346],[-49.08464,-26.97342],[-49.08458,-26.9734],[-49.08458,-26.97336],[-49.08456,-26.97336],[-49.08461,-26.97313],[-49.0846,-26.97302],[-49.08457,-26.97301],[-49.08448,-26.973],[-49.08437,-26.97305],[-49.0842,-26.97316],[-49.08408,-26.97318],[-49.08395,-26.97315],[-49.08388,-26.97317],[-49.08386,-26.97319],[-49.08384,-26.97327],[-49.08381,-26.97365],[-49.08378,-26.97375],[-49.08366,-26.97395],[-49.08358,-26.97397],[-49.08357,-26.97383],[-49.08346,-26.97371],[-49.08341,-26.97357],[-49.0833,-26.97345],[-49.08314,-26.97335],[-49.08309,-26.97334],[-49.08279,-26.97334],[-49.08246,-26.97342],[-49.08235,-26.97347],[-49.08228,-26.97356],[-49.08216,-26.97362],[-49.08213,-26.97366],[-49.08213,-26.97371],[-49.08216,-26.97378],[-49.08226,-26.9739],[-49.08228,-26.97398],[-49.08227,-26.97412],[-49.08225,-26.97424],[-49.08217,-26.97435],[-49.08216,-26.97436],[-49.08212,-26.97438],[-49.08184,-26.97442],[-49.08218,-26.97469],[-49.08234,-26.97488],[-49.08226,-26.97489],[-49.08212,-26.97485],[-49.08203,-26.97485],[-49.08187,-26.97492],[-49.08172,-26.97496],[-49.08162,-26.97497],[-49.08146,-26.97503],[-49.0814,-26.97508],[-49.08136,-26.97519],[-49.08137,-26.97522],[-49.08143,-26.97532],[-49.08172,-26.97566],[-49.08181,-26.97584],[-49.08198,-26.97611],[-49.08206,-26.97621],[-49.08227,-26.97644],[-49.08248,-26.97658],[-49.08262,-26.97673],[-49.08275,-26.97684],[-49.08284,-26.97694],[-49.08307,-26.97724],[-49.0832,-26.97761],[-49.08329,-26.97778],[-49.08343,-26.97796],[-49.08368,-26.97823],[-49.08408,-26.97836],[-49.08435,-26.97858],[-49.08446,-26.97862],[-49.08459,-26.97864],[-49.08466,-26.97863],[-49.08475,-26.97865],[-49.08493,-26.97875],[-49.08507,-26.97877],[-49.0852,-26.97882],[-49.08551,-26.97892],[-49.08563,-26.97898],[-49.08574,-26.97903],[-49.08533,-26.97903],[-49.08507,-26.97905],[-49.08499,-26.97909],[-49.08493,-26.97914],[-49.08492,-26.97921],[-49.08492,-26.97925],[-49.08496,-26.97941],[-49.08495,-26.97952],[-49.0849,-26.97959],[-49.08482,-26.97962],[-49.08477,-26.97969],[-49.08472,-26.97983],[-49.08463,-26.98002],[-49.08463,-26.98011],[-49.08439,-26.98012],[-49.08423,-26.98006],[-49.08399,-26.98002],[-49.08391,-26.97998],[-49.08385,-26.97993],[-49.0838,-26.97984],[-49.08347,-26.97979],[-49.0832,-26.97978],[-49.08318,-26.97973],[-49.0831,-26.97964],[-49.08299,-26.9796],[-49.08282,-26.97956],[-49.08255,-26.97956],[-49.0823,-26.97949],[-49.08218,-26.9795],[-49.08216,-26.97954],[-49.08215,-26.97965],[-49.08218,-26.97968],[-49.08228,-26.97975],[-49.08239,-26.97988],[-49.08238,-26.97992],[-49.08232,-26.97995],[-49.08228,-26.98],[-49.08218,-26.98001],[-49.08215,-26.98004],[-49.08215,-26.98006],[-49.0821,-26.98006],[-49.08183,-26.97993],[-49.08132,-26.97962],[-49.08123,-26.97951],[-49.08117,-26.97937],[-49.08112,-26.97935],[-49.08106,-26.9793],[-49.08102,-26.9793],[-49.0809,-26.97928],[-49.08086,-26.97927],[-49.08063,-26.97925],[-49.08034,-26.97916],[-49.07993,-26.97894],[-49.07978,-26.97888],[-49.07969,-26.97888],[-49.07965,-26.9789],[-49.07963,-26.97894],[-49.0796,-26.97921],[-49.07956,-26.97936],[-49.07948,-26.97945],[-49.0793,-26.97959],[-49.07926,-26.97965],[-49.07924,-26.97988],[-49.07925,-26.98005],[-49.07928,-26.98016],[-49.07941,-26.98036],[-49.07947,-26.98042],[-49.07975,-26.98061],[-49.08004,-26.98072],[-49.08019,-26.9808],[-49.08032,-26.9809],[-49.08037,-26.98095],[-49.08041,-26.98102],[-49.08041,-26.98122],[-49.08046,-26.98129],[-49.08052,-26.98135],[-49.08055,-26.98142],[-49.08054,-26.98166],[-49.08059,-26.98178],[-49.08062,-26.982],[-49.08069,-26.98215],[-49.08069,-26.98222],[-49.08063,-26.98228],[-49.08056,-26.98231],[-49.08007,-26.98238],[-49.07998,-26.98241],[-49.07988,-26.98247],[-49.07986,-26.98251],[-49.07988,-26.98258],[-49.07994,-26.98264],[-49.08032,-26.98281],[-49.08046,-26.98288],[-49.08059,-26.98295],[-49.08081,-26.98298],[-49.08119,-26.98306],[-49.08124,-26.98306],[-49.08135,-26.98302],[-49.08146,-26.98292],[-49.08161,-26.98285],[-49.08196,-26.98284],[-49.08237,-26.98272],[-49.08256,-26.98273],[-49.08263,-26.98276],[-49.08285,-26.98285],[-49.08278,-26.98291],[-49.08252,-26.98299],[-49.0825,-26.98307],[-49.08253,-26.98319],[-49.08253,-26.98338],[-49.08255,-26.98351],[-49.08261,-26.98356],[-49.08284,-26.98367],[-49.08313,-26.98372],[-49.08372,-26.98377],[-49.08394,-26.98377],[-49.08419,-26.98375],[-49.08425,-26.98373],[-49.08442,-26.98371],[-49.08469,-26.98372],[-49.08487,-26.98375],[-49.08508,-26.98382],[-49.08525,-26.98384],[-49.08542,-26.9838],[-49.08562,-26.98373],[-49.08566,-26.98373],[-49.08576,-26.9838],[-49.08582,-26.98386],[-49.08596,-26.98395],[-49.08612,-26.98409],[-49.08627,-26.98417],[-49.08672,-26.9843],[-49.08735,-26.98432],[-49.08755,-26.98428],[-49.08766,-26.98424],[-49.08772,-26.98467],[-49.0878,-26.98468],[-49.08783,-26.9847],[-49.08796,-26.9847],[-49.08811,-26.98463],[-49.0882,-26.98456],[-49.08839,-26.98439],[-49.08864,-26.98404],[-49.08884,-26.9838],[-49.08895,-26.98369],[-49.08905,-26.98363],[-49.08916,-26.98351],[-49.0892,-26.98347],[-49.0894,-26.98334],[-49.08945,-26.98332],[-49.08961,-26.98317],[-49.08975,-26.98296],[-49.0898,-26.98305],[-49.08981,-26.98318],[-49.0898,-26.98324],[-49.08974,-26.98339],[-49.08963,-26.98347],[-49.08953,-26.98352],[-49.08942,-26.98357],[-49.0893,-26.98373],[-49.08921,-26.98399],[-49.08919,-26.98417],[-49.08914,-26.98424],[-49.08902,-26.98432],[-49.08899,-26.98437],[-49.0889,-26.9845],[-49.08878,-26.9849],[-49.08853,-26.98525],[-49.08852,-26.98546],[-49.08854,-26.98561],[-49.08861,-26.98575],[-49.08878,-26.98591],[-49.08899,-26.98603],[-49.08904,-26.98617],[-49.08905,-26.98625],[-49.08897,-26.98633],[-49.08882,-26.98639],[-49.08872,-26.98647],[-49.08865,-26.9865],[-49.08848,-26.98653],[-49.08846,-26.98653],[-49.08844,-26.98654],[-49.08837,-26.98658],[-49.08827,-26.98679],[-49.08827,-26.98698],[-49.08833,-26.98709],[-49.08837,-26.98713],[-49.08875,-26.98736],[-49.08886,-26.98741],[-49.08899,-26.98743],[-49.08941,-26.98745],[-49.08981,-26.98732],[-49.08994,-26.98724],[-49.09004,-26.98717],[-49.09016,-26.98712],[-49.09036,-26.98708],[-49.09053,-26.98711],[-49.09063,-26.98715],[-49.09077,-26.98724],[-49.09086,-26.98725],[-49.09092,-26.98723],[-49.09097,-26.98718],[-49.091,-26.98707],[-49.09106,-26.98695],[-49.09113,-26.98684],[-49.09126,-26.98671],[-49.09123,-26.98684],[-49.09123,-26.98699],[-49.09128,-26.98711],[-49.09135,-26.98719],[-49.09148,-26.9873],[-49.09149,-26.98731],[-49.09161,-26.98737],[-49.09136,-26.9873],[-49.09117,-26.98732],[-49.09073,-26.98745],[-49.09048,-26.98744],[-49.0904,-26.98745],[-49.09023,-26.98752],[-49.09015,-26.98759],[-49.09009,-26.98765],[-49.09005,-26.98771],[-49.09004,-26.98791],[-49.09003,-26.98805],[-49.09012,-26.98817],[-49.09029,-26.98822],[-49.09053,-26.98825],[-49.09058,-26.98829],[-49.09064,-26.98847],[-49.09068,-26.98853],[-49.09086,-26.98858],[-49.09107,-26.98861],[-49.09111,-26.98861],[-49.0912,-26.98865],[-49.09125,-26.98869],[-49.09141,-26.98893],[-49.09172,-26.98916],[-49.09194,-26.98937],[-49.09224,-26.98963],[-49.09237,-26.98972],[-49.09265,-26.98988],[-49.09278,-26.98993],[-49.09353,-26.99017],[-49.09371,-26.99021],[-49.09422,-26.99023],[-49.09466,-26.99023],[-49.09512,-26.99018],[-49.09532,-26.99013],[-49.09554,-26.99002],[-49.09572,-26.98988],[-49.09602,-26.98959],[-49.09608,-26.9898],[-49.09613,-26.98991],[-49.09617,-26.98996],[-49.09627,-26.99003],[-49.09632,-26.99004],[-49.09658,-26.99006],[-49.09664,-26.99006],[-49.0967,-26.99006],[-49.0973,-26.99005],[-49.09749,-26.98998],[-49.09769,-26.98998],[-49.09773,-26.98998],[-49.09782,-26.98998],[-49.09791,-26.99],[-49.09792,-26.99012],[-49.09795,-26.99014],[-49.09805,-26.99015],[-49.09805,-26.99029],[-49.09837,-26.9903],[-49.0984,-26.99036],[-49.09862,-26.99039],[-49.09897,-26.99039],[-49.09892,-26.9905],[-49.09891,-26.99055],[-49.09891,-26.99061],[-49.09896,-26.99068],[-49.09921,-26.99086],[-49.09927,-26.99092],[-49.09937,-26.99106],[-49.09945,-26.99127],[-49.0995,-26.99131],[-49.09953,-26.99133],[-49.09958,-26.99133],[-49.09966,-26.99128],[-49.09976,-26.99125],[-49.09985,-26.9912],[-49.0999,-26.9912],[-49.09999,-26.99123],[-49.10014,-26.99125],[-49.10025,-26.99133],[-49.10031,-26.99132],[-49.10033,-26.99128],[-49.10052,-26.9913],[-49.10052,-26.99127],[-49.10079,-26.99128],[-49.10079,-26.99126],[-49.10104,-26.99128],[-49.1011,-26.99131],[-49.10113,-26.99136],[-49.10122,-26.99156],[-49.10125,-26.9916],[-49.10131,-26.99164],[-49.10136,-26.99165],[-49.10146,-26.99165],[-49.10156,-26.99162],[-49.10171,-26.99154],[-49.10171,-26.99164],[-49.10172,-26.9917],[-49.10175,-26.99173],[-49.10182,-26.99176],[-49.10224,-26.99185],[-49.10275,-26.99201],[-49.10305,-26.99208],[-49.10324,-26.9921],[-49.10344,-26.99208],[-49.1035,-26.99208],[-49.10377,-26.99204],[-49.10411,-26.99198],[-49.10417,-26.99196],[-49.10439,-26.99176],[-49.10443,-26.99175],[-49.10502,-26.99173],[-49.10537,-26.99169],[-49.10541,-26.99171],[-49.10523,-26.99181],[-49.10499,-26.99188],[-49.10476,-26.99192],[-49.10463,-26.99197],[-49.10451,-26.99211],[-49.10439,-26.99219],[-49.10437,-26.99223],[-49.10439,-26.99229],[-49.10447,-26.99234],[-49.10463,-26.99238],[-49.10499,-26.99239],[-49.10511,-26.99243],[-49.10526,-26.99251],[-49.10534,-26.99257],[-49.10555,-26.99261],[-49.10565,-26.99272],[-49.10576,-26.99277],[-49.10584,-26.9928],[-49.10589,-26.99288],[-49.10596,-26.99294],[-49.10604,-26.99303],[-49.10606,-26.99314],[-49.10614,-26.99322],[-49.10633,-26.99328],[-49.10644,-26.99329],[-49.10652,-26.9933],[-49.10672,-26.99329],[-49.10684,-26.99325],[-49.10691,-26.99318],[-49.10696,-26.99302],[-49.10704,-26.99288],[-49.10706,-26.99285],[-49.1071,-26.99274],[-49.10737,-26.9925],[-49.1074,-26.99243],[-49.10738,-26.99223],[-49.10738,-26.99207],[-49.1074,-26.99192],[-49.10738,-26.99179],[-49.10757,-26.99195],[-49.10767,-26.99202],[-49.10779,-26.99206],[-49.10791,-26.99203],[-49.10813,-26.99187],[-49.10825,-26.99181],[-49.10857,-26.9917],[-49.10869,-26.99168],[-49.10898,-26.9917],[-49.10946,-26.99165],[-49.10966,-26.99163],[-49.10994,-26.99155],[-49.1101,-26.99151],[-49.11043,-26.99153],[-49.11063,-26.99156],[-49.11088,-26.99155],[-49.1111,-26.99157],[-49.1111,-26.99125],[-49.11129,-26.99129],[-49.11131,-26.99126],[-49.11147,-26.99129],[-49.11167,-26.99127],[-49.11175,-26.99124],[-49.11187,-26.99126],[-49.11207,-26.99125],[-49.11229,-26.99121],[-49.11248,-26.99136],[-49.11261,-26.9915],[-49.11272,-26.99166],[-49.11275,-26.9917],[-49.11281,-26.99179],[-49.11293,-26.99202],[-49.11296,-26.99205],[-49.11303,-26.99208],[-49.11316,-26.99206],[-49.11322,-26.99205],[-49.11343,-26.992],[-49.11356,-26.99199],[-49.11364,-26.99199],[-49.11372,-26.99198],[-49.11387,-26.99191],[-49.11393,-26.99187],[-49.114,-26.99178],[-49.11407,-26.99157],[-49.11404,-26.99138],[-49.11406,-26.99116],[-49.11409,-26.99109],[-49.11413,-26.99102],[-49.1143,-26.99086],[-49.11432,-26.99083],[-49.11451,-26.99076],[-49.11454,-26.99073],[-49.11454,-26.99069],[-49.11454,-26.99064],[-49.11461,-26.99056],[-49.11465,-26.99046],[-49.11471,-26.99046],[-49.11474,-26.99031],[-49.11476,-26.99036],[-49.11479,-26.99037],[-49.11499,-26.99037],[-49.11483,-26.99043],[-49.11479,-26.99049],[-49.11479,-26.99063],[-49.1148,-26.99068],[-49.11487,-26.99078],[-49.11493,-26.99082],[-49.11479,-26.99091],[-49.11472,-26.99098],[-49.11463,-26.99106],[-49.11456,-26.99113],[-49.11454,-26.99115],[-49.11447,-26.99127],[-49.11444,-26.99138],[-49.11449,-26.99169],[-49.11451,-26.99176],[-49.11448,-26.99195],[-49.11445,-26.99223],[-49.11443,-26.9923],[-49.11418,-26.9926],[-49.11409,-26.99266],[-49.11383,-26.99276],[-49.11384,-26.99283],[-49.11377,-26.99284],[-49.11366,-26.9929],[-49.11361,-26.99296],[-49.1136,-26.99302],[-49.11359,-26.99308],[-49.11364,-26.99317],[-49.11371,-26.99327],[-49.1138,-26.99335],[-49.11383,-26.99341],[-49.11395,-26.99356],[-49.11403,-26.99371],[-49.11418,-26.99387],[-49.11425,-26.99401],[-49.11445,-26.99431],[-49.11457,-26.9944],[-49.11464,-26.9945],[-49.11438,-26.99438],[-49.11416,-26.99417],[-49.11407,-26.99411],[-49.11396,-26.99409],[-49.11369,-26.99412],[-49.11358,-26.99409],[-49.11353,-26.99407],[-49.11346,-26.99396],[-49.11346,-26.9938],[-49.11345,-26.99376],[-49.11338,-26.99369],[-49.11335,-26.99362],[-49.11336,-26.9936],[-49.11331,-26.99352],[-49.11328,-26.99348],[-49.11323,-26.99341],[-49.11319,-26.99338],[-49.1131,-26.99341],[-49.11305,-26.99347],[-49.11296,-26.99346],[-49.1129,-26.99349],[-49.11287,-26.99346],[-49.11283,-26.99339],[-49.11279,-26.99338],[-49.11272,-26.99333],[-49.11252,-26.99327],[-49.11246,-26.99325],[-49.11228,-26.99324],[-49.11216,-26.99321],[-49.1119,-26.99323],[-49.11171,-26.99326],[-49.11164,-26.99329],[-49.11155,-26.99327],[-49.11148,-26.99329],[-49.11142,-26.9933],[-49.11134,-26.99337],[-49.11126,-26.99349],[-49.11127,-26.99365],[-49.11124,-26.99373],[-49.11122,-26.99386],[-49.11115,-26.9939],[-49.11108,-26.994],[-49.11106,-26.99389],[-49.11098,-26.99375],[-49.11087,-26.99364],[-49.11083,-26.99356],[-49.11072,-26.99343],[-49.11067,-26.99341],[-49.1105,-26.99343],[-49.11034,-26.9935],[-49.11022,-26.99357],[-49.10973,-26.99372],[-49.10964,-26.99377],[-49.10949,-26.99392],[-49.10924,-26.99407],[-49.10875,-26.99421],[-49.10867,-26.99427],[-49.1086,-26.99439],[-49.10855,-26.99457],[-49.10843,-26.99444],[-49.10836,-26.9944],[-49.1083,-26.99439],[-49.10816,-26.9944],[-49.10805,-26.99447],[-49.1079,-26.99462],[-49.10785,-26.99476],[-49.1077,-26.99482],[-49.10765,-26.99486],[-49.10761,-26.99494],[-49.10749,-26.995],[-49.10743,-26.99506],[-49.10734,-26.99511],[-49.1073,-26.99515],[-49.1073,-26.99525],[-49.10732,-26.99531],[-49.10752,-26.99553],[-49.10764,-26.99569],[-49.10765,-26.99597],[-49.1077,-26.99605],[-49.10776,-26.9961],[-49.10791,-26.99616],[-49.10807,-26.99619],[-49.10839,-26.99617],[-49.1086,-26.99614],[-49.10898,-26.99601],[-49.10928,-26.99588],[-49.10949,-26.99568],[-49.10956,-26.99559],[-49.1096,-26.99557],[-49.10964,-26.99561],[-49.10966,-26.99573],[-49.10968,-26.99576],[-49.10974,-26.99578],[-49.11003,-26.99579],[-49.11032,-26.99583],[-49.11036,-26.99583],[-49.11076,-26.99583],[-49.11095,-26.99586],[-49.11085,-26.99593],[-49.11081,-26.99595],[-49.11079,-26.99597],[-49.1108,-26.99599],[-49.11077,-26.99599],[-49.11071,-26.99606],[-49.1106,-26.99613],[-49.11036,-26.99625],[-49.1103,-26.99635],[-49.11029,-26.99657],[-49.11025,-26.99662],[-49.11018,-26.99665],[-49.11005,-26.99664],[-49.10989,-26.99658],[-49.10979,-26.99652],[-49.10973,-26.99651],[-49.10968,-26.99648],[-49.10964,-26.9965],[-49.10959,-26.9965],[-49.10954,-26.99647],[-49.10921,-26.99658],[-49.10916,-26.99661],[-49.10909,-26.99668],[-49.10904,-26.9968],[-49.10901,-26.99682],[-49.109,-26.99687],[-49.10908,-26.99688],[-49.10905,-26.99702],[-49.10908,-26.99716],[-49.1091,-26.99718],[-49.10921,-26.99722],[-49.10929,-26.99727],[-49.10931,-26.99728],[-49.10938,-26.99736],[-49.10953,-26.99743],[-49.10964,-26.99775],[-49.10972,-26.99789],[-49.1098,-26.99799],[-49.10986,-26.99803],[-49.11004,-26.99813],[-49.11015,-26.99818],[-49.11031,-26.99828],[-49.11074,-26.99839],[-49.11091,-26.99847],[-49.11099,-26.9985],[-49.11092,-26.99853],[-49.11089,-26.99858],[-49.11084,-26.99855],[-49.11079,-26.99854],[-49.11066,-26.99862],[-49.11064,-26.99864],[-49.11067,-26.99869],[-49.11067,-26.99872],[-49.11063,-26.99875],[-49.11048,-26.99874],[-49.11019,-26.99866],[-49.11006,-26.99867],[-49.10997,-26.99871],[-49.10981,-26.9987],[-49.10963,-26.99873],[-49.10961,-26.99871],[-49.10936,-26.99866],[-49.10926,-26.99863],[-49.10921,-26.99861],[-49.10903,-26.99855],[-49.10899,-26.99857],[-49.10896,-26.9986],[-49.10892,-26.99859],[-49.10886,-26.99866],[-49.10871,-26.99865],[-49.10863,-26.99877],[-49.10857,-26.99884],[-49.10851,-26.99905],[-49.10844,-26.99916],[-49.10839,-26.99936],[-49.10843,-26.9995],[-49.10835,-27.00013],[-49.10837,-27.00019],[-49.10844,-27.00029],[-49.10887,-27.00078],[-49.10889,-27.0008],[-49.10892,-27.00085],[-49.10903,-27.00101],[-49.10906,-27.00114],[-49.10905,-27.00125],[-49.10906,-27.00126],[-49.10902,-27.00128],[-49.10898,-27.00135],[-49.10897,-27.00136],[-49.1089,-27.00145],[-49.10883,-27.00157],[-49.10877,-27.00178],[-49.10878,-27.0022],[-49.10877,-27.00279],[-49.10877,-27.00286],[-49.10881,-27.00311],[-49.10895,-27.0033],[-49.1091,-27.00337],[-49.10936,-27.0034],[-49.10943,-27.00344],[-49.10956,-27.00354],[-49.10961,-27.00365],[-49.10964,-27.00377],[-49.10959,-27.00416],[-49.10959,-27.00466],[-49.10969,-27.00496],[-49.10983,-27.00519],[-49.10991,-27.0053],[-49.10994,-27.00534],[-49.11003,-27.00548],[-49.11012,-27.00555],[-49.11027,-27.00555],[-49.11027,-27.00559],[-49.11014,-27.0056],[-49.11007,-27.00558],[-49.10996,-27.00552],[-49.10993,-27.00549],[-49.10992,-27.00548],[-49.10979,-27.00534],[-49.10974,-27.00524],[-49.10963,-27.00513],[-49.10958,-27.005],[-49.10946,-27.00454],[-49.10948,-27.00414],[-49.10944,-27.00405],[-49.1094,-27.004],[-49.10934,-27.00396],[-49.10931,-27.00394],[-49.1093,-27.00394],[-49.10901,-27.00384],[-49.10898,-27.00388],[-49.10859,-27.00377],[-49.10853,-27.00377],[-49.10845,-27.00378],[-49.10834,-27.00383],[-49.1083,-27.00382],[-49.10827,-27.00379],[-49.1083,-27.00356],[-49.10829,-27.00348],[-49.10815,-27.00299],[-49.10806,-27.00277],[-49.10804,-27.00261],[-49.10792,-27.00239],[-49.10788,-27.00233],[-49.1078,-27.00226],[-49.10773,-27.00217],[-49.10761,-27.00207],[-49.10755,-27.00185],[-49.10754,-27.00177],[-49.10757,-27.0017],[-49.10758,-27.00167],[-49.10759,-27.0015],[-49.10756,-27.00142],[-49.10748,-27.00132],[-49.10734,-27.00127],[-49.10737,-27.00112],[-49.10735,-27.00105],[-49.10729,-27.00094],[-49.10724,-27.00089],[-49.10716,-27.00084],[-49.10709,-27.00084],[-49.10709,-27.00079],[-49.10697,-27.00063],[-49.10699,-27.0006],[-49.10689,-27.00045],[-49.10682,-27.00029],[-49.10677,-27.00022],[-49.10668,-27.00014],[-49.1066,-27.00009],[-49.10662,-27.00006],[-49.10653,-27.00006],[-49.10632,-27.00007],[-49.10611,-27.00013],[-49.10605,-27.00014],[-49.10596,-27.00013],[-49.10584,-27.00005],[-49.10578,-27.00001],[-49.1057,-26.99999],[-49.10539,-26.99997],[-49.10514,-26.99997],[-49.10498,-27.00001],[-49.1049,-27.00002],[-49.10484,-27.00004],[-49.10463,-27.00012],[-49.10451,-27.00023],[-49.10418,-27.00033],[-49.1041,-27.00031],[-49.10374,-27.00028],[-49.10356,-27.00023],[-49.10314,-27.00005],[-49.10279,-26.99983],[-49.10273,-26.99981],[-49.10247,-26.9998],[-49.10222,-26.99969],[-49.10197,-26.99953],[-49.10163,-26.9995],[-49.10129,-26.99944],[-49.10118,-26.99929],[-49.10113,-26.99924],[-49.10102,-26.99917],[-49.10087,-26.99912],[-49.10031,-26.99904],[-49.10019,-26.99899],[-49.10016,-26.99896],[-49.10016,-26.99892],[-49.1002,-26.99887],[-49.10058,-26.99858],[-49.10067,-26.99847],[-49.10067,-26.99841],[-49.10064,-26.99833],[-49.10054,-26.99825],[-49.10042,-26.9982],[-49.10043,-26.99806],[-49.10047,-26.99793],[-49.10042,-26.99788],[-49.10032,-26.99785],[-49.10021,-26.99785],[-49.1002,-26.99787],[-49.10008,-26.99784],[-49.10005,-26.99783],[-49.10004,-26.99784],[-49.09995,-26.99781],[-49.09984,-26.99777],[-49.09984,-26.99774],[-49.09981,-26.99772],[-49.09959,-26.99763],[-49.09963,-26.99748],[-49.09957,-26.99744],[-49.09962,-26.99737],[-49.0996,-26.99719],[-49.09966,-26.99714],[-49.09967,-26.99709],[-49.0997,-26.99703],[-49.09973,-26.99701],[-49.09984,-26.99698],[-49.09995,-26.99697],[-49.09999,-26.99694],[-49.10005,-26.9969],[-49.10015,-26.99656],[-49.10016,-26.99639],[-49.10014,-26.99631],[-49.10008,-26.99622],[-49.09991,-26.99608],[-49.09989,-26.99611],[-49.09961,-26.99604],[-49.09957,-26.99603],[-49.09937,-26.99602],[-49.09925,-26.99598],[-49.09919,-26.99598],[-49.09917,-26.99599],[-49.09904,-26.99599],[-49.09894,-26.99597],[-49.09891,-26.99595],[-49.09875,-26.99592],[-49.09864,-26.99593],[-49.09856,-26.9959],[-49.09843,-26.99591],[-49.09829,-26.99589],[-49.09821,-26.99587],[-49.09804,-26.99587],[-49.09798,-26.99582],[-49.09792,-26.99581],[-49.09786,-26.99582],[-49.09778,-26.99587],[-49.09765,-26.99586],[-49.0975,-26.9958],[-49.09713,-26.99574],[-49.09665,-26.99552],[-49.09646,-26.9955],[-49.09602,-26.99556],[-49.09583,-26.9956],[-49.09578,-26.99559],[-49.09573,-26.99556],[-49.09564,-26.99555],[-49.09563,-26.99554],[-49.09564,-26.99546],[-49.09563,-26.9954],[-49.09557,-26.99533],[-49.0955,-26.9953],[-49.09544,-26.99531],[-49.09529,-26.99544],[-49.09524,-26.9955],[-49.09525,-26.99554],[-49.09511,-26.9955],[-49.09504,-26.99552],[-49.09502,-26.99555],[-49.09502,-26.99562],[-49.09502,-26.99565],[-49.09507,-26.99577],[-49.09505,-26.99591],[-49.09496,-26.99608],[-49.09499,-26.99625],[-49.09497,-26.99642],[-49.09498,-26.99661],[-49.09496,-26.99663],[-49.09491,-26.99661],[-49.09485,-26.99653],[-49.09464,-26.99605],[-49.09462,-26.99602],[-49.09454,-26.99591],[-49.09445,-26.99586],[-49.09432,-26.9958],[-49.09404,-26.9957],[-49.09386,-26.99566],[-49.09369,-26.99567],[-49.09359,-26.99571],[-49.0935,-26.99583],[-49.09338,-26.9959],[-49.09332,-26.99591],[-49.09322,-26.99588],[-49.0931,-26.99581],[-49.09306,-26.99574],[-49.09295,-26.99542],[-49.09287,-26.99531],[-49.09274,-26.99521],[-49.09253,-26.99514],[-49.09209,-26.99502],[-49.09192,-26.995],[-49.09175,-26.995],[-49.09167,-26.99502],[-49.09163,-26.99507],[-49.09159,-26.99515],[-49.09154,-26.99538],[-49.09154,-26.99545],[-49.09158,-26.99548],[-49.09156,-26.99573],[-49.09153,-26.99582],[-49.09145,-26.99588],[-49.09141,-26.99594],[-49.09138,-26.99609],[-49.09136,-26.99622],[-49.09138,-26.99632],[-49.09142,-26.99638],[-49.09156,-26.99649],[-49.09176,-26.99656],[-49.09179,-26.99659],[-49.0918,-26.99665],[-49.09176,-26.99671],[-49.0917,-26.99673],[-49.09153,-26.99673],[-49.09146,-26.99677],[-49.09145,-26.9968],[-49.09132,-26.99677],[-49.09129,-26.99693],[-49.09134,-26.99705],[-49.09127,-26.99707],[-49.09128,-26.99713],[-49.0911,-26.99721],[-49.09109,-26.99736],[-49.09101,-26.99748],[-49.09085,-26.99742],[-49.09023,-26.997],[-49.09013,-26.9969],[-49.0901,-26.99683],[-49.0901,-26.99675],[-49.09011,-26.99665],[-49.09022,-26.99636],[-49.0903,-26.99611],[-49.09034,-26.99577],[-49.09032,-26.99558],[-49.09029,-26.99544],[-49.09019,-26.9952],[-49.09012,-26.99512],[-49.09006,-26.99508],[-49.08997,-26.99505],[-49.08981,-26.99504],[-49.08975,-26.99502],[-49.08962,-26.99502],[-49.08937,-26.99508],[-49.08926,-26.99514],[-49.08905,-26.99529],[-49.08884,-26.9954],[-49.08874,-26.99551],[-49.08866,-26.99562],[-49.08855,-26.99582],[-49.08852,-26.99592],[-49.0885,-26.99594],[-49.08852,-26.99576],[-49.08851,-26.99553],[-49.08853,-26.99539],[-49.08859,-26.99517],[-49.08861,-26.99502],[-49.0886,-26.99461],[-49.08861,-26.99424],[-49.08865,-26.99397],[-49.08864,-26.9938],[-49.08873,-26.99376],[-49.08884,-26.99368],[-49.08892,-26.99361],[-49.08906,-26.99342],[-49.08913,-26.99313],[-49.08919,-26.99297],[-49.08921,-26.99279],[-49.08928,-26.9925],[-49.0893,-26.99245],[-49.08919,-26.99249],[-49.08907,-26.9926],[-49.08895,-26.99265],[-49.08867,-26.99264],[-49.08824,-26.99261],[-49.08806,-26.99262],[-49.08788,-26.99262],[-49.0878,-26.9926],[-49.08773,-26.99256],[-49.08771,-26.99247],[-49.08772,-26.99237],[-49.08784,-26.99209],[-49.08783,-26.992],[-49.08778,-26.99197],[-49.08769,-26.99196],[-49.08739,-26.992],[-49.08738,-26.992],[-49.08713,-26.99208],[-49.08696,-26.99207],[-49.08685,-26.99195],[-49.08678,-26.99182],[-49.08666,-26.99172],[-49.08634,-26.99152],[-49.08613,-26.99129],[-49.08609,-26.99129],[-49.08601,-26.99141],[-49.08599,-26.99141],[-49.08593,-26.99146],[-49.08585,-26.99149],[-49.08581,-26.9915],[-49.0858,-26.99149],[-49.08577,-26.99144],[-49.08577,-26.9911],[-49.08578,-26.99098],[-49.08574,-26.99086],[-49.08568,-26.99075],[-49.08556,-26.99064],[-49.08549,-26.9906],[-49.0854,-26.9906],[-49.08516,-26.99068],[-49.0852,-26.9905],[-49.08518,-26.99039],[-49.08505,-26.99031],[-49.085,-26.99025],[-49.08498,-26.99014],[-49.08489,-26.98993],[-49.08486,-26.98977],[-49.08486,-26.98974],[-49.08482,-26.98964],[-49.08476,-26.98959],[-49.08469,-26.98956],[-49.08464,-26.98955],[-49.08453,-26.98959],[-49.08431,-26.9896],[-49.08424,-26.98963],[-49.08414,-26.9897],[-49.08402,-26.98974],[-49.08382,-26.9897],[-49.08362,-26.98974],[-49.0834,-26.98973],[-49.0834,-26.98973],[-49.08338,-26.98972],[-49.08326,-26.98969],[-49.08323,-26.98971],[-49.08319,-26.98973],[-49.08312,-26.98986],[-49.08305,-26.98994],[-49.08299,-26.98999],[-49.08287,-26.99004],[-49.08284,-26.98997],[-49.08278,-26.98992],[-49.08275,-26.98985],[-49.08271,-26.98955],[-49.08269,-26.98952],[-49.08261,-26.98948],[-49.08257,-26.98944],[-49.08249,-26.98939],[-49.0824,-26.98938],[-49.08232,-26.98938],[-49.0822,-26.98941],[-49.08212,-26.9894],[-49.08204,-26.98941],[-49.08197,-26.98946],[-49.08191,-26.98942],[-49.0817,-26.98939],[-49.08162,-26.98941],[-49.08134,-26.98945],[-49.08121,-26.98948],[-49.08112,-26.98952],[-49.08103,-26.98959],[-49.08101,-26.98963],[-49.08094,-26.98966],[-49.08085,-26.98965],[-49.0806,-26.9897],[-49.08059,-26.98968],[-49.08061,-26.98964],[-49.08069,-26.98955],[-49.08069,-26.98946],[-49.08067,-26.98943],[-49.08062,-26.9894],[-49.08058,-26.9894],[-49.08054,-26.98942],[-49.08053,-26.98925],[-49.08053,-26.98918],[-49.08047,-26.98913],[-49.0804,-26.98911],[-49.08035,-26.98912],[-49.0803,-26.98915],[-49.08025,-26.98917],[-49.0802,-26.98912],[-49.08008,-26.98911],[-49.08003,-26.98903],[-49.07988,-26.98896],[-49.07978,-26.98889],[-49.07962,-26.98869],[-49.07937,-26.98854],[-49.0792,-26.98855],[-49.07911,-26.98862],[-49.07906,-26.98868],[-49.07905,-26.98876],[-49.07911,-26.98885],[-49.07914,-26.989],[-49.07908,-26.98909],[-49.07902,-26.98932],[-49.07907,-26.98958],[-49.07907,-26.9897],[-49.07904,-26.98981],[-49.07892,-26.99007],[-49.07881,-26.99038],[-49.07866,-26.99065],[-49.0786,-26.9908],[-49.07858,-26.99092],[-49.07857,-26.99112],[-49.0786,-26.99127],[-49.0786,-26.99141],[-49.07841,-26.9913],[-49.07825,-26.99116],[-49.07809,-26.99112],[-49.078,-26.99096],[-49.07773,-26.99065],[-49.07757,-26.99057],[-49.07747,-26.99044],[-49.07733,-26.99034],[-49.07721,-26.99019],[-49.07715,-26.99008],[-49.07708,-26.9899],[-49.07704,-26.98976],[-49.07695,-26.98951],[-49.07691,-26.98933],[-49.07684,-26.98919],[-49.07674,-26.98906],[-49.07672,-26.98898],[-49.07669,-26.98878],[-49.07669,-26.98871],[-49.07672,-26.98856],[-49.07677,-26.98845],[-49.07684,-26.98827],[-49.07687,-26.98807],[-49.07686,-26.98803],[-49.07682,-26.98802],[-49.07675,-26.98802],[-49.07669,-26.98805],[-49.07662,-26.98807],[-49.07649,-26.98816],[-49.07645,-26.98818],[-49.07642,-26.98818],[-49.07637,-26.9881],[-49.07632,-26.98796],[-49.07625,-26.98792],[-49.07612,-26.98792],[-49.07604,-26.98795],[-49.07593,-26.98801],[-49.07583,-26.98808],[-49.07575,-26.98834],[-49.07565,-26.98851],[-49.07557,-26.9886],[-49.07538,-26.98874],[-49.0753,-26.98883],[-49.07521,-26.98898],[-49.07515,-26.98912],[-49.07513,-26.98916],[-49.07513,-26.98917],[-49.07512,-26.98919],[-49.07503,-26.98916],[-49.07481,-26.98935],[-49.07463,-26.98947],[-49.07458,-26.98949],[-49.07456,-26.98953],[-49.07458,-26.98964],[-49.07457,-26.98975],[-49.07446,-26.98991],[-49.07443,-26.99002],[-49.07432,-26.99014],[-49.07416,-26.99018],[-49.07413,-26.99021],[-49.07412,-26.99028],[-49.07415,-26.99042],[-49.07413,-26.99046],[-49.07441,-26.99076],[-49.07464,-26.99094],[-49.07491,-26.9911],[-49.07483,-26.99114],[-49.07475,-26.99117],[-49.07469,-26.99117],[-49.07461,-26.99118],[-49.07433,-26.9912],[-49.07417,-26.99123],[-49.07409,-26.99134],[-49.07406,-26.99145],[-49.07406,-26.99168],[-49.07403,-26.99179],[-49.07394,-26.99197],[-49.0738,-26.992],[-49.07376,-26.992],[-49.07374,-26.99201],[-49.07371,-26.99201],[-49.07366,-26.99202],[-49.07351,-26.992],[-49.07346,-26.99202],[-49.0733,-26.992],[-49.07321,-26.99201],[-49.07315,-26.99206],[-49.0731,-26.99211],[-49.07307,-26.99218],[-49.07306,-26.99224],[-49.0731,-26.99227],[-49.07317,-26.99232],[-49.07322,-26.99239],[-49.07324,-26.9925],[-49.07324,-26.9926],[-49.07324,-26.99267],[-49.07326,-26.99271],[-49.07333,-26.99276],[-49.07372,-26.99287],[-49.07386,-26.99292],[-49.07385,-26.99294],[-49.07378,-26.99298],[-49.07372,-26.993],[-49.07359,-26.99307],[-49.07355,-26.99308],[-49.07353,-26.9931],[-49.07337,-26.99319],[-49.07322,-26.99325],[-49.07262,-26.99329],[-49.07253,-26.99333],[-49.07249,-26.99339],[-49.07246,-26.99349],[-49.07246,-26.99361],[-49.07251,-26.99376],[-49.07275,-26.99412],[-49.0729,-26.99452],[-49.07262,-26.99431],[-49.07246,-26.99425],[-49.07225,-26.99424],[-49.072,-26.99427],[-49.07193,-26.9943],[-49.07185,-26.99448],[-49.0718,-26.9945],[-49.07177,-26.99457],[-49.07176,-26.99471],[-49.07176,-26.99498],[-49.07184,-26.99539],[-49.07185,-26.9957],[-49.07187,-26.99583],[-49.07186,-26.99587],[-49.07176,-26.99591],[-49.0717,-26.99593],[-49.0716,-26.99601],[-49.07158,-26.99608],[-49.07163,-26.99634],[-49.07173,-26.9965],[-49.07177,-26.99665],[-49.07162,-26.99661],[-49.07137,-26.99661],[-49.07131,-26.99661],[-49.07125,-26.99661],[-49.07117,-26.99658],[-49.07109,-26.99658],[-49.07105,-26.99659],[-49.071,-26.99665],[-49.071,-26.99691],[-49.07103,-26.9971],[-49.07105,-26.99713],[-49.07112,-26.99716],[-49.07114,-26.99735],[-49.07113,-26.99746],[-49.07112,-26.99749],[-49.07108,-26.99751],[-49.07104,-26.9975],[-49.07099,-26.99752],[-49.07094,-26.99756],[-49.07092,-26.99759],[-49.07093,-26.99763],[-49.07091,-26.99773],[-49.07084,-26.99777],[-49.07075,-26.99777],[-49.07059,-26.99771],[-49.07047,-26.9977],[-49.0703,-26.99773],[-49.07021,-26.9978],[-49.0701,-26.99797],[-49.07,-26.99806],[-49.06998,-26.99808],[-49.06997,-26.99813],[-49.07001,-26.99816],[-49.07004,-26.99823],[-49.07001,-26.99838],[-49.07001,-26.99856],[-49.06999,-26.99861],[-49.06991,-26.99859],[-49.06977,-26.9985],[-49.06961,-26.99845],[-49.06944,-26.99834],[-49.0694,-26.99834],[-49.06932,-26.99836],[-49.06917,-26.99846],[-49.06916,-26.99847],[-49.06894,-26.99862],[-49.06861,-26.99879],[-49.06855,-26.99889],[-49.06854,-26.99904],[-49.06859,-26.99937],[-49.06865,-26.99955],[-49.06868,-26.99958],[-49.06861,-26.99983],[-49.06863,-27.00013],[-49.06863,-27.00016],[-49.0686,-27.00019],[-49.06857,-27.0002],[-49.06854,-27.00023],[-49.06854,-27.00039],[-49.06858,-27.00043],[-49.0687,-27.00042],[-49.06874,-27.00043],[-49.06878,-27.00046],[-49.06887,-27.00057],[-49.0689,-27.00063],[-49.06895,-27.00072],[-49.06902,-27.00076],[-49.0697,-27.00074],[-49.06986,-27.00078],[-49.06996,-27.00084],[-49.06997,-27.00087],[-49.0699,-27.0009],[-49.0699,-27.00092],[-49.06982,-27.00094],[-49.06977,-27.00094],[-49.06963,-27.00089],[-49.06946,-27.00088],[-49.06938,-27.0009],[-49.06928,-27.00096],[-49.06896,-27.00105],[-49.06879,-27.00105],[-49.06858,-27.00102],[-49.06858,-27.00113],[-49.0686,-27.00124],[-49.06871,-27.00152],[-49.06893,-27.00197],[-49.06884,-27.002],[-49.06884,-27.00208],[-49.06888,-27.00208],[-49.06888,-27.00232],[-49.06875,-27.0028],[-49.06866,-27.00302],[-49.06861,-27.0031],[-49.06857,-27.00314],[-49.06834,-27.00304],[-49.06831,-27.00308],[-49.0683,-27.00315],[-49.06831,-27.00335],[-49.0683,-27.00351],[-49.0683,-27.00355],[-49.06832,-27.00369],[-49.06836,-27.0038],[-49.06838,-27.00384],[-49.06847,-27.00405],[-49.06858,-27.00423],[-49.06866,-27.00434],[-49.06867,-27.00436],[-49.0687,-27.0044],[-49.0687,-27.00444],[-49.06882,-27.00452],[-49.06881,-27.00455],[-49.06867,-27.0045],[-49.06838,-27.00427],[-49.06831,-27.00409],[-49.06814,-27.00382],[-49.06805,-27.00364],[-49.06804,-27.0036],[-49.06803,-27.00337],[-49.06805,-27.00325],[-49.06815,-27.00291],[-49.06834,-27.00245],[-49.0684,-27.00228],[-49.06842,-27.00221],[-49.06841,-27.00213],[-49.06836,-27.00199],[-49.06824,-27.00181],[-49.0682,-27.00176],[-49.06814,-27.0017],[-49.0681,-27.00151],[-49.06793,-27.0013],[-49.06785,-27.00123],[-49.06782,-27.00122],[-49.06776,-27.00123],[-49.06768,-27.00128],[-49.06763,-27.00128],[-49.06759,-27.00135],[-49.06756,-27.00138],[-49.06752,-27.00138],[-49.06748,-27.00138],[-49.06745,-27.00135],[-49.06738,-27.00122],[-49.06733,-27.00116],[-49.06725,-27.00114],[-49.06714,-27.00122],[-49.06691,-27.0014],[-49.06686,-27.00143],[-49.0668,-27.00151],[-49.06668,-27.0017],[-49.06662,-27.00175],[-49.0666,-27.00175],[-49.06654,-27.00172],[-49.06653,-27.00167],[-49.06655,-27.00162],[-49.06653,-27.00159],[-49.06657,-27.00149],[-49.06659,-27.00144],[-49.06663,-27.00136],[-49.06665,-27.00131],[-49.06668,-27.00123],[-49.06671,-27.00121],[-49.06675,-27.00111],[-49.06679,-27.00112],[-49.06681,-27.00109],[-49.06693,-27.00088],[-49.06699,-27.00073],[-49.06701,-27.00058],[-49.06695,-27.00048],[-49.06684,-27.00043],[-49.06676,-27.00043],[-49.06668,-27.00033],[-49.06666,-27.00026],[-49.06668,-27.00018],[-49.06673,-27.00017],[-49.06673,-27.00015],[-49.06666,-27.00008],[-49.06661,-27.00007],[-49.06657,-27.00008],[-49.06646,-27.00013],[-49.06642,-27.00017],[-49.06644,-27.00021],[-49.06638,-27.00026],[-49.06612,-27.00026],[-49.06604,-27.0003],[-49.06608,-27.00024],[-49.06617,-27.0002],[-49.06621,-27.00019],[-49.06624,-27.00015],[-49.06626,-27.00009],[-49.06629,-27.00009],[-49.06632,-27.00007],[-49.0664,-26.99982],[-49.06648,-26.99973],[-49.06657,-26.99967],[-49.06663,-26.9996],[-49.06666,-26.99953],[-49.06663,-26.99942],[-49.06664,-26.99931],[-49.06662,-26.99927],[-49.06641,-26.99915],[-49.06633,-26.99907],[-49.06618,-26.999],[-49.06616,-26.99897],[-49.06617,-26.9989],[-49.06626,-26.9989],[-49.06626,-26.99887],[-49.06634,-26.99886],[-49.06648,-26.99877],[-49.06652,-26.99873],[-49.06653,-26.99867],[-49.06651,-26.99862],[-49.06646,-26.99849],[-49.06644,-26.99837],[-49.06637,-26.99827],[-49.06635,-26.99816],[-49.06635,-26.99797],[-49.06633,-26.9979],[-49.06628,-26.99784],[-49.06619,-26.99778],[-49.06618,-26.99777],[-49.06599,-26.99766],[-49.06584,-26.99753],[-49.06573,-26.99738],[-49.06567,-26.99735],[-49.06556,-26.99735],[-49.06535,-26.99774],[-49.06512,-26.99758],[-49.06504,-26.99759],[-49.06492,-26.99768],[-49.0649,-26.9977],[-49.06483,-26.99777],[-49.06467,-26.9978],[-49.06455,-26.99786],[-49.06464,-26.99809],[-49.0647,-26.99818],[-49.06467,-26.99829],[-49.06455,-26.99834],[-49.06453,-26.99835],[-49.06449,-26.99846],[-49.06444,-26.99854],[-49.06433,-26.9986],[-49.06427,-26.99867],[-49.06425,-26.99868],[-49.06423,-26.99871],[-49.0642,-26.99886],[-49.06417,-26.99888],[-49.06411,-26.99891],[-49.06402,-26.9989],[-49.06399,-26.99893],[-49.06401,-26.99926],[-49.06393,-26.99939],[-49.06387,-26.99945],[-49.06382,-26.99951],[-49.06373,-26.99969],[-49.06364,-26.99994],[-49.06362,-26.99984],[-49.06366,-26.99958],[-49.06367,-26.99942],[-49.06366,-26.99931],[-49.0636,-26.99917],[-49.0635,-26.9991],[-49.06339,-26.99905],[-49.06337,-26.99903],[-49.0633,-26.99911],[-49.06319,-26.99923],[-49.06314,-26.99931],[-49.06308,-26.99944],[-49.06304,-26.99958],[-49.06292,-26.99982],[-49.06271,-27.00009],[-49.06269,-27.00008],[-49.06269,-27.00008],[-49.06268,-27.00005],[-49.06266,-27.00001],[-49.06265,-27.0],[-49.06263,-26.99998],[-49.0626,-26.99997],[-49.06258,-26.99997],[-49.06254,-26.99997],[-49.06251,-26.99997],[-49.06248,-26.99998],[-49.06243,-27.0],[-49.0624,-27.00003],[-49.06237,-27.00006],[-49.06233,-27.00008],[-49.0623,-27.00009],[-49.06227,-27.0001],[-49.06221,-27.0001],[-49.06215,-27.00012],[-49.06209,-27.00014],[-49.06204,-27.00015],[-49.06199,-27.00016],[-49.06196,-27.00016],[-49.06192,-27.00016],[-49.0619,-27.00015],[-49.06187,-27.00011],[-49.06183,-27.00007],[-49.0618,-27.00002],[-49.06178,-27.0],[-49.06176,-26.99996],[-49.06176,-26.99994],[-49.06175,-26.99992],[-49.06174,-26.99988],[-49.06173,-26.99985],[-49.06172,-26.99981],[-49.06172,-26.99976],[-49.06172,-26.99974],[-49.06173,-26.9997],[-49.06173,-26.99968],[-49.06173,-26.99964],[-49.06173,-26.99961],[-49.06174,-26.99958],[-49.06175,-26.99953],[-49.06175,-26.9995],[-49.06176,-26.99946],[-49.06177,-26.99942],[-49.06179,-26.99938],[-49.06179,-26.99934],[-49.0618,-26.99931],[-49.0618,-26.99929],[-49.06181,-26.99927],[-49.06182,-26.99925],[-49.06182,-26.99924],[-49.06181,-26.99922],[-49.06181,-26.99921],[-49.06186,-26.99914],[-49.06194,-26.99911],[-49.06197,-26.9991],[-49.06202,-26.99907],[-49.0621,-26.99902],[-49.06234,-26.99915],[-49.06238,-26.99909],[-49.06241,-26.99902],[-49.06243,-26.99898],[-49.06245,-26.99895],[-49.06247,-26.99892],[-49.06252,-26.99887],[-49.0626,-26.99879],[-49.06267,-26.99873],[-49.06271,-26.99868],[-49.06273,-26.99865],[-49.06275,-26.99863],[-49.06275,-26.9986],[-49.06275,-26.99858],[-49.06281,-26.99858],[-49.0629,-26.99858],[-49.06294,-26.99858],[-49.06297,-26.99858],[-49.06302,-26.99859],[-49.06312,-26.99859],[-49.06313,-26.99858],[-49.06315,-26.99856],[-49.06315,-26.99854],[-49.06326,-26.99856],[-49.0634,-26.99862],[-49.06346,-26.99869],[-49.06349,-26.99874],[-49.06355,-26.99867],[-49.06351,-26.99852],[-49.06352,-26.99841],[-49.06365,-26.99817],[-49.06366,-26.99807],[-49.06365,-26.99802],[-49.06363,-26.99799],[-49.06349,-26.9979],[-49.06346,-26.99783],[-49.06347,-26.99775],[-49.06352,-26.99765],[-49.0636,-26.99751],[-49.06369,-26.99741],[-49.0637,-26.99719],[-49.06366,-26.99704],[-49.06355,-26.99695],[-49.06342,-26.99694],[-49.0633,-26.99701],[-49.06315,-26.99714],[-49.06298,-26.99718],[-49.06295,-26.99719],[-49.0629,-26.99721],[-49.06269,-26.99724],[-49.06258,-26.99729],[-49.06257,-26.99733],[-49.06259,-26.9974],[-49.06257,-26.99746],[-49.06252,-26.9975],[-49.06247,-26.99753],[-49.06242,-26.99759],[-49.0623,-26.99762],[-49.06217,-26.99774],[-49.06209,-26.99785],[-49.0621,-26.99787],[-49.06202,-26.99797],[-49.06198,-26.99813],[-49.06153,-26.99818],[-49.06128,-26.99823],[-49.06114,-26.99824],[-49.06113,-26.99824]]]}},{"type":"Feature","properties":{"bairro":"VALPARAISO","codigo":"7"},"geometry":{"type":"Polygon","coordinates":[[[-49.09549,-26.95756],[-49.09562,-26.95764],[-49.09555,-26.95769],[-49.0955,-26.95782],[-49.09527,-26.95778],[-49.09516,-26.95777],[-49.09503,-26.95779],[-49.09498,-26.95771],[-49.0949,-26.95767],[-49.09472,-26.95762],[-49.09447,-26.95761],[-49.09417,-26.95766],[-49.09403,-26.9576],[-49.0939,-26.95751],[-49.09376,-26.9575],[-49.09369,-26.95753],[-49.0936,-26.95767],[-49.09337,-26.95763],[-49.09331,-26.95764],[-49.0931,-26.95761],[-49.09297,-26.95765],[-49.09284,-26.95773],[-49.09278,-26.95774],[-49.09274,-26.95762],[-49.09263,-26.95749],[-49.09251,-26.95739],[-49.09246,-26.95735],[-49.09241,-26.9573],[-49.09239,-26.95724],[-49.0924,-26.95708],[-49.09238,-26.95699],[-49.09229,-26.95685],[-49.09227,-26.95686],[-49.09229,-26.9569],[-49.09226,-26.95697],[-49.09225,-26.95701],[-49.09215,-26.95697],[-49.09214,-26.95691],[-49.09167,-26.95686],[-49.09159,-26.95685],[-49.0913,-26.95681],[-49.09102,-26.95674],[-49.09091,-26.95676],[-49.0909,-26.95677],[-49.09091,-26.95682],[-49.09082,-26.95684],[-49.09069,-26.95707],[-49.09069,-26.95721],[-49.09064,-26.95736],[-49.09065,-26.95746],[-49.09074,-26.9576],[-49.09082,-26.95768],[-49.09085,-26.95767],[-49.0909,-26.95769],[-49.09092,-26.95773],[-49.09091,-26.95794],[-49.09093,-26.95808],[-49.09062,-26.95814],[-49.09058,-26.95817],[-49.09054,-26.95823],[-49.09051,-26.9584],[-49.09042,-26.95838],[-49.09027,-26.9583],[-49.09007,-26.95816],[-49.08985,-26.95804],[-49.08979,-26.95799],[-49.08972,-26.9579],[-49.08965,-26.95786],[-49.0895,-26.95783],[-49.08939,-26.95794],[-49.08933,-26.95796],[-49.08932,-26.95797],[-49.08927,-26.95798],[-49.08919,-26.95799],[-49.08912,-26.95799],[-49.08906,-26.95799],[-49.08905,-26.95795],[-49.08907,-26.95793],[-49.08906,-26.95785],[-49.08896,-26.95783],[-49.08895,-26.95782],[-49.0889,-26.9578],[-49.08873,-26.95775],[-49.08867,-26.95779],[-49.08863,-26.95789],[-49.08864,-26.95792],[-49.08875,-26.95798],[-49.08874,-26.95802],[-49.08872,-26.95809],[-49.08872,-26.95811],[-49.08867,-26.95812],[-49.08866,-26.95812],[-49.08864,-26.95828],[-49.08854,-26.95827],[-49.08853,-26.95834],[-49.0884,-26.95834],[-49.08838,-26.95838],[-49.0883,-26.95843],[-49.08827,-26.95843],[-49.0882,-26.9584],[-49.08816,-26.95838],[-49.08813,-26.95827],[-49.08811,-26.95816],[-49.08814,-26.95797],[-49.08821,-26.95752],[-49.0883,-26.9574],[-49.08831,-26.95736],[-49.08828,-26.95732],[-49.08829,-26.95729],[-49.08832,-26.95729],[-49.08833,-26.95727],[-49.08836,-26.95723],[-49.08835,-26.95715],[-49.08833,-26.95712],[-49.08825,-26.95709],[-49.08816,-26.95697],[-49.08799,-26.95689],[-49.08782,-26.95684],[-49.08766,-26.95676],[-49.08738,-26.95658],[-49.08749,-26.95637],[-49.08764,-26.95617],[-49.08773,-26.95603],[-49.08773,-26.956],[-49.08763,-26.95593],[-49.08756,-26.95584],[-49.08755,-26.95568],[-49.08758,-26.95557],[-49.08762,-26.95551],[-49.08761,-26.95547],[-49.08777,-26.95533],[-49.08779,-26.95532],[-49.08795,-26.95522],[-49.088,-26.95515],[-49.08802,-26.95508],[-49.08802,-26.95507],[-49.08807,-26.95498],[-49.08807,-26.95483],[-49.08801,-26.95473],[-49.08797,-26.95472],[-49.08781,-26.95472],[-49.08769,-26.95475],[-49.08723,-26.9548],[-49.08711,-26.95484],[-49.08698,-26.95495],[-49.08687,-26.95496],[-49.08679,-26.95497],[-49.08671,-26.95499],[-49.08634,-26.95518],[-49.0862,-26.95526],[-49.0861,-26.95533],[-49.08606,-26.9554],[-49.08599,-26.95557],[-49.08591,-26.95584],[-49.0859,-26.95588],[-49.08594,-26.95606],[-49.08593,-26.95612],[-49.0859,-26.95613],[-49.0858,-26.95613],[-49.08577,-26.95615],[-49.0856,-26.95618],[-49.08558,-26.95603],[-49.0853,-26.9559],[-49.08522,-26.95582],[-49.08518,-26.95571],[-49.08517,-26.95549],[-49.08521,-26.95531],[-49.08527,-26.95527],[-49.08526,-26.9552],[-49.08516,-26.95501],[-49.08514,-26.95497],[-49.08509,-26.95482],[-49.08509,-26.95478],[-49.08512,-26.95468],[-49.0851,-26.95465],[-49.08482,-26.9547],[-49.08454,-26.95479],[-49.08447,-26.95482],[-49.08431,-26.95494],[-49.08431,-26.95499],[-49.08433,-26.95503],[-49.08432,-26.95508],[-49.08422,-26.95509],[-49.08421,-26.95517],[-49.08417,-26.95518],[-49.08414,-26.95513],[-49.08404,-26.95519],[-49.08394,-26.95531],[-49.0839,-26.95538],[-49.08389,-26.95556],[-49.08398,-26.95578],[-49.08408,-26.95586],[-49.0841,-26.9559],[-49.08414,-26.95599],[-49.08412,-26.95616],[-49.08415,-26.95633],[-49.08417,-26.95643],[-49.08414,-26.9565],[-49.08414,-26.95661],[-49.08416,-26.95672],[-49.08413,-26.95675],[-49.08399,-26.95675],[-49.08394,-26.95666],[-49.08389,-26.95667],[-49.08387,-26.95668],[-49.08385,-26.95663],[-49.08382,-26.95661],[-49.08365,-26.95663],[-49.08357,-26.95672],[-49.08344,-26.95674],[-49.08342,-26.95675],[-49.08339,-26.95676],[-49.08333,-26.9568],[-49.08326,-26.95685],[-49.08322,-26.95686],[-49.08314,-26.95682],[-49.08305,-26.95674],[-49.08309,-26.95663],[-49.08312,-26.9566],[-49.08317,-26.95648],[-49.08319,-26.95631],[-49.08313,-26.9556],[-49.08312,-26.95557],[-49.08309,-26.95554],[-49.08306,-26.95547],[-49.08302,-26.95514],[-49.08298,-26.95495],[-49.08293,-26.95481],[-49.08293,-26.95473],[-49.08279,-26.95446],[-49.08268,-26.95438],[-49.08267,-26.95431],[-49.08265,-26.95426],[-49.08258,-26.95422],[-49.0825,-26.95406],[-49.08245,-26.95401],[-49.08234,-26.95397],[-49.0822,-26.95397],[-49.082,-26.95401],[-49.08187,-26.95406],[-49.0817,-26.95425],[-49.08163,-26.95429],[-49.08156,-26.95433],[-49.08144,-26.95444],[-49.08135,-26.95448],[-49.08116,-26.95452],[-49.08098,-26.95462],[-49.08083,-26.95485],[-49.08078,-26.95509],[-49.08071,-26.95519],[-49.08068,-26.95529],[-49.08068,-26.95541],[-49.08073,-26.95559],[-49.08075,-26.95579],[-49.08072,-26.95601],[-49.08068,-26.9561],[-49.0805,-26.956],[-49.08039,-26.95585],[-49.08027,-26.95579],[-49.08001,-26.95541],[-49.07988,-26.95526],[-49.07983,-26.95516],[-49.0797,-26.95488],[-49.07966,-26.95482],[-49.07961,-26.95479],[-49.07955,-26.9548],[-49.07946,-26.95479],[-49.07938,-26.95479],[-49.07931,-26.95484],[-49.07925,-26.95494],[-49.0792,-26.95516],[-49.07913,-26.95525],[-49.07906,-26.95534],[-49.07878,-26.95556],[-49.07873,-26.95562],[-49.07866,-26.95579],[-49.07854,-26.95595],[-49.0785,-26.95613],[-49.07847,-26.95616],[-49.07841,-26.95621],[-49.07833,-26.95621],[-49.07823,-26.95614],[-49.07822,-26.95613],[-49.07818,-26.95608],[-49.07803,-26.95601],[-49.07797,-26.95601],[-49.07794,-26.95607],[-49.07793,-26.95609],[-49.07791,-26.95624],[-49.07773,-26.95649],[-49.07767,-26.95663],[-49.07757,-26.95675],[-49.07757,-26.95688],[-49.07757,-26.95703],[-49.07764,-26.95714],[-49.07765,-26.95718],[-49.07761,-26.95721],[-49.07763,-26.95726],[-49.07762,-26.95734],[-49.0776,-26.95736],[-49.07758,-26.95738],[-49.07757,-26.95748],[-49.07746,-26.95744],[-49.07737,-26.95743],[-49.07725,-26.95745],[-49.07721,-26.95744],[-49.07698,-26.95732],[-49.07694,-26.95731],[-49.07682,-26.9573],[-49.07674,-26.95731],[-49.07661,-26.95723],[-49.07657,-26.95726],[-49.07645,-26.95717],[-49.07642,-26.9571],[-49.0764,-26.95699],[-49.0764,-26.95696],[-49.07642,-26.95688],[-49.07642,-26.95685],[-49.07634,-26.95675],[-49.07631,-26.95671],[-49.07621,-26.95661],[-49.07606,-26.95639],[-49.07596,-26.95628],[-49.07591,-26.95621],[-49.07585,-26.95612],[-49.07582,-26.95608],[-49.07578,-26.956],[-49.0757,-26.95591],[-49.07555,-26.95606],[-49.07554,-26.9561],[-49.07551,-26.95612],[-49.07549,-26.95614],[-49.07538,-26.95614],[-49.07535,-26.9562],[-49.07504,-26.95654],[-49.075,-26.95657],[-49.07496,-26.9566],[-49.0749,-26.95658],[-49.07475,-26.95663],[-49.07466,-26.95663],[-49.07462,-26.95673],[-49.07459,-26.95676],[-49.07452,-26.95702],[-49.07462,-26.95706],[-49.07461,-26.9571],[-49.07452,-26.95726],[-49.07446,-26.95748],[-49.07432,-26.95767],[-49.07422,-26.95774],[-49.07415,-26.95776],[-49.07379,-26.95776],[-49.07374,-26.95775],[-49.07355,-26.95775],[-49.07348,-26.95783],[-49.07342,-26.95805],[-49.07335,-26.95814],[-49.07328,-26.95819],[-49.07311,-26.95824],[-49.07311,-26.95834],[-49.07302,-26.95834],[-49.07302,-26.95846],[-49.07308,-26.95859],[-49.07314,-26.95887],[-49.07325,-26.95887],[-49.07329,-26.95905],[-49.07326,-26.95908],[-49.07322,-26.95911],[-49.0732,-26.95913],[-49.07308,-26.95925],[-49.07297,-26.95941],[-49.07289,-26.95961],[-49.07259,-26.95997],[-49.07218,-26.95953],[-49.07215,-26.95949],[-49.07211,-26.95945],[-49.07203,-26.95934],[-49.072,-26.95932],[-49.07195,-26.95936],[-49.07189,-26.95941],[-49.07163,-26.95962],[-49.07155,-26.95969],[-49.07147,-26.95975],[-49.07135,-26.95985],[-49.07128,-26.9599],[-49.07111,-26.96003],[-49.07104,-26.96008],[-49.07094,-26.96016],[-49.07064,-26.96024],[-49.07032,-26.96021],[-49.07002,-26.95991],[-49.06945,-26.95947],[-49.06916,-26.9593],[-49.069,-26.95924],[-49.06801,-26.95873],[-49.06782,-26.95862],[-49.06762,-26.95841],[-49.0676,-26.95828],[-49.06763,-26.95812],[-49.06772,-26.95799],[-49.06807,-26.95705],[-49.06826,-26.95626],[-49.06829,-26.95622],[-49.06837,-26.95611],[-49.06854,-26.95601],[-49.06861,-26.95604],[-49.06873,-26.95611],[-49.06892,-26.95627],[-49.06919,-26.95642],[-49.06936,-26.95645],[-49.06951,-26.95648],[-49.06985,-26.95649],[-49.07019,-26.95648],[-49.07038,-26.95645],[-49.07059,-26.95639],[-49.07078,-26.95629],[-49.07094,-26.95614],[-49.07108,-26.95593],[-49.07115,-26.95575],[-49.07116,-26.95574],[-49.07123,-26.95562],[-49.07145,-26.95538],[-49.07156,-26.95521],[-49.07166,-26.955],[-49.07178,-26.95465],[-49.07183,-26.95446],[-49.07191,-26.95402],[-49.07193,-26.95376],[-49.07194,-26.95305],[-49.07194,-26.9528],[-49.07193,-26.95222],[-49.07195,-26.95204],[-49.07202,-26.95179],[-49.0721,-26.95118],[-49.07219,-26.95103],[-49.07227,-26.95095],[-49.07232,-26.95092],[-49.07257,-26.95061],[-49.07273,-26.95048],[-49.07313,-26.95016],[-49.07323,-26.95009],[-49.07351,-26.94994],[-49.07372,-26.94985],[-49.07397,-26.94974],[-49.07446,-26.94954],[-49.07459,-26.94949],[-49.07493,-26.94926],[-49.07507,-26.94911],[-49.07518,-26.94894],[-49.07528,-26.94876],[-49.07536,-26.94855],[-49.07542,-26.94833],[-49.0755,-26.94816],[-49.07573,-26.94793],[-49.07601,-26.94767],[-49.07618,-26.94747],[-49.07641,-26.94719],[-49.07684,-26.94668],[-49.0769,-26.94658],[-49.077,-26.94633],[-49.0771,-26.94599],[-49.07717,-26.9456],[-49.07737,-26.94568],[-49.0776,-26.94572],[-49.07768,-26.94572],[-49.07797,-26.94578],[-49.07804,-26.9458],[-49.07809,-26.94581],[-49.07829,-26.94586],[-49.07854,-26.94589],[-49.07855,-26.94589],[-49.07863,-26.94588],[-49.07867,-26.94586],[-49.07878,-26.94571],[-49.0788,-26.94569],[-49.07881,-26.94566],[-49.0789,-26.94549],[-49.07893,-26.94517],[-49.07896,-26.94509],[-49.07918,-26.94499],[-49.07928,-26.94492],[-49.07966,-26.94477],[-49.07987,-26.94478],[-49.08012,-26.94489],[-49.08033,-26.94485],[-49.08071,-26.94469],[-49.08084,-26.94447],[-49.08096,-26.94422],[-49.08118,-26.94397],[-49.08147,-26.94379],[-49.08176,-26.94368],[-49.08203,-26.94344],[-49.08222,-26.94334],[-49.0826,-26.94324],[-49.08289,-26.9431],[-49.08306,-26.94296],[-49.08315,-26.94274],[-49.08323,-26.94261],[-49.08337,-26.94243],[-49.0835,-26.94223],[-49.08412,-26.94163],[-49.08419,-26.94161],[-49.08414,-26.94173],[-49.08368,-26.94221],[-49.08354,-26.94241],[-49.08335,-26.94274],[-49.08332,-26.9429],[-49.08335,-26.94305],[-49.08336,-26.94316],[-49.08333,-26.94326],[-49.0833,-26.94328],[-49.0832,-26.94319],[-49.08316,-26.94318],[-49.08311,-26.94318],[-49.08306,-26.94324],[-49.08302,-26.9433],[-49.08288,-26.94341],[-49.08248,-26.94357],[-49.08239,-26.94366],[-49.08233,-26.9438],[-49.08231,-26.94403],[-49.08228,-26.94419],[-49.0819,-26.94422],[-49.08168,-26.94433],[-49.08162,-26.94437],[-49.08157,-26.94443],[-49.08153,-26.94455],[-49.08151,-26.94483],[-49.08148,-26.94497],[-49.08151,-26.94506],[-49.08157,-26.94506],[-49.08167,-26.94488],[-49.0817,-26.94481],[-49.08173,-26.94478],[-49.08177,-26.94479],[-49.08176,-26.94501],[-49.08177,-26.9451],[-49.08179,-26.94513],[-49.08187,-26.94513],[-49.08219,-26.94505],[-49.08241,-26.94507],[-49.08257,-26.94512],[-49.08269,-26.94523],[-49.083,-26.94542],[-49.08292,-26.94545],[-49.08272,-26.94547],[-49.08256,-26.94552],[-49.08223,-26.94577],[-49.08205,-26.94593],[-49.08201,-26.94599],[-49.08199,-26.94603],[-49.08195,-26.94611],[-49.08197,-26.94623],[-49.08199,-26.94627],[-49.08201,-26.94637],[-49.08201,-26.94644],[-49.08169,-26.94656],[-49.08134,-26.94669],[-49.08125,-26.94677],[-49.08118,-26.94687],[-49.08111,-26.94692],[-49.08108,-26.94693],[-49.08099,-26.94692],[-49.08096,-26.94693],[-49.08093,-26.947],[-49.08093,-26.94725],[-49.08091,-26.94736],[-49.08085,-26.94747],[-49.0807,-26.94765],[-49.08054,-26.9478],[-49.08053,-26.94785],[-49.08055,-26.94789],[-49.08066,-26.94801],[-49.0807,-26.94805],[-49.08077,-26.94812],[-49.08101,-26.9483],[-49.08104,-26.94831],[-49.08105,-26.94832],[-49.08124,-26.94836],[-49.08166,-26.94862],[-49.08187,-26.94864],[-49.08189,-26.94867],[-49.08194,-26.94901],[-49.08197,-26.94909],[-49.08209,-26.94928],[-49.08222,-26.94942],[-49.08225,-26.94956],[-49.08225,-26.94987],[-49.08226,-26.94989],[-49.08224,-26.94991],[-49.08186,-26.94979],[-49.08158,-26.94966],[-49.08149,-26.94963],[-49.08127,-26.94964],[-49.08118,-26.94963],[-49.08067,-26.94942],[-49.08046,-26.94939],[-49.08029,-26.94943],[-49.08026,-26.94944],[-49.08026,-26.94955],[-49.08023,-26.94957],[-49.08022,-26.94966],[-49.08014,-26.94966],[-49.08013,-26.94968],[-49.08017,-26.94981],[-49.08018,-26.94984],[-49.08023,-26.95004],[-49.08024,-26.95009],[-49.0803,-26.95023],[-49.08032,-26.95028],[-49.08038,-26.95044],[-49.08038,-26.95048],[-49.0803,-26.95057],[-49.08025,-26.9506],[-49.08022,-26.95059],[-49.0801,-26.95067],[-49.08008,-26.95068],[-49.07998,-26.95075],[-49.07983,-26.95082],[-49.07959,-26.9509],[-49.07951,-26.9509],[-49.07942,-26.95089],[-49.07923,-26.95082],[-49.07897,-26.95067],[-49.07892,-26.95062],[-49.07875,-26.95041],[-49.07865,-26.95034],[-49.07856,-26.95026],[-49.07844,-26.9501],[-49.07843,-26.95002],[-49.07848,-26.94984],[-49.07831,-26.94971],[-49.07824,-26.94961],[-49.07821,-26.94941],[-49.07812,-26.94912],[-49.07809,-26.94872],[-49.07802,-26.94857],[-49.07791,-26.94845],[-49.07789,-26.94829],[-49.07783,-26.94824],[-49.07778,-26.94824],[-49.07752,-26.94825],[-49.07744,-26.94827],[-49.07739,-26.94833],[-49.07739,-26.94857],[-49.07738,-26.94863],[-49.07735,-26.94877],[-49.07734,-26.949],[-49.07732,-26.94908],[-49.07728,-26.94919],[-49.07717,-26.94924],[-49.07712,-26.94931],[-49.07704,-26.94953],[-49.07692,-26.94969],[-49.07689,-26.94997],[-49.07674,-26.95046],[-49.07659,-26.95086],[-49.07656,-26.95101],[-49.07651,-26.95143],[-49.07653,-26.95159],[-49.07659,-26.95169],[-49.0766,-26.95171],[-49.07661,-26.95173],[-49.07667,-26.95177],[-49.07684,-26.95177],[-49.07756,-26.95156],[-49.07768,-26.95154],[-49.07781,-26.95154],[-49.07807,-26.95158],[-49.07827,-26.95165],[-49.07844,-26.95169],[-49.07888,-26.95169],[-49.07913,-26.95172],[-49.07956,-26.95192],[-49.07984,-26.95201],[-49.07988,-26.95202],[-49.07987,-26.95199],[-49.07995,-26.95193],[-49.07999,-26.95192],[-49.08009,-26.95204],[-49.08018,-26.95211],[-49.08034,-26.95228],[-49.08047,-26.95248],[-49.08057,-26.95256],[-49.08072,-26.95263],[-49.08085,-26.95266],[-49.08102,-26.95263],[-49.08118,-26.95257],[-49.08121,-26.95256],[-49.08133,-26.9525],[-49.08142,-26.95241],[-49.08156,-26.95225],[-49.08168,-26.95207],[-49.08171,-26.95203],[-49.08182,-26.95185],[-49.08196,-26.95175],[-49.08204,-26.95174],[-49.08214,-26.9518],[-49.08223,-26.95189],[-49.08231,-26.952],[-49.08238,-26.95218],[-49.08259,-26.95241],[-49.08275,-26.95252],[-49.08279,-26.95252],[-49.08285,-26.95248],[-49.08297,-26.95247],[-49.08303,-26.95248],[-49.08317,-26.95282],[-49.08322,-26.95292],[-49.08332,-26.953],[-49.08347,-26.95308],[-49.08359,-26.95311],[-49.08458,-26.95311],[-49.08498,-26.95311],[-49.08527,-26.95302],[-49.08537,-26.95297],[-49.0854,-26.95302],[-49.08544,-26.95321],[-49.08547,-26.95326],[-49.08566,-26.95323],[-49.08592,-26.95321],[-49.08616,-26.95322],[-49.08629,-26.95332],[-49.08638,-26.95334],[-49.08649,-26.95331],[-49.08651,-26.95326],[-49.08654,-26.95325],[-49.08655,-26.95323],[-49.08658,-26.95319],[-49.0866,-26.95309],[-49.08665,-26.95307],[-49.0868,-26.9528],[-49.08687,-26.95262],[-49.0869,-26.9526],[-49.08696,-26.95251],[-49.08701,-26.9524],[-49.08712,-26.95224],[-49.08741,-26.95188],[-49.08743,-26.9519],[-49.08743,-26.95195],[-49.08743,-26.95235],[-49.08746,-26.95289],[-49.08743,-26.95304],[-49.08742,-26.95316],[-49.08746,-26.9533],[-49.08749,-26.95333],[-49.08756,-26.95337],[-49.08765,-26.95338],[-49.08777,-26.95337],[-49.08798,-26.95334],[-49.08811,-26.95336],[-49.08814,-26.95337],[-49.08827,-26.95337],[-49.08834,-26.95332],[-49.08841,-26.95329],[-49.0887,-26.95324],[-49.08874,-26.95322],[-49.08881,-26.95318],[-49.08883,-26.95317],[-49.08904,-26.95304],[-49.08912,-26.95301],[-49.08928,-26.95264],[-49.08945,-26.95237],[-49.08945,-26.95268],[-49.08949,-26.95287],[-49.0895,-26.95306],[-49.08953,-26.95317],[-49.08956,-26.9532],[-49.08958,-26.95323],[-49.08966,-26.95326],[-49.08974,-26.95327],[-49.08995,-26.95324],[-49.08999,-26.95325],[-49.09004,-26.95332],[-49.09003,-26.95343],[-49.09001,-26.95354],[-49.08992,-26.95375],[-49.08977,-26.95403],[-49.08976,-26.95407],[-49.08971,-26.95423],[-49.08971,-26.95424],[-49.08969,-26.95437],[-49.08971,-26.95445],[-49.08971,-26.95446],[-49.08972,-26.95448],[-49.08973,-26.95449],[-49.08984,-26.95459],[-49.08995,-26.95465],[-49.0902,-26.95466],[-49.09037,-26.95464],[-49.0904,-26.95462],[-49.09046,-26.95455],[-49.09047,-26.95453],[-49.09049,-26.9545],[-49.0905,-26.95448],[-49.09054,-26.95444],[-49.09059,-26.95439],[-49.09064,-26.9543],[-49.09069,-26.9543],[-49.0908,-26.95428],[-49.09099,-26.95418],[-49.09116,-26.95406],[-49.0912,-26.95414],[-49.09125,-26.95428],[-49.09146,-26.95468],[-49.09151,-26.95491],[-49.09152,-26.95516],[-49.0915,-26.95525],[-49.0915,-26.95532],[-49.09159,-26.95553],[-49.09168,-26.95568],[-49.09173,-26.95573],[-49.09182,-26.95578],[-49.09198,-26.95582],[-49.09202,-26.95584],[-49.09212,-26.95595],[-49.09223,-26.956],[-49.09269,-26.95598],[-49.09285,-26.95601],[-49.09292,-26.95604],[-49.09306,-26.95612],[-49.09329,-26.95622],[-49.09332,-26.95632],[-49.09333,-26.95636],[-49.09334,-26.95641],[-49.09336,-26.95645],[-49.0934,-26.95661],[-49.09338,-26.95664],[-49.09336,-26.95665],[-49.09334,-26.95675],[-49.09336,-26.95681],[-49.09339,-26.95683],[-49.09346,-26.95683],[-49.0937,-26.95682],[-49.0937,-26.95687],[-49.09383,-26.95694],[-49.09402,-26.95714],[-49.09417,-26.95721],[-49.09444,-26.95729],[-49.0946,-26.95736],[-49.09488,-26.95741],[-49.09503,-26.9574],[-49.09507,-26.95739],[-49.09513,-26.95735],[-49.09517,-26.95727],[-49.09517,-26.95714],[-49.09523,-26.95699],[-49.09529,-26.95724],[-49.09544,-26.95751],[-49.09549,-26.95756]]]}},{"type":"Feature","properties":{"bairro":"VILA FORMOSA","codigo":"8"},"geometry":{"type":"Polygon","coordinates":[[[-49.08412,-26.94163],[-49.0835,-26.94223],[-49.08337,-26.94243],[-49.08323,-26.94261],[-49.08315,-26.94274],[-49.08306,-26.94296],[-49.08289,-26.9431],[-49.0826,-26.94324],[-49.08222,-26.94334],[-49.08203,-26.94344],[-49.08176,-26.94368],[-49.08147,-26.94379],[-49.08118,-26.94397],[-49.08096,-26.94422],[-49.08084,-26.94447],[-49.08071,-26.94469],[-49.08033,-26.94485],[-49.08012,-26.94489],[-49.07987,-26.94478],[-49.07966,-26.94477],[-49.07928,-26.94492],[-49.07918,-26.94499],[-49.07896,-26.94509],[-49.07893,-26.94517],[-49.0789,-26.94549],[-49.07881,-26.94566],[-49.0788,-26.94569],[-49.07878,-26.94571],[-49.07867,-26.94586],[-49.07863,-26.94588],[-49.07855,-26.94589],[-49.07854,-26.94589],[-49.07829,-26.94586],[-49.07809,-26.94581],[-49.07804,-26.9458],[-49.07797,-26.94578],[-49.07768,-26.94572],[-49.0776,-26.94572],[-49.07737,-26.94568],[-49.07717,-26.9456],[-49.07718,-26.9455],[-49.0772,-26.94519],[-49.07721,-26.94493],[-49.07721,-26.94483],[-49.0772,-26.9446],[-49.07707,-26.94396],[-49.07698,-26.94371],[-49.07621,-26.94264],[-49.07607,-26.94249],[-49.07597,-26.94241],[-49.0758,-26.94228],[-49.07569,-26.94214],[-49.07557,-26.94194],[-49.07547,-26.94132],[-49.07539,-26.94102],[-49.07525,-26.94076],[-49.07501,-26.94041],[-49.07477,-26.94026],[-49.07462,-26.94018],[-49.0741,-26.93992],[-49.07357,-26.93969],[-49.07308,-26.93951],[-49.07298,-26.93948],[-49.07271,-26.93943],[-49.07242,-26.9394],[-49.07205,-26.93941],[-49.07098,-26.93948],[-49.07002,-26.93966],[-49.06979,-26.93958],[-49.06966,-26.93945],[-49.06951,-26.9393],[-49.06937,-26.93917],[-49.06924,-26.93896],[-49.0689,-26.9382],[-49.06882,-26.93806],[-49.06849,-26.93771],[-49.06829,-26.93744],[-49.06806,-26.93721],[-49.06785,-26.93702],[-49.0676,-26.93682],[-49.06707,-26.93647],[-49.06677,-26.93623],[-49.06656,-26.93607],[-49.06613,-26.93567],[-49.06589,-26.93548],[-49.06548,-26.93531],[-49.0649,-26.93519],[-49.06469,-26.93514],[-49.0641,-26.93496],[-49.06399,-26.93485],[-49.06388,-26.93457],[-49.06339,-26.93413],[-49.06235,-26.93307],[-49.06218,-26.93287],[-49.06213,-26.93276],[-49.06209,-26.93259],[-49.0621,-26.93223],[-49.06215,-26.93208],[-49.06222,-26.93198],[-49.06335,-26.93203],[-49.0634,-26.93205],[-49.0635,-26.93215],[-49.06357,-26.93219],[-49.06392,-26.9323],[-49.06394,-26.93234],[-49.0642,-26.93268],[-49.06422,-26.93271],[-49.06433,-26.93292],[-49.06442,-26.9332],[-49.06446,-26.93325],[-49.0646,-26.93347],[-49.06472,-26.93369],[-49.06483,-26.93381],[-49.06486,-26.93397],[-49.06489,-26.93404],[-49.06515,-26.93439],[-49.06529,-26.93427],[-49.06532,-26.93425],[-49.0654,-26.93419],[-49.06543,-26.93416],[-49.06547,-26.93416],[-49.0655,-26.93419],[-49.06557,-26.93424],[-49.06578,-26.93431],[-49.06595,-26.93432],[-49.06629,-26.93428],[-49.0665,-26.93421],[-49.06671,-26.93418],[-49.06717,-26.93413],[-49.06755,-26.93412],[-49.06763,-26.93411],[-49.06783,-26.93403],[-49.06806,-26.93377],[-49.06822,-26.93354],[-49.0683,-26.93345],[-49.0683,-26.93342],[-49.06842,-26.93329],[-49.06843,-26.93328],[-49.06851,-26.93321],[-49.06852,-26.93312],[-49.06857,-26.93296],[-49.06871,-26.93287],[-49.06874,-26.93283],[-49.06886,-26.93287],[-49.06896,-26.93293],[-49.06903,-26.93294],[-49.06909,-26.93294],[-49.06951,-26.93286],[-49.07018,-26.93281],[-49.07087,-26.9327],[-49.07144,-26.93256],[-49.07201,-26.93239],[-49.07215,-26.93238],[-49.07217,-26.93238],[-49.07217,-26.93247],[-49.07205,-26.93327],[-49.07202,-26.9334],[-49.07202,-26.93374],[-49.07205,-26.93382],[-49.07208,-26.93385],[-49.07212,-26.93386],[-49.07225,-26.93385],[-49.07282,-26.93368],[-49.07304,-26.93364],[-49.07316,-26.93359],[-49.07314,-26.93375],[-49.07297,-26.93435],[-49.07295,-26.93482],[-49.07298,-26.9349],[-49.07308,-26.93497],[-49.07332,-26.93509],[-49.07337,-26.93512],[-49.07355,-26.93517],[-49.07383,-26.93517],[-49.07414,-26.93513],[-49.07427,-26.93506],[-49.07437,-26.93497],[-49.07472,-26.93445],[-49.0748,-26.93434],[-49.07488,-26.93428],[-49.07497,-26.93425],[-49.0752,-26.93421],[-49.07519,-26.93423],[-49.07521,-26.93431],[-49.0752,-26.93441],[-49.07518,-26.93463],[-49.07512,-26.93489],[-49.07508,-26.93516],[-49.07509,-26.93521],[-49.07517,-26.93536],[-49.07525,-26.93544],[-49.07547,-26.93549],[-49.07552,-26.93555],[-49.07559,-26.93559],[-49.07562,-26.9356],[-49.07544,-26.93587],[-49.07535,-26.93601],[-49.07534,-26.93607],[-49.07537,-26.93617],[-49.07543,-26.93626],[-49.07566,-26.93634],[-49.07588,-26.93642],[-49.07593,-26.93644],[-49.07611,-26.93647],[-49.07635,-26.93646],[-49.07647,-26.93644],[-49.07676,-26.93637],[-49.07695,-26.93624],[-49.07701,-26.93622],[-49.07747,-26.93609],[-49.07768,-26.93611],[-49.07804,-26.93611],[-49.07778,-26.93627],[-49.07757,-26.93647],[-49.07742,-26.93664],[-49.07734,-26.9369],[-49.07733,-26.93706],[-49.07736,-26.93716],[-49.07748,-26.93728],[-49.07749,-26.9374],[-49.07751,-26.93743],[-49.07756,-26.93745],[-49.07749,-26.93746],[-49.07739,-26.93752],[-49.07727,-26.93755],[-49.07715,-26.93755],[-49.07691,-26.93753],[-49.07649,-26.93755],[-49.07631,-26.93753],[-49.07613,-26.93749],[-49.07595,-26.9375],[-49.07585,-26.93754],[-49.07576,-26.93762],[-49.07557,-26.93771],[-49.07549,-26.9377],[-49.07536,-26.93759],[-49.07518,-26.93759],[-49.075,-26.93762],[-49.07483,-26.93767],[-49.07473,-26.93774],[-49.07466,-26.93782],[-49.07457,-26.93789],[-49.07443,-26.93797],[-49.07434,-26.93799],[-49.07406,-26.93784],[-49.07393,-26.93775],[-49.07379,-26.93767],[-49.0737,-26.93764],[-49.07357,-26.93766],[-49.0733,-26.93756],[-49.07301,-26.93741],[-49.07296,-26.93738],[-49.07287,-26.93735],[-49.07279,-26.93737],[-49.07273,-26.93741],[-49.07272,-26.93742],[-49.07268,-26.93745],[-49.07259,-26.93755],[-49.07251,-26.93776],[-49.07251,-26.93788],[-49.07255,-26.93798],[-49.07257,-26.93805],[-49.07268,-26.93812],[-49.07278,-26.93817],[-49.07297,-26.93834],[-49.07312,-26.93842],[-49.07328,-26.93847],[-49.07333,-26.93848],[-49.07356,-26.93855],[-49.07381,-26.93858],[-49.07417,-26.93859],[-49.07444,-26.93862],[-49.0746,-26.93868],[-49.07464,-26.93871],[-49.07472,-26.93874],[-49.07483,-26.93881],[-49.07503,-26.93905],[-49.07519,-26.93917],[-49.0757,-26.93942],[-49.0759,-26.93953],[-49.07594,-26.93956],[-49.07605,-26.93963],[-49.07628,-26.93972],[-49.07662,-26.93977],[-49.07695,-26.93976],[-49.07708,-26.93972],[-49.07714,-26.93967],[-49.07724,-26.93955],[-49.0773,-26.9395],[-49.07734,-26.93952],[-49.07736,-26.93959],[-49.0774,-26.93986],[-49.07747,-26.94005],[-49.07754,-26.94019],[-49.07768,-26.94033],[-49.07782,-26.94042],[-49.07801,-26.94052],[-49.07825,-26.94058],[-49.07838,-26.94059],[-49.07852,-26.94051],[-49.07856,-26.94052],[-49.0786,-26.94054],[-49.07868,-26.94059],[-49.07885,-26.94061],[-49.07915,-26.94058],[-49.07968,-26.94037],[-49.07984,-26.94029],[-49.08014,-26.94022],[-49.08035,-26.94021],[-49.08049,-26.94013],[-49.08059,-26.94012],[-49.08058,-26.94025],[-49.08056,-26.94033],[-49.08048,-26.94046],[-49.0804,-26.94068],[-49.08031,-26.94081],[-49.08023,-26.94098],[-49.07958,-26.94178],[-49.07931,-26.94198],[-49.07901,-26.94212],[-49.07892,-26.94221],[-49.07888,-26.94228],[-49.07881,-26.9425],[-49.07883,-26.94265],[-49.07905,-26.94299],[-49.07906,-26.94313],[-49.07905,-26.94326],[-49.07895,-26.94361],[-49.07883,-26.94385],[-49.07881,-26.94393],[-49.07883,-26.944],[-49.07888,-26.94406],[-49.07892,-26.94408],[-49.07909,-26.94413],[-49.07927,-26.94411],[-49.07946,-26.94405],[-49.07951,-26.94403],[-49.07962,-26.94399],[-49.08014,-26.94371],[-49.08022,-26.94369],[-49.0803,-26.94369],[-49.08036,-26.94354],[-49.08043,-26.94354],[-49.08057,-26.94346],[-49.08072,-26.94343],[-49.08105,-26.94345],[-49.08131,-26.94343],[-49.08157,-26.94335],[-49.08218,-26.94306],[-49.08251,-26.94297],[-49.08268,-26.94285],[-49.08284,-26.9427],[-49.0831,-26.94238],[-49.0833,-26.94223],[-49.08338,-26.94214],[-49.08355,-26.94203],[-49.08369,-26.94189],[-49.08397,-26.94169],[-49.08412,-26.94163]]]}},{"type":"Feature","properties":{"bairro":"VICTOR KONDER","codigo":"21"},"geometry":{"type":"Polygon","coordinates":[[[-49.0706,-26.90964],[-49.07078,-26.90927],[-49.07083,-26.90902],[-49.07085,-26.90881],[-49.07085,-26.9087],[-49.0709,-26.90857],[-49.07101,-26.9084],[-49.07107,-26.90817],[-49.07115,-26.90723],[-49.07119,-26.90634],[-49.07123,-26.9063],[-49.07129,-26.90611],[-49.0713,-26.90595],[-49.07115,-26.90561],[-49.07111,-26.90543],[-49.07106,-26.90514],[-49.07103,-26.90484],[-49.07103,-26.9047],[-49.07115,-26.90445],[-49.07134,-26.9042],[-49.07166,-26.90351],[-49.07175,-26.90327],[-49.07179,-26.90305],[-49.07182,-26.9026],[-49.07194,-26.90253],[-49.07216,-26.90245],[-49.07226,-26.90244],[-49.07261,-26.9025],[-49.07312,-26.90266],[-49.0732,-26.90268],[-49.07342,-26.90291],[-49.07523,-26.90423],[-49.07542,-26.90431],[-49.07564,-26.9044],[-49.07586,-26.9045],[-49.07595,-26.90453],[-49.07619,-26.90462],[-49.07626,-26.90465],[-49.07634,-26.90468],[-49.07636,-26.90471],[-49.07616,-26.90493],[-49.0764,-26.90505],[-49.0769,-26.90528],[-49.07684,-26.90536],[-49.07675,-26.90544],[-49.07743,-26.90598],[-49.07761,-26.90612],[-49.07787,-26.90632],[-49.07848,-26.9068],[-49.0791,-26.90729],[-49.08008,-26.90807],[-49.0801,-26.90808],[-49.08015,-26.90812],[-49.0802,-26.90816],[-49.08049,-26.90838],[-49.0805,-26.90839],[-49.08214,-26.90963],[-49.08241,-26.90982],[-49.08227,-26.90997],[-49.08222,-26.91002],[-49.08171,-26.91055],[-49.08167,-26.91052],[-49.08164,-26.9105],[-49.0815,-26.91041],[-49.08141,-26.91039],[-49.08122,-26.91032],[-49.08113,-26.91026],[-49.08085,-26.91026],[-49.08046,-26.91026],[-49.08032,-26.91024],[-49.08006,-26.91014],[-49.07912,-26.90996],[-49.07904,-26.90995],[-49.07837,-26.90982],[-49.07817,-26.9098],[-49.078,-26.90982],[-49.0777,-26.90991],[-49.0775,-26.90999],[-49.07743,-26.91004],[-49.0773,-26.91015],[-49.07707,-26.91035],[-49.07696,-26.9104],[-49.07626,-26.91054],[-49.07616,-26.91061],[-49.07597,-26.91081],[-49.07591,-26.91092],[-49.07592,-26.91101],[-49.07595,-26.91108],[-49.076,-26.91113],[-49.07609,-26.91118],[-49.07633,-26.9112],[-49.07673,-26.91141],[-49.077,-26.91163],[-49.07702,-26.91169],[-49.07698,-26.91181],[-49.07681,-26.91201],[-49.07673,-26.91206],[-49.07657,-26.91211],[-49.07638,-26.91216],[-49.07632,-26.91216],[-49.07623,-26.91216],[-49.07553,-26.9121],[-49.07534,-26.91208],[-49.07518,-26.91206],[-49.0751,-26.91206],[-49.07495,-26.91218],[-49.07484,-26.91243],[-49.07485,-26.91249],[-49.07479,-26.91272],[-49.0748,-26.9128],[-49.07478,-26.9129],[-49.0747,-26.91307],[-49.07461,-26.9132],[-49.07452,-26.9134],[-49.07447,-26.91357],[-49.07439,-26.91367],[-49.07427,-26.91379],[-49.07382,-26.91399],[-49.07353,-26.9141],[-49.07332,-26.91411],[-49.07322,-26.9141],[-49.073,-26.9141],[-49.07271,-26.91413],[-49.07248,-26.9142],[-49.07236,-26.91419],[-49.07214,-26.91395],[-49.07199,-26.91385],[-49.07181,-26.91377],[-49.07171,-26.91375],[-49.07161,-26.91376],[-49.07153,-26.91379],[-49.07143,-26.91394],[-49.07139,-26.91398],[-49.07124,-26.91404],[-49.07113,-26.91409],[-49.07108,-26.91411],[-49.071,-26.9141],[-49.07092,-26.91408],[-49.07055,-26.91386],[-49.07042,-26.91371],[-49.07033,-26.91355],[-49.07007,-26.91321],[-49.06983,-26.91283],[-49.0697,-26.91272],[-49.06967,-26.91269],[-49.06964,-26.91266],[-49.06956,-26.91265],[-49.06911,-26.91295],[-49.06866,-26.91309],[-49.06882,-26.91283],[-49.06898,-26.91269],[-49.06914,-26.91252],[-49.06915,-26.9125],[-49.06918,-26.91243],[-49.0692,-26.9124],[-49.06929,-26.91219],[-49.06961,-26.9121],[-49.06984,-26.9118],[-49.06995,-26.91157],[-49.07004,-26.91111],[-49.07007,-26.911],[-49.07009,-26.91084],[-49.07009,-26.9107],[-49.07019,-26.9105],[-49.0704,-26.91025],[-49.07044,-26.91013],[-49.07043,-26.91006],[-49.07045,-26.90994],[-49.07052,-26.90976],[-49.0706,-26.90964]]]}},{"type":"Feature","properties":{"bairro":"TRIBESS","codigo":"27"},"geometry":{"type":"Polygon","coordinates":[[[-49.06163,-26.87936],[-49.06161,-26.87977],[-49.0616,-26.87984],[-49.06157,-26.8799],[-49.06136,-26.88012],[-49.06133,-26.88017],[-49.06152,-26.88039],[-49.06156,-26.88049],[-49.06142,-26.88065],[-49.06137,-26.88071],[-49.06129,-26.88077],[-49.06123,-26.88082],[-49.06111,-26.88091],[-49.0611,-26.88091],[-49.06135,-26.8812],[-49.0613,-26.88129],[-49.06125,-26.88146],[-49.06116,-26.88161],[-49.06109,-26.88185],[-49.06111,-26.88242],[-49.06109,-26.8827],[-49.06106,-26.88281],[-49.06098,-26.88294],[-49.0611,-26.88313],[-49.06067,-26.88341],[-49.06054,-26.88348],[-49.06031,-26.88361],[-49.06003,-26.88367],[-49.05973,-26.88368],[-49.05966,-26.88368],[-49.05947,-26.88366],[-49.05933,-26.88369],[-49.05927,-26.8837],[-49.05921,-26.88372],[-49.05919,-26.88378],[-49.05902,-26.88382],[-49.05894,-26.88386],[-49.05866,-26.88393],[-49.05853,-26.88399],[-49.05827,-26.88407],[-49.05821,-26.8841],[-49.05803,-26.88427],[-49.05795,-26.88445],[-49.05776,-26.8846],[-49.05752,-26.88484],[-49.05743,-26.88497],[-49.05723,-26.8853],[-49.057,-26.88538],[-49.05685,-26.88539],[-49.0568,-26.88537],[-49.05677,-26.88531],[-49.05668,-26.88525],[-49.05609,-26.8851],[-49.05606,-26.88509],[-49.05593,-26.88506],[-49.05568,-26.88495],[-49.05555,-26.88493],[-49.05537,-26.88495],[-49.05528,-26.88497],[-49.05527,-26.88497],[-49.05522,-26.88498],[-49.05506,-26.88501],[-49.05465,-26.885],[-49.05435,-26.88502],[-49.05427,-26.88505],[-49.05423,-26.88508],[-49.05388,-26.88513],[-49.05368,-26.8852],[-49.05359,-26.88522],[-49.05354,-26.88523],[-49.05334,-26.8853],[-49.05293,-26.88539],[-49.05276,-26.88544],[-49.05268,-26.88548],[-49.0525,-26.88552],[-49.05226,-26.88563],[-49.05213,-26.88573],[-49.05194,-26.8858],[-49.05188,-26.88582],[-49.05172,-26.88585],[-49.05152,-26.88587],[-49.0514,-26.88587],[-49.05134,-26.88585],[-49.05128,-26.88581],[-49.05122,-26.88577],[-49.0512,-26.88573],[-49.05119,-26.88571],[-49.05119,-26.8857],[-49.05105,-26.88553],[-49.05103,-26.8855],[-49.05092,-26.88523],[-49.05082,-26.88487],[-49.05078,-26.88478],[-49.05073,-26.88473],[-49.05071,-26.88471],[-49.05048,-26.88456],[-49.05045,-26.88455],[-49.05037,-26.88453],[-49.04995,-26.8844],[-49.04988,-26.88438],[-49.04958,-26.88428],[-49.0495,-26.88425],[-49.04928,-26.88419],[-49.04919,-26.88417],[-49.04881,-26.88406],[-49.0487,-26.88402],[-49.04853,-26.88396],[-49.04846,-26.88393],[-49.04823,-26.88383],[-49.04815,-26.88381],[-49.04791,-26.88375],[-49.04778,-26.88374],[-49.04775,-26.88367],[-49.0477,-26.88362],[-49.04762,-26.88357],[-49.04765,-26.88342],[-49.04764,-26.88337],[-49.04758,-26.88323],[-49.04752,-26.88315],[-49.04729,-26.88265],[-49.04715,-26.88226],[-49.04707,-26.88211],[-49.04705,-26.88207],[-49.04692,-26.88179],[-49.04687,-26.88138],[-49.04687,-26.88134],[-49.04687,-26.88129],[-49.04686,-26.88124],[-49.04685,-26.88113],[-49.04684,-26.88108],[-49.04684,-26.88083],[-49.04687,-26.88059],[-49.04691,-26.88053],[-49.04694,-26.88049],[-49.0471,-26.88033],[-49.04714,-26.88028],[-49.04723,-26.88017],[-49.04724,-26.88013],[-49.04725,-26.88009],[-49.04726,-26.87997],[-49.04723,-26.87986],[-49.04724,-26.8798],[-49.04724,-26.87969],[-49.04721,-26.8796],[-49.0471,-26.87951],[-49.04705,-26.87946],[-49.04681,-26.87927],[-49.04651,-26.8791],[-49.04643,-26.87906],[-49.04595,-26.87879],[-49.04563,-26.87866],[-49.04554,-26.87863],[-49.04526,-26.87851],[-49.0449,-26.87842],[-49.04464,-26.87823],[-49.04438,-26.87802],[-49.04416,-26.87781],[-49.04406,-26.87777],[-49.04413,-26.87772],[-49.04452,-26.87707],[-49.04459,-26.87683],[-49.0446,-26.87673],[-49.04456,-26.87659],[-49.04447,-26.87645],[-49.04435,-26.87628],[-49.0443,-26.87618],[-49.04429,-26.87606],[-49.04433,-26.87587],[-49.04434,-26.87575],[-49.04431,-26.87564],[-49.04424,-26.87547],[-49.0442,-26.87521],[-49.04415,-26.87513],[-49.04408,-26.87493],[-49.04406,-26.87488],[-49.04401,-26.87482],[-49.04378,-26.87454],[-49.0437,-26.87429],[-49.04368,-26.87414],[-49.0436,-26.87389],[-49.04358,-26.87384],[-49.04361,-26.87371],[-49.04369,-26.87355],[-49.0438,-26.87344],[-49.04408,-26.87325],[-49.04437,-26.87308],[-49.0444,-26.87305],[-49.04448,-26.87297],[-49.04452,-26.87273],[-49.04451,-26.87264],[-49.04446,-26.87245],[-49.0443,-26.87217],[-49.04429,-26.87214],[-49.04421,-26.87189],[-49.0442,-26.87185],[-49.04417,-26.87168],[-49.04418,-26.87159],[-49.04414,-26.8713],[-49.04413,-26.87091],[-49.04413,-26.87086],[-49.04413,-26.87057],[-49.04418,-26.8704],[-49.04424,-26.87009],[-49.04425,-26.86995],[-49.04423,-26.86971],[-49.04418,-26.86958],[-49.04416,-26.86954],[-49.04405,-26.86928],[-49.04382,-26.86889],[-49.04363,-26.8685],[-49.04272,-26.86755],[-49.0425,-26.86727],[-49.04213,-26.86669],[-49.04193,-26.86655],[-49.04186,-26.86648],[-49.04181,-26.86637],[-49.04176,-26.86612],[-49.0417,-26.86596],[-49.04167,-26.86574],[-49.04169,-26.86563],[-49.04172,-26.86558],[-49.04183,-26.86549],[-49.04187,-26.86545],[-49.0419,-26.86542],[-49.04219,-26.86513],[-49.04224,-26.86506],[-49.04224,-26.86498],[-49.04218,-26.8647],[-49.04197,-26.86412],[-49.04104,-26.86402],[-49.04087,-26.86396],[-49.04075,-26.8639],[-49.04046,-26.8638],[-49.04032,-26.86373],[-49.04021,-26.86362],[-49.04014,-26.86345],[-49.04011,-26.86321],[-49.04012,-26.86301],[-49.04013,-26.86296],[-49.04015,-26.86282],[-49.04015,-26.86277],[-49.04016,-26.86267],[-49.04017,-26.86263],[-49.04018,-26.86251],[-49.04018,-26.86247],[-49.04019,-26.86236],[-49.04019,-26.86231],[-49.04019,-26.86227],[-49.0402,-26.86222],[-49.0402,-26.86217],[-49.04021,-26.86211],[-49.04025,-26.86154],[-49.04029,-26.86132],[-49.04036,-26.8611],[-49.04043,-26.86095],[-49.04053,-26.86101],[-49.0406,-26.86106],[-49.04091,-26.86126],[-49.04105,-26.86134],[-49.04139,-26.86157],[-49.04147,-26.86161],[-49.04176,-26.8618],[-49.04183,-26.86184],[-49.04209,-26.86201],[-49.04217,-26.86206],[-49.0432,-26.86272],[-49.04327,-26.86277],[-49.04356,-26.86295],[-49.04363,-26.86299],[-49.04372,-26.86305],[-49.04453,-26.86355],[-49.04461,-26.86359],[-49.04474,-26.86366],[-49.04482,-26.8637],[-49.04486,-26.86372],[-49.04501,-26.86378],[-49.04506,-26.8638],[-49.04513,-26.86382],[-49.04521,-26.86385],[-49.04541,-26.86391],[-49.04571,-26.86397],[-49.0458,-26.86398],[-49.04589,-26.86399],[-49.04621,-26.86402],[-49.04654,-26.86401],[-49.04662,-26.864],[-49.047,-26.86393],[-49.04709,-26.86392],[-49.04716,-26.8639],[-49.04735,-26.86384],[-49.04747,-26.86381],[-49.04755,-26.86377],[-49.04783,-26.86367],[-49.0479,-26.86363],[-49.04795,-26.86361],[-49.04839,-26.8634],[-49.04897,-26.86308],[-49.04905,-26.86303],[-49.04934,-26.86287],[-49.04947,-26.8628],[-49.0495,-26.86278],[-49.04952,-26.86276],[-49.0496,-26.86272],[-49.04997,-26.86252],[-49.05004,-26.86248],[-49.05028,-26.86235],[-49.0504,-26.86229],[-49.05097,-26.86198],[-49.05105,-26.86194],[-49.05124,-26.86184],[-49.05132,-26.8618],[-49.05164,-26.86163],[-49.05165,-26.86163],[-49.05212,-26.86182],[-49.05234,-26.86197],[-49.05247,-26.86206],[-49.05252,-26.86211],[-49.05273,-26.86227],[-49.05279,-26.86232],[-49.05284,-26.86236],[-49.05297,-26.86247],[-49.05301,-26.86251],[-49.05307,-26.86255],[-49.05359,-26.86297],[-49.05368,-26.86303],[-49.05374,-26.86308],[-49.05377,-26.86313],[-49.05371,-26.86334],[-49.05375,-26.86344],[-49.05375,-26.86453],[-49.05368,-26.86486],[-49.05351,-26.86533],[-49.0535,-26.86537],[-49.05349,-26.8654],[-49.05471,-26.8655],[-49.0552,-26.86551],[-49.05542,-26.86549],[-49.05584,-26.8655],[-49.05587,-26.86568],[-49.0559,-26.86632],[-49.0559,-26.86636],[-49.05591,-26.86642],[-49.05592,-26.86654],[-49.05592,-26.86656],[-49.05593,-26.86666],[-49.05593,-26.86674],[-49.05594,-26.86687],[-49.05597,-26.86709],[-49.05591,-26.86719],[-49.05581,-26.86731],[-49.05575,-26.86742],[-49.05572,-26.86762],[-49.05574,-26.86825],[-49.05575,-26.86835],[-49.05579,-26.8693],[-49.0558,-26.86942],[-49.05581,-26.86965],[-49.05581,-26.8697],[-49.05587,-26.87073],[-49.05587,-26.87079],[-49.05588,-26.87105],[-49.05599,-26.87113],[-49.05616,-26.87122],[-49.05627,-26.87127],[-49.05632,-26.8713],[-49.0564,-26.87135],[-49.05651,-26.87136],[-49.05678,-26.87132],[-49.05744,-26.87129],[-49.05767,-26.87123],[-49.05775,-26.87124],[-49.05788,-26.87124],[-49.05791,-26.87124],[-49.05791,-26.87126],[-49.0579,-26.87135],[-49.0579,-26.8714],[-49.0579,-26.87147],[-49.0579,-26.87151],[-49.05789,-26.87159],[-49.05791,-26.87177],[-49.05796,-26.87254],[-49.05795,-26.87293],[-49.05794,-26.87305],[-49.05793,-26.87347],[-49.05793,-26.87351],[-49.05793,-26.87361],[-49.05793,-26.87366],[-49.05834,-26.87363],[-49.05842,-26.87361],[-49.05849,-26.87361],[-49.05862,-26.87367],[-49.0588,-26.87371],[-49.0589,-26.87374],[-49.05918,-26.87379],[-49.05939,-26.87382],[-49.05964,-26.87387],[-49.05978,-26.87389],[-49.05979,-26.87393],[-49.05982,-26.87419],[-49.05981,-26.87436],[-49.05982,-26.87455],[-49.05982,-26.8746],[-49.05981,-26.87476],[-49.05977,-26.87486],[-49.0598,-26.87506],[-49.0598,-26.87511],[-49.0598,-26.87513],[-49.05989,-26.87513],[-49.06003,-26.87513],[-49.0604,-26.87512],[-49.06058,-26.87511],[-49.06102,-26.87508],[-49.06116,-26.87507],[-49.06128,-26.87506],[-49.06136,-26.87506],[-49.06138,-26.87533],[-49.06139,-26.87548],[-49.06139,-26.87548],[-49.06139,-26.87549],[-49.06139,-26.87553],[-49.06139,-26.87559],[-49.06142,-26.87609],[-49.06143,-26.87615],[-49.06143,-26.87621],[-49.06144,-26.87626],[-49.06144,-26.87635],[-49.06145,-26.87639],[-49.06147,-26.87663],[-49.06147,-26.87667],[-49.06148,-26.8769],[-49.06149,-26.87697],[-49.06149,-26.87705],[-49.06153,-26.87707],[-49.06156,-26.87712],[-49.06158,-26.87724],[-49.06158,-26.8773],[-49.0616,-26.87783],[-49.06161,-26.87789],[-49.06161,-26.87797],[-49.06161,-26.87811],[-49.06161,-26.87839],[-49.06162,-26.87847],[-49.06162,-26.87854],[-49.06162,-26.87866],[-49.06163,-26.87908],[-49.06163,-26.87913],[-49.06163,-26.87915],[-49.06163,-26.87918],[-49.06163,-26.87936]]]}},{"type":"Feature","properties":{"bairro":"SALTO WEISSBACH","codigo":"15"},"geometry":{"type":"Polygon","coordinates":[[[-49.14322,-26.89914],[-49.14323,-26.8992],[-49.143,-26.89975],[-49.14295,-26.89991],[-49.14285,-26.90061],[-49.14278,-26.90076],[-49.14274,-26.90103],[-49.14271,-26.90138],[-49.14258,-26.90177],[-49.14232,-26.90207],[-49.14225,-26.90212],[-49.14217,-26.90215],[-49.14203,-26.90218],[-49.14183,-26.90218],[-49.14176,-26.90218],[-49.14159,-26.90218],[-49.14143,-26.90215],[-49.14119,-26.90205],[-49.14112,-26.90205],[-49.14108,-26.90207],[-49.14103,-26.90227],[-49.14101,-26.90259],[-49.14101,-26.90264],[-49.141,-26.90284],[-49.141,-26.90289],[-49.141,-26.90293],[-49.14098,-26.90299],[-49.1408,-26.90363],[-49.14055,-26.90405],[-49.14029,-26.90416],[-49.14005,-26.90422],[-49.13966,-26.9042],[-49.13958,-26.9042],[-49.13935,-26.90422],[-49.1392,-26.90426],[-49.13911,-26.90444],[-49.13906,-26.90446],[-49.13861,-26.90445],[-49.13857,-26.90446],[-49.13853,-26.90447],[-49.1384,-26.90456],[-49.13831,-26.90459],[-49.13824,-26.90458],[-49.13813,-26.90454],[-49.13794,-26.90451],[-49.13712,-26.90446],[-49.137,-26.90449],[-49.13706,-26.90485],[-49.13711,-26.90548],[-49.13719,-26.90557],[-49.13723,-26.9056],[-49.13771,-26.90594],[-49.13782,-26.906],[-49.13791,-26.90608],[-49.13799,-26.90621],[-49.13809,-26.90652],[-49.13811,-26.90666],[-49.13809,-26.90687],[-49.138,-26.9072],[-49.13789,-26.90719],[-49.13786,-26.90719],[-49.1377,-26.90716],[-49.13749,-26.90708],[-49.13728,-26.90692],[-49.13709,-26.90671],[-49.13702,-26.90666],[-49.13697,-26.90664],[-49.13691,-26.90661],[-49.13628,-26.90631],[-49.13621,-26.90627],[-49.13597,-26.90615],[-49.13592,-26.90613],[-49.13569,-26.90601],[-49.13563,-26.90599],[-49.13494,-26.90565],[-49.13486,-26.90561],[-49.13461,-26.90549],[-49.13348,-26.90494],[-49.13342,-26.90491],[-49.13328,-26.90484],[-49.13322,-26.90481],[-49.13277,-26.9046],[-49.13269,-26.90458],[-49.13264,-26.90463],[-49.1326,-26.90468],[-49.13254,-26.90477],[-49.13249,-26.90477],[-49.13242,-26.90475],[-49.13237,-26.90472],[-49.13229,-26.90469],[-49.13217,-26.90464],[-49.13214,-26.90466],[-49.13201,-26.9049],[-49.13197,-26.90498],[-49.13185,-26.90522],[-49.13175,-26.90517],[-49.13169,-26.90515],[-49.13127,-26.90498],[-49.13116,-26.90494],[-49.13104,-26.90489],[-49.13098,-26.90487],[-49.13069,-26.90476],[-49.13054,-26.90468],[-49.13003,-26.90445],[-49.12987,-26.90437],[-49.12982,-26.90435],[-49.12977,-26.90432],[-49.12953,-26.90418],[-49.12947,-26.90414],[-49.12915,-26.90392],[-49.12886,-26.9038],[-49.12857,-26.9036],[-49.12847,-26.90351],[-49.12828,-26.90327],[-49.12802,-26.90307],[-49.12791,-26.90294],[-49.12772,-26.90282],[-49.12768,-26.90278],[-49.12768,-26.90275],[-49.12773,-26.90255],[-49.12786,-26.90249],[-49.12786,-26.90246],[-49.12773,-26.90233],[-49.12758,-26.90224],[-49.12752,-26.90227],[-49.12725,-26.90233],[-49.12713,-26.90239],[-49.1271,-26.90241],[-49.12692,-26.9025],[-49.12678,-26.90266],[-49.12665,-26.90274],[-49.12647,-26.90278],[-49.12641,-26.90282],[-49.12626,-26.903],[-49.12617,-26.90323],[-49.12607,-26.90341],[-49.12588,-26.90357],[-49.12576,-26.9035],[-49.12524,-26.90325],[-49.12507,-26.90315],[-49.12488,-26.90307],[-49.12483,-26.90296],[-49.12448,-26.9028],[-49.12414,-26.90271],[-49.12358,-26.9025],[-49.12153,-26.90183],[-49.12131,-26.90198],[-49.12104,-26.90212],[-49.1209,-26.90222],[-49.12048,-26.90256],[-49.12034,-26.90266],[-49.12021,-26.90274],[-49.12009,-26.90286],[-49.11986,-26.9031],[-49.1197,-26.90337],[-49.11959,-26.90354],[-49.11952,-26.90372],[-49.11951,-26.90375],[-49.11949,-26.90389],[-49.11949,-26.90393],[-49.11945,-26.90414],[-49.11936,-26.90431],[-49.11933,-26.90435],[-49.11923,-26.90445],[-49.11901,-26.9048],[-49.11898,-26.90485],[-49.11896,-26.90491],[-49.11884,-26.90492],[-49.11865,-26.90485],[-49.11754,-26.90471],[-49.11715,-26.90471],[-49.11642,-26.90475],[-49.11619,-26.90473],[-49.11578,-26.90467],[-49.1156,-26.90459],[-49.1155,-26.90453],[-49.11538,-26.90439],[-49.11523,-26.90426],[-49.11502,-26.90402],[-49.11495,-26.90393],[-49.11475,-26.90356],[-49.1147,-26.90351],[-49.11464,-26.90353],[-49.1142,-26.90379],[-49.11382,-26.90395],[-49.11346,-26.90401],[-49.11314,-26.90411],[-49.11306,-26.90414],[-49.11292,-26.90419],[-49.11258,-26.90441],[-49.11253,-26.90445],[-49.11243,-26.90453],[-49.11232,-26.9046],[-49.11222,-26.90463],[-49.11209,-26.90466],[-49.11156,-26.90472],[-49.11138,-26.9048],[-49.11131,-26.90483],[-49.11122,-26.90488],[-49.11111,-26.90504],[-49.11059,-26.90539],[-49.11049,-26.90535],[-49.11044,-26.90532],[-49.11032,-26.90527],[-49.11031,-26.90527],[-49.11021,-26.90523],[-49.10985,-26.90509],[-49.10972,-26.90494],[-49.10965,-26.90473],[-49.10965,-26.90448],[-49.10966,-26.90426],[-49.10972,-26.90377],[-49.10979,-26.90343],[-49.10994,-26.90318],[-49.11002,-26.90311],[-49.11004,-26.90308],[-49.11012,-26.90299],[-49.11024,-26.90274],[-49.11037,-26.90252],[-49.11039,-26.90245],[-49.11042,-26.9024],[-49.11064,-26.90217],[-49.11087,-26.902],[-49.11106,-26.9018],[-49.11155,-26.90141],[-49.11171,-26.90132],[-49.11187,-26.90129],[-49.11196,-26.90125],[-49.11215,-26.90109],[-49.11225,-26.90099],[-49.11239,-26.90079],[-49.1125,-26.90067],[-49.1126,-26.90061],[-49.11269,-26.90053],[-49.11289,-26.90029],[-49.11291,-26.90025],[-49.11294,-26.90016],[-49.11303,-26.89977],[-49.11305,-26.89974],[-49.11315,-26.89959],[-49.11317,-26.89955],[-49.11322,-26.89946],[-49.11324,-26.89943],[-49.11351,-26.89918],[-49.11368,-26.8989],[-49.11386,-26.8987],[-49.11392,-26.89849],[-49.11399,-26.89835],[-49.11409,-26.89829],[-49.11419,-26.89826],[-49.11436,-26.89826],[-49.11443,-26.89823],[-49.11449,-26.8982],[-49.11459,-26.89813],[-49.11471,-26.89796],[-49.11477,-26.8979],[-49.11506,-26.89741],[-49.11509,-26.89736],[-49.11515,-26.89725],[-49.11522,-26.89724],[-49.11542,-26.89727],[-49.11551,-26.89726],[-49.11559,-26.89722],[-49.11578,-26.89701],[-49.11595,-26.89673],[-49.11605,-26.89663],[-49.11661,-26.89646],[-49.11667,-26.89643],[-49.11676,-26.89632],[-49.11685,-26.89618],[-49.11697,-26.89606],[-49.11718,-26.89573],[-49.11788,-26.89604],[-49.11791,-26.89606],[-49.11839,-26.89627],[-49.11843,-26.89626],[-49.11848,-26.89618],[-49.1185,-26.89611],[-49.11854,-26.89565],[-49.11855,-26.89558],[-49.11858,-26.89531],[-49.11857,-26.89522],[-49.11852,-26.89511],[-49.11843,-26.89502],[-49.11835,-26.89484],[-49.11841,-26.89429],[-49.11845,-26.89421],[-49.11868,-26.89402],[-49.11879,-26.89384],[-49.11896,-26.89369],[-49.119,-26.89361],[-49.11923,-26.89333],[-49.11929,-26.89319],[-49.11935,-26.89304],[-49.1195,-26.89271],[-49.11963,-26.89245],[-49.11964,-26.89229],[-49.11963,-26.89215],[-49.11959,-26.89207],[-49.11943,-26.89192],[-49.11924,-26.89165],[-49.11909,-26.89145],[-49.11895,-26.89123],[-49.11881,-26.89113],[-49.11869,-26.89097],[-49.11856,-26.89085],[-49.11841,-26.89071],[-49.1183,-26.89064],[-49.11808,-26.89039],[-49.11787,-26.89024],[-49.11781,-26.89008],[-49.11779,-26.88998],[-49.11779,-26.88985],[-49.1179,-26.88957],[-49.11802,-26.88942],[-49.11817,-26.88919],[-49.11825,-26.88906],[-49.11832,-26.88896],[-49.11837,-26.88883],[-49.11889,-26.88789],[-49.11901,-26.88768],[-49.11905,-26.88762],[-49.11916,-26.88746],[-49.11917,-26.88744],[-49.11918,-26.88743],[-49.11926,-26.88737],[-49.1194,-26.88722],[-49.11941,-26.88703],[-49.11975,-26.88641],[-49.12077,-26.88717],[-49.12086,-26.88723],[-49.1211,-26.8874],[-49.12173,-26.88781],[-49.12206,-26.88817],[-49.12244,-26.88874],[-49.12266,-26.88914],[-49.12311,-26.89024],[-49.12326,-26.89046],[-49.1233,-26.89049],[-49.12334,-26.89053],[-49.12377,-26.8909],[-49.12436,-26.89133],[-49.12471,-26.89155],[-49.1249,-26.89166],[-49.1256,-26.89181],[-49.1264,-26.89169],[-49.12863,-26.89097],[-49.12996,-26.89029],[-49.13046,-26.89014],[-49.13248,-26.88978],[-49.13416,-26.88963],[-49.13455,-26.88961],[-49.13489,-26.88965],[-49.13554,-26.89011],[-49.13636,-26.89062],[-49.13738,-26.89131],[-49.13816,-26.89172],[-49.13883,-26.89201],[-49.13986,-26.89226],[-49.14155,-26.89235],[-49.14203,-26.89242],[-49.14252,-26.89261],[-49.14265,-26.8932],[-49.14275,-26.89347],[-49.14288,-26.89393],[-49.14288,-26.89402],[-49.14292,-26.89417],[-49.14292,-26.89439],[-49.14292,-26.89444],[-49.14291,-26.89482],[-49.14287,-26.89496],[-49.14289,-26.89522],[-49.14294,-26.89551],[-49.14293,-26.89568],[-49.14291,-26.89578],[-49.14278,-26.89614],[-49.14274,-26.89642],[-49.14276,-26.89646],[-49.14303,-26.89668],[-49.1433,-26.89693],[-49.1435,-26.89718],[-49.14361,-26.89735],[-49.14375,-26.89774],[-49.14365,-26.89821],[-49.14359,-26.89835],[-49.14343,-26.89856],[-49.14318,-26.89877],[-49.14313,-26.89885],[-49.1432,-26.89896],[-49.14322,-26.89914]]]}},{"type":"Feature","properties":{"bairro":"VORSTADT","codigo":"1"},"geometry":{"type":"Polygon","coordinates":[[[-49.05941,-26.92029],[-49.05884,-26.9206],[-49.05844,-26.92079],[-49.05811,-26.92104],[-49.05787,-26.92118],[-49.05722,-26.92029],[-49.05677,-26.91985],[-49.05504,-26.91981],[-49.05491,-26.91979],[-49.05464,-26.91971],[-49.0545,-26.91971],[-49.05424,-26.91967],[-49.05396,-26.9195],[-49.05386,-26.91943],[-49.05382,-26.91937],[-49.05384,-26.91933],[-49.05386,-26.91924],[-49.05385,-26.91915],[-49.05381,-26.91906],[-49.05363,-26.91885],[-49.0536,-26.91877],[-49.05361,-26.91854],[-49.05364,-26.91846],[-49.05372,-26.91834],[-49.05395,-26.91825],[-49.05415,-26.91823],[-49.0544,-26.91823],[-49.05496,-26.91826],[-49.05526,-26.91825],[-49.05533,-26.91823],[-49.05536,-26.91816],[-49.05538,-26.91802],[-49.05542,-26.91804],[-49.05547,-26.91814],[-49.05556,-26.91828],[-49.05569,-26.9184],[-49.05575,-26.91849],[-49.05583,-26.91853],[-49.05598,-26.91855],[-49.0563,-26.91854],[-49.05656,-26.91868],[-49.05677,-26.9187],[-49.05691,-26.91865],[-49.05704,-26.91855],[-49.05707,-26.9185],[-49.0571,-26.91839],[-49.05711,-26.91832],[-49.05711,-26.91818],[-49.05704,-26.91778],[-49.05698,-26.91765],[-49.05673,-26.91739],[-49.05654,-26.91725],[-49.05645,-26.91703],[-49.05632,-26.91689],[-49.05631,-26.91686],[-49.05632,-26.91685],[-49.05634,-26.91672],[-49.05631,-26.91654],[-49.0563,-26.91645],[-49.05626,-26.91635],[-49.05621,-26.91628],[-49.05612,-26.91623],[-49.05603,-26.9162],[-49.05593,-26.91617],[-49.0559,-26.91618],[-49.05584,-26.91593],[-49.0558,-26.91587],[-49.05574,-26.91583],[-49.0556,-26.91579],[-49.05552,-26.91578],[-49.05539,-26.91578],[-49.05532,-26.91578],[-49.05521,-26.91582],[-49.05511,-26.91583],[-49.05496,-26.9159],[-49.05481,-26.91589],[-49.05477,-26.91588],[-49.05463,-26.91572],[-49.05445,-26.91545],[-49.05437,-26.9154],[-49.05427,-26.91538],[-49.05412,-26.91538],[-49.05383,-26.91544],[-49.05368,-26.9154],[-49.05343,-26.91525],[-49.05335,-26.9152],[-49.0533,-26.91512],[-49.05329,-26.91508],[-49.05334,-26.91496],[-49.05335,-26.91487],[-49.05331,-26.91474],[-49.05323,-26.91463],[-49.05303,-26.91449],[-49.05275,-26.91439],[-49.05246,-26.91431],[-49.0522,-26.9142],[-49.05215,-26.91419],[-49.052,-26.91413],[-49.05185,-26.9141],[-49.05165,-26.91411],[-49.05146,-26.91417],[-49.05123,-26.91426],[-49.05111,-26.91434],[-49.05108,-26.91442],[-49.05106,-26.9146],[-49.05104,-26.91465],[-49.05084,-26.91482],[-49.05078,-26.9149],[-49.05071,-26.91507],[-49.05064,-26.91506],[-49.05062,-26.91508],[-49.05063,-26.91538],[-49.05061,-26.91542],[-49.05065,-26.91569],[-49.05067,-26.91571],[-49.05071,-26.91571],[-49.05073,-26.91586],[-49.05076,-26.91594],[-49.05082,-26.91602],[-49.05081,-26.91604],[-49.05083,-26.91609],[-49.05099,-26.91623],[-49.05097,-26.91627],[-49.05094,-26.91627],[-49.05087,-26.91639],[-49.05079,-26.91644],[-49.05075,-26.91647],[-49.05061,-26.91652],[-49.05058,-26.91658],[-49.05058,-26.91669],[-49.05059,-26.91672],[-49.0506,-26.91681],[-49.05064,-26.91692],[-49.05071,-26.91701],[-49.05081,-26.91708],[-49.05102,-26.91719],[-49.05155,-26.91752],[-49.05188,-26.91766],[-49.05202,-26.91776],[-49.05206,-26.91781],[-49.05206,-26.91795],[-49.05193,-26.91796],[-49.05174,-26.91801],[-49.05155,-26.91804],[-49.05127,-26.91813],[-49.05122,-26.91815],[-49.05111,-26.91821],[-49.05104,-26.91819],[-49.05104,-26.91821],[-49.05106,-26.91823],[-49.05102,-26.9183],[-49.05099,-26.91832],[-49.051,-26.91838],[-49.05099,-26.91846],[-49.05103,-26.91851],[-49.05104,-26.91861],[-49.05104,-26.91863],[-49.05101,-26.91864],[-49.05109,-26.9188],[-49.05109,-26.91885],[-49.05097,-26.91885],[-49.05088,-26.9188],[-49.05069,-26.91877],[-49.05063,-26.91875],[-49.05061,-26.91876],[-49.05053,-26.9189],[-49.0504,-26.91915],[-49.05039,-26.91916],[-49.05036,-26.91918],[-49.05032,-26.91924],[-49.05028,-26.91924],[-49.05026,-26.91919],[-49.05022,-26.91915],[-49.05017,-26.91915],[-49.05012,-26.91906],[-49.05012,-26.91902],[-49.05008,-26.91898],[-49.05012,-26.91893],[-49.05012,-26.91888],[-49.05014,-26.91884],[-49.05007,-26.91879],[-49.05007,-26.91877],[-49.04997,-26.91873],[-49.04986,-26.9187],[-49.04975,-26.9187],[-49.04974,-26.91871],[-49.0497,-26.91871],[-49.04968,-26.91869],[-49.0496,-26.9187],[-49.04958,-26.91871],[-49.04958,-26.91874],[-49.04946,-26.91878],[-49.04945,-26.91881],[-49.04936,-26.91885],[-49.04936,-26.91887],[-49.04924,-26.91892],[-49.04909,-26.91895],[-49.04895,-26.91901],[-49.04891,-26.91905],[-49.04883,-26.9191],[-49.04876,-26.91921],[-49.04874,-26.91929],[-49.04874,-26.9194],[-49.04871,-26.91952],[-49.04853,-26.91965],[-49.0485,-26.91967],[-49.04848,-26.91973],[-49.04849,-26.9198],[-49.04847,-26.91988],[-49.0484,-26.91999],[-49.04837,-26.92001],[-49.04828,-26.92006],[-49.04816,-26.92004],[-49.04811,-26.92005],[-49.04804,-26.9201],[-49.048,-26.92017],[-49.04808,-26.92033],[-49.04807,-26.92037],[-49.04804,-26.92041],[-49.04802,-26.92047],[-49.04795,-26.92054],[-49.0479,-26.92061],[-49.0479,-26.92066],[-49.04802,-26.9208],[-49.04802,-26.92083],[-49.04797,-26.92088],[-49.04794,-26.92099],[-49.04783,-26.92102],[-49.04776,-26.9211],[-49.04769,-26.92126],[-49.0477,-26.92135],[-49.04767,-26.92142],[-49.04766,-26.92148],[-49.04758,-26.92157],[-49.04753,-26.92169],[-49.04747,-26.92176],[-49.04749,-26.92165],[-49.04747,-26.92157],[-49.04742,-26.92143],[-49.04737,-26.92137],[-49.04735,-26.92136],[-49.04735,-26.92131],[-49.04736,-26.92115],[-49.04734,-26.92111],[-49.04732,-26.92105],[-49.04735,-26.92093],[-49.04725,-26.92085],[-49.04717,-26.92082],[-49.0471,-26.92076],[-49.04705,-26.92069],[-49.04703,-26.92068],[-49.04695,-26.92045],[-49.04688,-26.9204],[-49.04681,-26.92035],[-49.04671,-26.92035],[-49.04667,-26.92037],[-49.04665,-26.9204],[-49.04647,-26.92067],[-49.04641,-26.92071],[-49.04634,-26.92063],[-49.04625,-26.92053],[-49.04614,-26.92044],[-49.04601,-26.92038],[-49.04596,-26.92037],[-49.04581,-26.92041],[-49.04566,-26.92042],[-49.04557,-26.92046],[-49.04549,-26.92052],[-49.04536,-26.92071],[-49.04526,-26.92069],[-49.04522,-26.92066],[-49.0451,-26.92047],[-49.04503,-26.92041],[-49.04469,-26.92038],[-49.04449,-26.92045],[-49.04441,-26.92042],[-49.04429,-26.9204],[-49.04424,-26.9204],[-49.04419,-26.92039],[-49.04403,-26.92028],[-49.04389,-26.92023],[-49.04386,-26.92023],[-49.04368,-26.9203],[-49.04362,-26.92028],[-49.04352,-26.9202],[-49.04349,-26.92014],[-49.0435,-26.92002],[-49.0435,-26.92],[-49.04341,-26.91999],[-49.04337,-26.92],[-49.04334,-26.92004],[-49.04332,-26.92005],[-49.0431,-26.92029],[-49.04308,-26.92015],[-49.043,-26.91997],[-49.0429,-26.91977],[-49.04275,-26.91969],[-49.04266,-26.91969],[-49.04245,-26.91971],[-49.04234,-26.91975],[-49.04233,-26.91978],[-49.04227,-26.91979],[-49.04215,-26.91984],[-49.04211,-26.91988],[-49.04209,-26.9199],[-49.04199,-26.91996],[-49.04201,-26.91988],[-49.04203,-26.91984],[-49.04202,-26.91981],[-49.04203,-26.91977],[-49.04203,-26.91975],[-49.04198,-26.91975],[-49.04197,-26.91973],[-49.04194,-26.91971],[-49.04189,-26.91964],[-49.04184,-26.91959],[-49.0418,-26.91957],[-49.04181,-26.91953],[-49.0418,-26.91952],[-49.04175,-26.91954],[-49.04162,-26.9195],[-49.04153,-26.91948],[-49.04136,-26.91944],[-49.04119,-26.91938],[-49.04102,-26.91934],[-49.04088,-26.91926],[-49.0408,-26.91924],[-49.04062,-26.9192],[-49.04057,-26.91919],[-49.04046,-26.91919],[-49.0404,-26.9192],[-49.04036,-26.91923],[-49.04018,-26.91928],[-49.03994,-26.9193],[-49.0398,-26.91934],[-49.03966,-26.91931],[-49.03965,-26.9193],[-49.03948,-26.91932],[-49.0394,-26.91937],[-49.03933,-26.91939],[-49.03925,-26.91939],[-49.03918,-26.91933],[-49.03914,-26.91932],[-49.03895,-26.91935],[-49.03865,-26.91933],[-49.03846,-26.91934],[-49.03838,-26.91932],[-49.0383,-26.91927],[-49.03869,-26.9192],[-49.03881,-26.91915],[-49.03908,-26.91899],[-49.03922,-26.91894],[-49.03925,-26.9189],[-49.03935,-26.91889],[-49.03949,-26.91884],[-49.03957,-26.91884],[-49.03972,-26.91886],[-49.03974,-26.91885],[-49.04008,-26.91867],[-49.04015,-26.91863],[-49.04027,-26.91858],[-49.04031,-26.91857],[-49.04039,-26.91855],[-49.04046,-26.91854],[-49.04053,-26.91856],[-49.04078,-26.91868],[-49.04084,-26.91871],[-49.04129,-26.91881],[-49.04174,-26.91894],[-49.0418,-26.91895],[-49.04188,-26.91895],[-49.04207,-26.91891],[-49.04211,-26.91889],[-49.04215,-26.9188],[-49.04221,-26.91877],[-49.04227,-26.91877],[-49.04265,-26.91879],[-49.04266,-26.9188],[-49.04268,-26.91889],[-49.04276,-26.91891],[-49.04326,-26.919],[-49.04344,-26.91908],[-49.04356,-26.91914],[-49.04361,-26.91917],[-49.04373,-26.91922],[-49.04383,-26.91922],[-49.04397,-26.91927],[-49.04404,-26.91933],[-49.04424,-26.91959],[-49.04432,-26.91965],[-49.04436,-26.91966],[-49.04446,-26.91966],[-49.04486,-26.91963],[-49.04496,-26.91961],[-49.04524,-26.9195],[-49.04548,-26.91946],[-49.04559,-26.91946],[-49.04588,-26.91949],[-49.04609,-26.91949],[-49.04674,-26.91949],[-49.04679,-26.91946],[-49.04681,-26.91941],[-49.04678,-26.91935],[-49.0467,-26.9193],[-49.0461,-26.91911],[-49.04593,-26.919],[-49.04582,-26.91894],[-49.04578,-26.91891],[-49.04564,-26.91878],[-49.04555,-26.91875],[-49.04508,-26.91877],[-49.04504,-26.91877],[-49.04485,-26.91874],[-49.04476,-26.9187],[-49.04463,-26.9186],[-49.04461,-26.91859],[-49.04452,-26.91855],[-49.04442,-26.91857],[-49.04432,-26.91842],[-49.04407,-26.91819],[-49.04392,-26.91801],[-49.04388,-26.91793],[-49.04386,-26.91783],[-49.04432,-26.91784],[-49.04483,-26.9178],[-49.04508,-26.91766],[-49.04518,-26.91764],[-49.04583,-26.91763],[-49.04603,-26.91764],[-49.04613,-26.91765],[-49.04637,-26.91773],[-49.04644,-26.91773],[-49.04645,-26.91777],[-49.04648,-26.91778],[-49.0465,-26.91773],[-49.04658,-26.91775],[-49.04659,-26.91774],[-49.04668,-26.91775],[-49.04671,-26.91778],[-49.04681,-26.91775],[-49.04707,-26.91774],[-49.04727,-26.91774],[-49.04763,-26.91784],[-49.04788,-26.91782],[-49.04796,-26.91777],[-49.04809,-26.91763],[-49.04814,-26.91755],[-49.0482,-26.91738],[-49.04831,-26.91723],[-49.04834,-26.9171],[-49.04834,-26.91705],[-49.04832,-26.91701],[-49.04825,-26.91695],[-49.04805,-26.91681],[-49.04782,-26.91672],[-49.04774,-26.91667],[-49.04768,-26.9166],[-49.04763,-26.91647],[-49.04763,-26.91638],[-49.04767,-26.91635],[-49.04788,-26.91624],[-49.04807,-26.91617],[-49.04817,-26.91607],[-49.0482,-26.91594],[-49.0482,-26.91553],[-49.04816,-26.9153],[-49.04813,-26.91526],[-49.04805,-26.9152],[-49.04803,-26.91518],[-49.04794,-26.91515],[-49.0478,-26.91512],[-49.04775,-26.9151],[-49.04747,-26.91499],[-49.04738,-26.91497],[-49.0474,-26.9147],[-49.0474,-26.91443],[-49.04738,-26.91434],[-49.04734,-26.91426],[-49.0473,-26.91413],[-49.04729,-26.91395],[-49.04736,-26.91365],[-49.04751,-26.91343],[-49.04748,-26.91323],[-49.04746,-26.9132],[-49.04733,-26.91318],[-49.04733,-26.91307],[-49.04729,-26.91295],[-49.0472,-26.91288],[-49.04707,-26.91283],[-49.04677,-26.91277],[-49.04658,-26.9128],[-49.04639,-26.91287],[-49.04628,-26.91293],[-49.04627,-26.91294],[-49.04581,-26.91329],[-49.04571,-26.9134],[-49.0456,-26.91349],[-49.04551,-26.91359],[-49.04544,-26.91371],[-49.04534,-26.91387],[-49.04524,-26.91397],[-49.0452,-26.914],[-49.04489,-26.91411],[-49.04485,-26.91405],[-49.04482,-26.91385],[-49.04476,-26.91368],[-49.04475,-26.91354],[-49.04463,-26.91309],[-49.04461,-26.91291],[-49.04452,-26.91275],[-49.04445,-26.91268],[-49.04436,-26.91265],[-49.04401,-26.91263],[-49.04385,-26.9126],[-49.04379,-26.91259],[-49.04373,-26.91255],[-49.04369,-26.91247],[-49.04368,-26.91215],[-49.04371,-26.91198],[-49.04366,-26.91186],[-49.04358,-26.9118],[-49.04335,-26.9117],[-49.04315,-26.91157],[-49.04303,-26.91143],[-49.04299,-26.91132],[-49.04298,-26.91128],[-49.04289,-26.91117],[-49.04276,-26.911],[-49.04266,-26.91091],[-49.04262,-26.91087],[-49.0424,-26.91062],[-49.04231,-26.91046],[-49.04218,-26.91017],[-49.04208,-26.91002],[-49.04204,-26.90998],[-49.04195,-26.90993],[-49.04188,-26.90992],[-49.0418,-26.90992],[-49.04172,-26.90996],[-49.04164,-26.91013],[-49.0416,-26.91043],[-49.0416,-26.91047],[-49.0416,-26.91061],[-49.04161,-26.91066],[-49.04168,-26.91078],[-49.04178,-26.91099],[-49.04183,-26.91116],[-49.04169,-26.9111],[-49.04155,-26.91107],[-49.04134,-26.91094],[-49.0413,-26.9109],[-49.04107,-26.91074],[-49.04092,-26.9106],[-49.04069,-26.91032],[-49.04061,-26.91011],[-49.04044,-26.90981],[-49.0404,-26.90968],[-49.0403,-26.90947],[-49.04023,-26.90938],[-49.04019,-26.90933],[-49.04007,-26.90928],[-49.04,-26.90918],[-49.03998,-26.90914],[-49.03993,-26.90905],[-49.03991,-26.90901],[-49.03986,-26.90902],[-49.03982,-26.90906],[-49.03977,-26.90922],[-49.03972,-26.90931],[-49.03962,-26.90945],[-49.03943,-26.9096],[-49.03941,-26.90967],[-49.03937,-26.90989],[-49.0393,-26.91007],[-49.03921,-26.90994],[-49.03906,-26.90967],[-49.03891,-26.90934],[-49.03888,-26.90923],[-49.03887,-26.90902],[-49.03889,-26.9088],[-49.03887,-26.90869],[-49.03883,-26.90859],[-49.03884,-26.90837],[-49.03893,-26.90806],[-49.03892,-26.90801],[-49.03889,-26.90796],[-49.0388,-26.90789],[-49.03862,-26.90784],[-49.03844,-26.90786],[-49.03833,-26.90789],[-49.03823,-26.90795],[-49.03806,-26.90818],[-49.03802,-26.90821],[-49.03791,-26.90824],[-49.03785,-26.90825],[-49.03766,-26.90824],[-49.03749,-26.90818],[-49.03722,-26.90807],[-49.0371,-26.90808],[-49.03705,-26.90811],[-49.03697,-26.90819],[-49.03694,-26.90824],[-49.03695,-26.9084],[-49.03702,-26.90861],[-49.03704,-26.90871],[-49.03699,-26.90898],[-49.03694,-26.90908],[-49.03691,-26.90912],[-49.03681,-26.90918],[-49.03658,-26.90925],[-49.03631,-26.90938],[-49.0362,-26.90941],[-49.03601,-26.90948],[-49.03592,-26.90951],[-49.03585,-26.90957],[-49.03578,-26.90969],[-49.03575,-26.90978],[-49.03575,-26.90987],[-49.03576,-26.90996],[-49.0358,-26.90999],[-49.03594,-26.91012],[-49.03606,-26.9102],[-49.03621,-26.91022],[-49.0364,-26.91033],[-49.03654,-26.91039],[-49.03661,-26.91045],[-49.03666,-26.91054],[-49.03669,-26.91062],[-49.0367,-26.91078],[-49.03656,-26.91087],[-49.0364,-26.91098],[-49.03628,-26.91113],[-49.03625,-26.91116],[-49.03622,-26.9112],[-49.03615,-26.91136],[-49.03614,-26.91144],[-49.03613,-26.91161],[-49.03615,-26.91171],[-49.03618,-26.9118],[-49.03645,-26.91215],[-49.03651,-26.91223],[-49.03651,-26.91236],[-49.03639,-26.9125],[-49.03635,-26.91262],[-49.03627,-26.91271],[-49.03621,-26.91278],[-49.0362,-26.9128],[-49.03619,-26.9128],[-49.03609,-26.91283],[-49.03605,-26.91285],[-49.03592,-26.91284],[-49.03585,-26.91281],[-49.03572,-26.91267],[-49.03534,-26.91217],[-49.0351,-26.91205],[-49.03495,-26.91207],[-49.03486,-26.91211],[-49.03482,-26.91214],[-49.03469,-26.91249],[-49.03462,-26.9126],[-49.03442,-26.91271],[-49.03427,-26.91291],[-49.03421,-26.91303],[-49.03421,-26.9132],[-49.03417,-26.91342],[-49.03413,-26.9135],[-49.03357,-26.91368],[-49.03336,-26.91381],[-49.03318,-26.91394],[-49.03309,-26.91407],[-49.03306,-26.91415],[-49.03303,-26.91433],[-49.03308,-26.91461],[-49.03319,-26.91483],[-49.03278,-26.91481],[-49.03269,-26.91483],[-49.03263,-26.91487],[-49.03254,-26.91502],[-49.03231,-26.91564],[-49.0323,-26.91571],[-49.03232,-26.91577],[-49.03243,-26.91589],[-49.03307,-26.91624],[-49.03357,-26.91644],[-49.03381,-26.91653],[-49.03398,-26.91655],[-49.03417,-26.91655],[-49.0344,-26.91651],[-49.03446,-26.9166],[-49.03451,-26.91664],[-49.03467,-26.91672],[-49.03478,-26.91677],[-49.03502,-26.91692],[-49.03512,-26.91696],[-49.03518,-26.91712],[-49.03526,-26.91728],[-49.03532,-26.91735],[-49.03552,-26.9175],[-49.03517,-26.91764],[-49.03506,-26.9177],[-49.03502,-26.91774],[-49.03482,-26.91787],[-49.03477,-26.91782],[-49.03473,-26.91774],[-49.03468,-26.91762],[-49.03457,-26.91749],[-49.03446,-26.91741],[-49.0343,-26.91736],[-49.03416,-26.91734],[-49.03409,-26.91734],[-49.03404,-26.91735],[-49.03391,-26.91737],[-49.0338,-26.91744],[-49.03378,-26.91754],[-49.03377,-26.91772],[-49.03374,-26.91788],[-49.03343,-26.91834],[-49.03338,-26.9185],[-49.03337,-26.91884],[-49.03338,-26.91898],[-49.03344,-26.91923],[-49.03336,-26.91922],[-49.03326,-26.91924],[-49.03316,-26.91929],[-49.03303,-26.91933],[-49.03307,-26.91896],[-49.03307,-26.91874],[-49.03302,-26.91817],[-49.03306,-26.91771],[-49.03305,-26.91764],[-49.03299,-26.91756],[-49.03293,-26.91754],[-49.03275,-26.91752],[-49.03269,-26.9175],[-49.03265,-26.91745],[-49.03255,-26.91704],[-49.03252,-26.91695],[-49.03246,-26.91687],[-49.03238,-26.91684],[-49.03227,-26.91683],[-49.03191,-26.91684],[-49.03185,-26.91684],[-49.03176,-26.91685],[-49.03158,-26.91691],[-49.03152,-26.91695],[-49.03144,-26.91703],[-49.03123,-26.91732],[-49.03114,-26.91754],[-49.03112,-26.91769],[-49.03105,-26.91783],[-49.03097,-26.91791],[-49.03086,-26.91801],[-49.03076,-26.91794],[-49.03068,-26.91786],[-49.03056,-26.91773],[-49.03054,-26.91768],[-49.03048,-26.91763],[-49.03039,-26.91761],[-49.02973,-26.91759],[-49.02977,-26.91749],[-49.02985,-26.9174],[-49.0301,-26.91725],[-49.0303,-26.91716],[-49.03046,-26.91705],[-49.03061,-26.91682],[-49.03064,-26.91673],[-49.03067,-26.91654],[-49.03065,-26.91647],[-49.03062,-26.91638],[-49.03056,-26.9163],[-49.03035,-26.91614],[-49.03026,-26.9161],[-49.03016,-26.91608],[-49.02969,-26.91608],[-49.02956,-26.91606],[-49.02967,-26.91591],[-49.02975,-26.91583],[-49.02998,-26.91573],[-49.03015,-26.9157],[-49.0304,-26.91562],[-49.03079,-26.91541],[-49.03097,-26.91526],[-49.03106,-26.91516],[-49.03112,-26.91507],[-49.03114,-26.91495],[-49.0311,-26.91472],[-49.03102,-26.91456],[-49.03077,-26.91433],[-49.03079,-26.91409],[-49.03077,-26.91403],[-49.03072,-26.9139],[-49.03056,-26.91363],[-49.03052,-26.91341],[-49.03051,-26.91301],[-49.03053,-26.91292],[-49.03066,-26.91281],[-49.03088,-26.91276],[-49.03123,-26.91259],[-49.03143,-26.91245],[-49.0315,-26.91239],[-49.03165,-26.91221],[-49.03174,-26.91205],[-49.03176,-26.91187],[-49.03173,-26.91167],[-49.03142,-26.9112],[-49.03136,-26.91109],[-49.03135,-26.91104],[-49.03134,-26.91085],[-49.03136,-26.9108],[-49.03144,-26.91061],[-49.03155,-26.91047],[-49.03162,-26.91039],[-49.03169,-26.91017],[-49.03166,-26.90986],[-49.03164,-26.90981],[-49.0316,-26.90978],[-49.03153,-26.90975],[-49.03147,-26.90976],[-49.03129,-26.90984],[-49.0311,-26.90989],[-49.03096,-26.90995],[-49.03076,-26.90996],[-49.03062,-26.91001],[-49.03057,-26.91003],[-49.03043,-26.91007],[-49.0302,-26.91017],[-49.02991,-26.91023],[-49.02961,-26.91023],[-49.02941,-26.91019],[-49.02926,-26.9102],[-49.02916,-26.91024],[-49.02897,-26.91029],[-49.02871,-26.91043],[-49.02852,-26.91049],[-49.02826,-26.91062],[-49.02814,-26.91063],[-49.02808,-26.91063],[-49.02804,-26.91061],[-49.02797,-26.91051],[-49.02788,-26.91042],[-49.02778,-26.91038],[-49.02752,-26.91036],[-49.02744,-26.91036],[-49.02743,-26.91041],[-49.02738,-26.91043],[-49.02727,-26.91043],[-49.02724,-26.91041],[-49.02715,-26.91038],[-49.02695,-26.91023],[-49.0269,-26.91022],[-49.02683,-26.9102],[-49.0268,-26.91019],[-49.02677,-26.91018],[-49.02674,-26.91017],[-49.02658,-26.91013],[-49.02651,-26.91013],[-49.02638,-26.91017],[-49.02633,-26.91019],[-49.02628,-26.91023],[-49.02626,-26.91028],[-49.02625,-26.9104],[-49.02623,-26.91078],[-49.02614,-26.91111],[-49.02609,-26.9112],[-49.02606,-26.91125],[-49.02599,-26.91142],[-49.02596,-26.91168],[-49.02598,-26.91179],[-49.02609,-26.91205],[-49.02594,-26.91208],[-49.02579,-26.91214],[-49.02565,-26.91222],[-49.02552,-26.91236],[-49.02548,-26.91243],[-49.02543,-26.91258],[-49.02542,-26.91276],[-49.02542,-26.91294],[-49.02525,-26.91291],[-49.02509,-26.91294],[-49.02499,-26.91301],[-49.02484,-26.91318],[-49.02467,-26.91336],[-49.02467,-26.91324],[-49.02467,-26.9132],[-49.02464,-26.91287],[-49.02458,-26.91287],[-49.02454,-26.91272],[-49.02448,-26.91258],[-49.02442,-26.91248],[-49.02431,-26.91237],[-49.02412,-26.91222],[-49.02401,-26.91217],[-49.02385,-26.91214],[-49.02335,-26.91212],[-49.02331,-26.91211],[-49.02327,-26.91207],[-49.02325,-26.91198],[-49.0233,-26.9118],[-49.02339,-26.91163],[-49.02346,-26.91145],[-49.02351,-26.91127],[-49.02351,-26.91105],[-49.02348,-26.91098],[-49.02344,-26.91092],[-49.02333,-26.91081],[-49.02329,-26.91077],[-49.02321,-26.9107],[-49.02312,-26.91057],[-49.02305,-26.91035],[-49.02301,-26.91019],[-49.02292,-26.91011],[-49.02287,-26.91009],[-49.02272,-26.91005],[-49.02255,-26.91006],[-49.02225,-26.91009],[-49.02218,-26.91008],[-49.02209,-26.90994],[-49.02205,-26.90971],[-49.02192,-26.90947],[-49.02188,-26.90945],[-49.02183,-26.90945],[-49.02172,-26.90949],[-49.02167,-26.90953],[-49.0214,-26.90969],[-49.02128,-26.90986],[-49.02111,-26.90992],[-49.02093,-26.90993],[-49.02085,-26.90991],[-49.02074,-26.90986],[-49.02065,-26.90976],[-49.02054,-26.90972],[-49.02043,-26.90972],[-49.02039,-26.90976],[-49.02032,-26.90975],[-49.02027,-26.90973],[-49.02001,-26.90975],[-49.01987,-26.90978],[-49.01975,-26.90983],[-49.01962,-26.90984],[-49.0196,-26.90979],[-49.01967,-26.90916],[-49.01966,-26.90911],[-49.01963,-26.90908],[-49.01958,-26.90905],[-49.01953,-26.90906],[-49.01914,-26.90921],[-49.01887,-26.90927],[-49.01868,-26.90906],[-49.01856,-26.90888],[-49.01848,-26.90855],[-49.01841,-26.90846],[-49.0183,-26.90843],[-49.0181,-26.90845],[-49.01804,-26.90844],[-49.01786,-26.90834],[-49.01777,-26.90833],[-49.01764,-26.90836],[-49.01761,-26.90838],[-49.01759,-26.90846],[-49.01753,-26.90846],[-49.01752,-26.90836],[-49.01748,-26.90834],[-49.01744,-26.90833],[-49.0173,-26.90838],[-49.0171,-26.90837],[-49.01706,-26.90837],[-49.01698,-26.9084],[-49.01685,-26.90854],[-49.01679,-26.90865],[-49.01681,-26.90869],[-49.01689,-26.90874],[-49.01706,-26.90874],[-49.01721,-26.90871],[-49.01726,-26.90873],[-49.01727,-26.90877],[-49.01723,-26.90888],[-49.0172,-26.90893],[-49.01719,-26.90906],[-49.01723,-26.90916],[-49.01733,-26.90925],[-49.01735,-26.90935],[-49.01736,-26.90946],[-49.01732,-26.90976],[-49.01731,-26.91027],[-49.01734,-26.91061],[-49.01738,-26.91075],[-49.01745,-26.91085],[-49.01762,-26.91101],[-49.01768,-26.91111],[-49.01777,-26.91135],[-49.01779,-26.9114],[-49.01784,-26.91149],[-49.01794,-26.91162],[-49.01803,-26.91173],[-49.01807,-26.91174],[-49.01813,-26.91171],[-49.01817,-26.91177],[-49.01819,-26.91185],[-49.01814,-26.91203],[-49.01814,-26.91209],[-49.01814,-26.9122],[-49.01827,-26.91272],[-49.01843,-26.91286],[-49.01852,-26.91291],[-49.01865,-26.91295],[-49.0186,-26.913],[-49.01853,-26.91302],[-49.01841,-26.91301],[-49.01818,-26.91294],[-49.01813,-26.91291],[-49.0181,-26.9129],[-49.01802,-26.91287],[-49.0179,-26.9129],[-49.0178,-26.91297],[-49.01767,-26.91312],[-49.01757,-26.91316],[-49.01737,-26.91332],[-49.01737,-26.91306],[-49.01735,-26.91296],[-49.01726,-26.91278],[-49.01744,-26.91286],[-49.01754,-26.91286],[-49.01762,-26.91284],[-49.01775,-26.91279],[-49.01782,-26.91274],[-49.01789,-26.91267],[-49.01796,-26.91253],[-49.01796,-26.91244],[-49.01792,-26.91229],[-49.01785,-26.9122],[-49.01772,-26.91208],[-49.01755,-26.9119],[-49.01743,-26.91162],[-49.01732,-26.91146],[-49.017,-26.91112],[-49.01669,-26.91083],[-49.01666,-26.91079],[-49.01653,-26.9106],[-49.0164,-26.91046],[-49.01635,-26.91038],[-49.0163,-26.91026],[-49.01626,-26.91014],[-49.01619,-26.91007],[-49.0161,-26.91001],[-49.01578,-26.90999],[-49.01579,-26.90992],[-49.01576,-26.90983],[-49.01572,-26.90977],[-49.0156,-26.90968],[-49.01536,-26.90958],[-49.01531,-26.90956],[-49.01489,-26.90944],[-49.01476,-26.90943],[-49.01458,-26.90943],[-49.01418,-26.90962],[-49.01401,-26.90966],[-49.01359,-26.90967],[-49.0136,-26.90948],[-49.01372,-26.90926],[-49.01376,-26.90911],[-49.01375,-26.90903],[-49.01371,-26.90896],[-49.01362,-26.9089],[-49.01321,-26.90869],[-49.01303,-26.90851],[-49.01294,-26.90845],[-49.0126,-26.90824],[-49.01218,-26.90794],[-49.0121,-26.90792],[-49.01191,-26.90792],[-49.01182,-26.90793],[-49.01155,-26.90801],[-49.01146,-26.90768],[-49.01141,-26.90759],[-49.01136,-26.90754],[-49.01125,-26.90747],[-49.01119,-26.90745],[-49.01115,-26.90743],[-49.01103,-26.90741],[-49.01074,-26.90744],[-49.0107,-26.90745],[-49.01061,-26.90685],[-49.01056,-26.90664],[-49.01049,-26.90655],[-49.01039,-26.90649],[-49.01034,-26.90646],[-49.01006,-26.90635],[-49.01004,-26.90634],[-49.00991,-26.90629],[-49.00972,-26.90615],[-49.00972,-26.90613],[-49.01002,-26.90608],[-49.01045,-26.90589],[-49.01053,-26.90584],[-49.01061,-26.90576],[-49.01077,-26.90563],[-49.01089,-26.90553],[-49.01106,-26.90543],[-49.0112,-26.90537],[-49.01133,-26.90524],[-49.01141,-26.90521],[-49.01155,-26.90518],[-49.01163,-26.90513],[-49.01173,-26.90512],[-49.01185,-26.90505],[-49.01194,-26.90494],[-49.01206,-26.90488],[-49.01223,-26.90483],[-49.01227,-26.9048],[-49.01226,-26.90476],[-49.0123,-26.90459],[-49.0123,-26.90455],[-49.01228,-26.90449],[-49.0122,-26.90438],[-49.01221,-26.90427],[-49.01225,-26.90423],[-49.01224,-26.90414],[-49.01226,-26.90407],[-49.01235,-26.90391],[-49.01267,-26.90347],[-49.01278,-26.90334],[-49.01282,-26.90332],[-49.013,-26.90334],[-49.01303,-26.90332],[-49.01304,-26.9033],[-49.01309,-26.90326],[-49.01309,-26.90321],[-49.01314,-26.90301],[-49.01314,-26.9029],[-49.01314,-26.90289],[-49.01314,-26.90285],[-49.01314,-26.90265],[-49.01313,-26.90252],[-49.01311,-26.90249],[-49.01291,-26.90231],[-49.01283,-26.90217],[-49.01283,-26.90214],[-49.01284,-26.90196],[-49.01288,-26.90189],[-49.01293,-26.90185],[-49.01299,-26.90184],[-49.01303,-26.90181],[-49.01314,-26.90182],[-49.01318,-26.90183],[-49.01324,-26.90188],[-49.01327,-26.90189],[-49.01335,-26.90185],[-49.01338,-26.90178],[-49.01356,-26.90172],[-49.01368,-26.9017],[-49.01374,-26.90166],[-49.01385,-26.90162],[-49.01392,-26.90154],[-49.01394,-26.90152],[-49.01399,-26.90144],[-49.01403,-26.90122],[-49.01403,-26.9012],[-49.01402,-26.90112],[-49.01399,-26.90107],[-49.01397,-26.90105],[-49.01384,-26.90091],[-49.01381,-26.90086],[-49.01385,-26.90074],[-49.01394,-26.90066],[-49.01401,-26.90062],[-49.01421,-26.90058],[-49.01436,-26.90046],[-49.01457,-26.90049],[-49.01483,-26.90051],[-49.01499,-26.90049],[-49.01526,-26.90041],[-49.01546,-26.90031],[-49.01581,-26.90022],[-49.01641,-26.89943],[-49.01678,-26.90124],[-49.01685,-26.90283],[-49.01696,-26.90359],[-49.01724,-26.90418],[-49.01811,-26.90529],[-49.01837,-26.90552],[-49.01874,-26.90586],[-49.01926,-26.90633],[-49.02085,-26.90708],[-49.02179,-26.90741],[-49.0234,-26.90792],[-49.02473,-26.90816],[-49.02581,-26.9083],[-49.02684,-26.90831],[-49.02798,-26.9082],[-49.02865,-26.90806],[-49.02924,-26.90784],[-49.02983,-26.90746],[-49.03025,-26.90696],[-49.03135,-26.90586],[-49.03351,-26.90333],[-49.03492,-26.90149],[-49.03547,-26.90078],[-49.03682,-26.89915],[-49.03759,-26.89848],[-49.03897,-26.89736],[-49.03995,-26.89652],[-49.04015,-26.89631],[-49.04161,-26.89574],[-49.04182,-26.8957],[-49.04189,-26.89568],[-49.04245,-26.89558],[-49.04316,-26.89571],[-49.04376,-26.896],[-49.04433,-26.89655],[-49.04458,-26.89708],[-49.04475,-26.89744],[-49.04485,-26.89766],[-49.04501,-26.89811],[-49.04513,-26.89915],[-49.04514,-26.89951],[-49.04513,-26.8999],[-49.04507,-26.9003],[-49.04497,-26.90135],[-49.04496,-26.90163],[-49.04492,-26.90271],[-49.04488,-26.90298],[-49.04482,-26.90346],[-49.04473,-26.90392],[-49.04423,-26.90504],[-49.04409,-26.90532],[-49.04405,-26.90541],[-49.04384,-26.90583],[-49.04373,-26.90604],[-49.04367,-26.90617],[-49.04354,-26.90642],[-49.04345,-26.90676],[-49.04345,-26.90677],[-49.04343,-26.90692],[-49.04336,-26.90737],[-49.04343,-26.90796],[-49.04396,-26.90845],[-49.04425,-26.90872],[-49.04435,-26.90881],[-49.04458,-26.90894],[-49.04473,-26.90903],[-49.04505,-26.90921],[-49.04553,-26.90942],[-49.04665,-26.90988],[-49.0474,-26.91013],[-49.04772,-26.91023],[-49.04824,-26.9104],[-49.04962,-26.91072],[-49.05096,-26.91103],[-49.05128,-26.91113],[-49.05208,-26.91138],[-49.05236,-26.91144],[-49.0535,-26.91168],[-49.05392,-26.91173],[-49.05506,-26.9118],[-49.05619,-26.91195],[-49.05677,-26.91213],[-49.05747,-26.9128],[-49.05756,-26.91292],[-49.05788,-26.91325],[-49.05792,-26.91329],[-49.05824,-26.91362],[-49.05895,-26.91441],[-49.05898,-26.91445],[-49.05939,-26.91521],[-49.05952,-26.916],[-49.05955,-26.9171],[-49.0595,-26.91799],[-49.05942,-26.91846],[-49.05931,-26.91988],[-49.05941,-26.92029]]]}},{"type":"Feature","properties":{"bairro":"ITOUPAVA NORTE","codigo":"25"},"geometry":{"type":"Polygon","coordinates":[[[-49.09031,-26.87218],[-49.09048,-26.8724],[-49.09053,-26.87252],[-49.09053,-26.87266],[-49.09048,-26.8728],[-49.09036,-26.87294],[-49.08997,-26.87319],[-49.08975,-26.87336],[-49.08967,-26.87345],[-49.08963,-26.87353],[-49.08954,-26.87382],[-49.08944,-26.87403],[-49.08943,-26.87431],[-49.08948,-26.87451],[-49.08953,-26.87493],[-49.08951,-26.87509],[-49.08948,-26.87516],[-49.08943,-26.87535],[-49.08934,-26.87557],[-49.08914,-26.87593],[-49.089,-26.87624],[-49.08895,-26.87648],[-49.08894,-26.87651],[-49.08893,-26.87655],[-49.08887,-26.8766],[-49.08878,-26.8768],[-49.08889,-26.87744],[-49.08887,-26.87872],[-49.08874,-26.87939],[-49.08838,-26.8803],[-49.08793,-26.88133],[-49.08765,-26.8824],[-49.08758,-26.88251],[-49.08659,-26.88415],[-49.08535,-26.88621],[-49.08483,-26.88728],[-49.08464,-26.88774],[-49.08461,-26.88778],[-49.08456,-26.88783],[-49.08453,-26.88787],[-49.08,-26.89309],[-49.07927,-26.89398],[-49.07906,-26.89422],[-49.0779,-26.89551],[-49.0771,-26.89636],[-49.07649,-26.89714],[-49.07584,-26.89759],[-49.07581,-26.89762],[-49.07534,-26.89794],[-49.07507,-26.89818],[-49.07431,-26.89842],[-49.07394,-26.89847],[-49.07367,-26.8985],[-49.07279,-26.89843],[-49.07188,-26.89826],[-49.07068,-26.89782],[-49.07028,-26.89767],[-49.06942,-26.8973],[-49.06642,-26.89611],[-49.06415,-26.89526],[-49.06357,-26.89502],[-49.06333,-26.89492],[-49.0628,-26.89482],[-49.06189,-26.89464],[-49.06102,-26.89454],[-49.06069,-26.89461],[-49.06063,-26.89448],[-49.06059,-26.89424],[-49.06052,-26.89392],[-49.06047,-26.89385],[-49.06043,-26.89366],[-49.06037,-26.89346],[-49.06032,-26.89319],[-49.06033,-26.89299],[-49.06032,-26.89282],[-49.06023,-26.89259],[-49.06021,-26.89244],[-49.06024,-26.89238],[-49.06027,-26.89234],[-49.06034,-26.89231],[-49.06044,-26.8923],[-49.06045,-26.89227],[-49.06037,-26.89173],[-49.06028,-26.8915],[-49.06028,-26.89137],[-49.06032,-26.89131],[-49.0604,-26.89106],[-49.06039,-26.89082],[-49.06042,-26.8905],[-49.06043,-26.89007],[-49.06043,-26.89003],[-49.06041,-26.88989],[-49.06033,-26.88969],[-49.06031,-26.88966],[-49.0603,-26.88966],[-49.06,-26.88959],[-49.05955,-26.88942],[-49.05982,-26.88888],[-49.05989,-26.88845],[-49.05994,-26.88823],[-49.05993,-26.88799],[-49.05998,-26.88767],[-49.06001,-26.8876],[-49.06019,-26.88725],[-49.06021,-26.8872],[-49.06022,-26.88717],[-49.06021,-26.88707],[-49.06021,-26.88704],[-49.06029,-26.88697],[-49.06035,-26.88695],[-49.06056,-26.88693],[-49.06082,-26.88693],[-49.0609,-26.88691],[-49.06095,-26.88688],[-49.06101,-26.88681],[-49.0611,-26.88662],[-49.06112,-26.88646],[-49.06125,-26.88637],[-49.06134,-26.88622],[-49.06139,-26.88616],[-49.06166,-26.88606],[-49.0618,-26.88597],[-49.06197,-26.88592],[-49.06214,-26.88584],[-49.06254,-26.88571],[-49.06263,-26.88569],[-49.06283,-26.8857],[-49.06289,-26.88571],[-49.063,-26.88575],[-49.06325,-26.88574],[-49.06334,-26.88585],[-49.06339,-26.88588],[-49.06381,-26.8861],[-49.06405,-26.88619],[-49.06424,-26.88622],[-49.06431,-26.88622],[-49.06451,-26.88626],[-49.06464,-26.88632],[-49.06473,-26.8864],[-49.06483,-26.88662],[-49.06491,-26.88655],[-49.06511,-26.88626],[-49.06543,-26.88607],[-49.06563,-26.88596],[-49.06575,-26.88593],[-49.06606,-26.88591],[-49.06626,-26.88591],[-49.06644,-26.88588],[-49.0666,-26.8858],[-49.06674,-26.88576],[-49.06683,-26.88568],[-49.06687,-26.8856],[-49.06689,-26.88558],[-49.06724,-26.88539],[-49.0673,-26.88531],[-49.0674,-26.885],[-49.06742,-26.88481],[-49.0675,-26.88457],[-49.0675,-26.88429],[-49.06761,-26.88408],[-49.06764,-26.88397],[-49.06769,-26.88389],[-49.06771,-26.88387],[-49.06775,-26.88379],[-49.0679,-26.88349],[-49.06802,-26.88333],[-49.06812,-26.88316],[-49.06813,-26.88311],[-49.06808,-26.88291],[-49.06804,-26.88244],[-49.06798,-26.8823],[-49.06797,-26.88208],[-49.06799,-26.88202],[-49.06882,-26.88164],[-49.06926,-26.88152],[-49.06952,-26.8815],[-49.0699,-26.88149],[-49.06999,-26.88149],[-49.07001,-26.88149],[-49.0702,-26.88148],[-49.07121,-26.88144],[-49.07135,-26.88144],[-49.0717,-26.88143],[-49.072,-26.88142],[-49.07228,-26.88141],[-49.07236,-26.8814],[-49.07254,-26.8814],[-49.07262,-26.88141],[-49.07271,-26.88143],[-49.07292,-26.88154],[-49.07296,-26.88152],[-49.073,-26.88147],[-49.07304,-26.88141],[-49.07306,-26.88139],[-49.07308,-26.88135],[-49.07326,-26.8811],[-49.07339,-26.881],[-49.07346,-26.88089],[-49.07364,-26.88071],[-49.07366,-26.88064],[-49.07367,-26.88042],[-49.07347,-26.88005],[-49.07342,-26.87992],[-49.07341,-26.87976],[-49.07341,-26.87972],[-49.07341,-26.8795],[-49.07347,-26.87919],[-49.07352,-26.87902],[-49.07363,-26.87882],[-49.07374,-26.87871],[-49.07376,-26.87869],[-49.07383,-26.87861],[-49.07402,-26.87829],[-49.07407,-26.87825],[-49.07438,-26.87826],[-49.07445,-26.87824],[-49.0746,-26.87813],[-49.07463,-26.8781],[-49.07475,-26.87797],[-49.07485,-26.87783],[-49.07498,-26.87758],[-49.07499,-26.87745],[-49.07491,-26.87699],[-49.07491,-26.87692],[-49.07498,-26.87686],[-49.07507,-26.8768],[-49.07512,-26.87677],[-49.07517,-26.87674],[-49.07535,-26.87653],[-49.0754,-26.87647],[-49.07543,-26.87643],[-49.07545,-26.8764],[-49.07549,-26.87635],[-49.0755,-26.87631],[-49.07552,-26.87626],[-49.07553,-26.876],[-49.07553,-26.87594],[-49.07555,-26.87582],[-49.07561,-26.87575],[-49.07571,-26.87554],[-49.07593,-26.87531],[-49.07597,-26.87524],[-49.07635,-26.87499],[-49.07641,-26.87494],[-49.07653,-26.87479],[-49.07663,-26.87468],[-49.077,-26.87418],[-49.07706,-26.87399],[-49.07716,-26.8738],[-49.07732,-26.87367],[-49.07752,-26.87354],[-49.07794,-26.87319],[-49.07791,-26.87293],[-49.07794,-26.8729],[-49.07796,-26.8729],[-49.07796,-26.87285],[-49.07793,-26.87258],[-49.07793,-26.87251],[-49.07791,-26.87227],[-49.07785,-26.87225],[-49.07785,-26.87221],[-49.07783,-26.87189],[-49.07783,-26.87182],[-49.07783,-26.87169],[-49.07783,-26.87164],[-49.07782,-26.87156],[-49.07782,-26.87149],[-49.07781,-26.87139],[-49.0778,-26.8711],[-49.0778,-26.87106],[-49.07779,-26.87076],[-49.07779,-26.8707],[-49.07778,-26.87055],[-49.07779,-26.87045],[-49.07797,-26.87028],[-49.07798,-26.87027],[-49.07807,-26.87012],[-49.07807,-26.8701],[-49.07806,-26.87004],[-49.07805,-26.87],[-49.07803,-26.86986],[-49.07802,-26.86977],[-49.07801,-26.86972],[-49.07801,-26.8697],[-49.078,-26.86963],[-49.07805,-26.86962],[-49.07813,-26.86961],[-49.07853,-26.86958],[-49.07862,-26.86957],[-49.07874,-26.86945],[-49.07871,-26.86932],[-49.07879,-26.8692],[-49.07899,-26.86896],[-49.07911,-26.86888],[-49.07916,-26.8688],[-49.07933,-26.86872],[-49.07938,-26.86868],[-49.07942,-26.86861],[-49.07945,-26.86853],[-49.07942,-26.86851],[-49.07948,-26.86835],[-49.07951,-26.8683],[-49.07954,-26.86831],[-49.07959,-26.86834],[-49.0798,-26.86846],[-49.07988,-26.86852],[-49.07997,-26.86858],[-49.08001,-26.86861],[-49.08003,-26.86862],[-49.08026,-26.86836],[-49.0803,-26.86832],[-49.08047,-26.8681],[-49.08064,-26.86794],[-49.08068,-26.86791],[-49.08088,-26.86779],[-49.08135,-26.86762],[-49.08145,-26.86757],[-49.08153,-26.8675],[-49.08154,-26.86748],[-49.08163,-26.86733],[-49.08171,-26.86714],[-49.08174,-26.86711],[-49.08187,-26.86688],[-49.08197,-26.8668],[-49.08203,-26.8667],[-49.08209,-26.86665],[-49.08216,-26.8666],[-49.08225,-26.86657],[-49.08237,-26.86654],[-49.08244,-26.86651],[-49.08252,-26.86643],[-49.08257,-26.86641],[-49.08281,-26.8664],[-49.08301,-26.86635],[-49.08313,-26.86625],[-49.08328,-26.86617],[-49.08334,-26.86605],[-49.08351,-26.86611],[-49.08372,-26.86606],[-49.08394,-26.86588],[-49.08413,-26.86575],[-49.08421,-26.86573],[-49.08431,-26.86574],[-49.08438,-26.8658],[-49.08439,-26.86583],[-49.08432,-26.86607],[-49.08418,-26.86626],[-49.08413,-26.8664],[-49.08407,-26.86667],[-49.08406,-26.86685],[-49.08407,-26.86689],[-49.08414,-26.86698],[-49.08425,-26.86703],[-49.08447,-26.86706],[-49.08463,-26.867],[-49.08487,-26.86686],[-49.08499,-26.8668],[-49.08515,-26.8668],[-49.08523,-26.86685],[-49.08529,-26.86692],[-49.08533,-26.86705],[-49.08538,-26.86776],[-49.0854,-26.86782],[-49.08544,-26.86786],[-49.08555,-26.86793],[-49.08559,-26.86795],[-49.08566,-26.86794],[-49.08578,-26.86784],[-49.08584,-26.86776],[-49.08592,-26.86764],[-49.08603,-26.86735],[-49.08609,-26.86719],[-49.08617,-26.86707],[-49.08626,-26.86699],[-49.08633,-26.86697],[-49.08638,-26.86698],[-49.08644,-26.86703],[-49.08658,-26.86725],[-49.08674,-26.86757],[-49.08683,-26.86768],[-49.08698,-26.86789],[-49.08717,-26.86818],[-49.08727,-26.86829],[-49.08732,-26.86832],[-49.08741,-26.86832],[-49.08747,-26.8683],[-49.08751,-26.86827],[-49.08756,-26.86823],[-49.08759,-26.86817],[-49.08766,-26.86765],[-49.08769,-26.8676],[-49.08775,-26.86756],[-49.08788,-26.86757],[-49.08799,-26.86758],[-49.08809,-26.86762],[-49.08813,-26.86766],[-49.08816,-26.86772],[-49.08814,-26.86796],[-49.0881,-26.86809],[-49.08808,-26.86824],[-49.08813,-26.86852],[-49.08821,-26.86885],[-49.08831,-26.86953],[-49.08837,-26.86971],[-49.08848,-26.86993],[-49.08858,-26.87027],[-49.0886,-26.87073],[-49.08864,-26.87082],[-49.08868,-26.87088],[-49.08882,-26.87096],[-49.08898,-26.87099],[-49.08912,-26.87097],[-49.08932,-26.87091],[-49.08952,-26.87087],[-49.08964,-26.87088],[-49.08974,-26.8709],[-49.08985,-26.87097],[-49.08998,-26.87112],[-49.09004,-26.87125],[-49.09005,-26.87129],[-49.09006,-26.87154],[-49.09005,-26.87172],[-49.09007,-26.87184],[-49.09019,-26.87208],[-49.09031,-26.87218]]]}},{"type":"Feature","properties":{"bairro":"PASSO MANSO","codigo":"14"},"geometry":{"type":"Polygon","coordinates":[[[-49.1433,-26.89693],[-49.14303,-26.89668],[-49.14276,-26.89646],[-49.14274,-26.89642],[-49.14278,-26.89614],[-49.14291,-26.89578],[-49.14293,-26.89568],[-49.14294,-26.89551],[-49.14289,-26.89522],[-49.14287,-26.89496],[-49.14291,-26.89482],[-49.14292,-26.89444],[-49.14292,-26.89439],[-49.14292,-26.89417],[-49.14288,-26.89402],[-49.14288,-26.89393],[-49.14275,-26.89347],[-49.14265,-26.8932],[-49.14252,-26.89261],[-49.14258,-26.89263],[-49.14298,-26.89291],[-49.14377,-26.89394],[-49.14415,-26.89426],[-49.14479,-26.89561],[-49.14518,-26.89603],[-49.14566,-26.89653],[-49.14598,-26.89666],[-49.14639,-26.89686],[-49.14666,-26.89704],[-49.1468,-26.89711],[-49.14747,-26.89712],[-49.14816,-26.89712],[-49.14936,-26.89707],[-49.15019,-26.8967],[-49.15134,-26.89593],[-49.15177,-26.89539],[-49.15183,-26.89544],[-49.15205,-26.89555],[-49.15234,-26.89564],[-49.15244,-26.89569],[-49.15254,-26.89569],[-49.15272,-26.89568],[-49.15276,-26.89565],[-49.15286,-26.89562],[-49.15297,-26.89555],[-49.15323,-26.89544],[-49.15335,-26.89536],[-49.15348,-26.89532],[-49.1536,-26.89529],[-49.15388,-26.89526],[-49.15398,-26.89527],[-49.15404,-26.8953],[-49.15417,-26.89543],[-49.15418,-26.89543],[-49.15429,-26.89551],[-49.15437,-26.89554],[-49.15443,-26.89555],[-49.15445,-26.89554],[-49.15452,-26.89548],[-49.1546,-26.89542],[-49.15488,-26.89526],[-49.1549,-26.89524],[-49.15493,-26.89521],[-49.15494,-26.89521],[-49.15498,-26.89516],[-49.15505,-26.89514],[-49.15512,-26.89513],[-49.15533,-26.89506],[-49.15549,-26.89508],[-49.15558,-26.8951],[-49.15564,-26.8951],[-49.15581,-26.89515],[-49.15586,-26.89516],[-49.15591,-26.89516],[-49.15605,-26.89515],[-49.15609,-26.89516],[-49.15621,-26.89519],[-49.15621,-26.89519],[-49.15636,-26.89518],[-49.15661,-26.89515],[-49.15689,-26.89504],[-49.15714,-26.89501],[-49.15738,-26.895],[-49.15748,-26.89501],[-49.15765,-26.89508],[-49.15777,-26.8951],[-49.15792,-26.89509],[-49.15828,-26.89509],[-49.15839,-26.89512],[-49.1588,-26.89509],[-49.15883,-26.89507],[-49.15887,-26.89501],[-49.15898,-26.89493],[-49.15907,-26.89489],[-49.15924,-26.89485],[-49.15939,-26.89485],[-49.15962,-26.89485],[-49.15998,-26.8948],[-49.16024,-26.89475],[-49.16034,-26.89474],[-49.1605,-26.89475],[-49.16094,-26.89464],[-49.1615,-26.89454],[-49.16185,-26.89445],[-49.16212,-26.89441],[-49.16228,-26.89442],[-49.16248,-26.89447],[-49.16268,-26.89449],[-49.16313,-26.89452],[-49.16341,-26.89458],[-49.1635,-26.89458],[-49.16362,-26.89461],[-49.1639,-26.89462],[-49.1641,-26.89466],[-49.16424,-26.8947],[-49.16445,-26.89482],[-49.16448,-26.89486],[-49.16498,-26.89527],[-49.16521,-26.89548],[-49.16536,-26.89568],[-49.16537,-26.89575],[-49.16534,-26.89581],[-49.16526,-26.89595],[-49.16517,-26.89617],[-49.16502,-26.89634],[-49.16452,-26.89662],[-49.16409,-26.89677],[-49.16389,-26.89686],[-49.16375,-26.89698],[-49.16364,-26.89712],[-49.16377,-26.89735],[-49.16386,-26.89745],[-49.16391,-26.89755],[-49.16403,-26.89771],[-49.16427,-26.89824],[-49.16432,-26.8984],[-49.16443,-26.89862],[-49.16459,-26.89886],[-49.16463,-26.89916],[-49.1646,-26.8992],[-49.16459,-26.89918],[-49.16443,-26.89908],[-49.16435,-26.89907],[-49.16415,-26.89907],[-49.16407,-26.89908],[-49.16377,-26.89915],[-49.1636,-26.89915],[-49.16331,-26.89919],[-49.16315,-26.89926],[-49.1629,-26.8994],[-49.16279,-26.89944],[-49.16272,-26.89945],[-49.1625,-26.89945],[-49.16229,-26.89948],[-49.16224,-26.89949],[-49.16206,-26.89959],[-49.16196,-26.89963],[-49.1617,-26.89968],[-49.16158,-26.89974],[-49.16134,-26.8999],[-49.16103,-26.90001],[-49.1609,-26.90011],[-49.16079,-26.90016],[-49.16021,-26.90031],[-49.15998,-26.90041],[-49.15973,-26.90049],[-49.15962,-26.90054],[-49.15955,-26.90059],[-49.15951,-26.90066],[-49.15945,-26.90088],[-49.15944,-26.90103],[-49.1595,-26.90124],[-49.15941,-26.90125],[-49.15934,-26.9013],[-49.15926,-26.90139],[-49.15908,-26.90155],[-49.15887,-26.90181],[-49.15881,-26.90186],[-49.15846,-26.90208],[-49.15808,-26.90224],[-49.15791,-26.90236],[-49.15783,-26.90245],[-49.15781,-26.90252],[-49.15781,-26.90259],[-49.15794,-26.90296],[-49.15797,-26.90315],[-49.15801,-26.90327],[-49.15817,-26.9035],[-49.15815,-26.90369],[-49.15822,-26.9039],[-49.15833,-26.90407],[-49.15847,-26.90418],[-49.15853,-26.90421],[-49.15868,-26.90426],[-49.15889,-26.90431],[-49.15886,-26.90439],[-49.15887,-26.90454],[-49.15886,-26.90461],[-49.15882,-26.90472],[-49.15866,-26.905],[-49.15864,-26.90507],[-49.15865,-26.9051],[-49.15861,-26.90512],[-49.15861,-26.90518],[-49.15862,-26.90522],[-49.15867,-26.90527],[-49.15891,-26.90542],[-49.15908,-26.90559],[-49.15915,-26.90568],[-49.15915,-26.90576],[-49.15914,-26.90577],[-49.1591,-26.90597],[-49.15904,-26.90607],[-49.1589,-26.90621],[-49.15875,-26.9063],[-49.15865,-26.90637],[-49.1583,-26.90682],[-49.15823,-26.90687],[-49.15813,-26.90699],[-49.15788,-26.90748],[-49.15781,-26.90757],[-49.15756,-26.90783],[-49.15746,-26.90791],[-49.15741,-26.90797],[-49.15736,-26.90812],[-49.15739,-26.90838],[-49.15738,-26.90849],[-49.15737,-26.90853],[-49.15738,-26.90854],[-49.15736,-26.90854],[-49.15732,-26.90858],[-49.15722,-26.90864],[-49.15709,-26.90862],[-49.15703,-26.90858],[-49.15697,-26.90844],[-49.15694,-26.90841],[-49.15666,-26.9082],[-49.15659,-26.90817],[-49.1565,-26.9082],[-49.15645,-26.90825],[-49.15643,-26.90828],[-49.15642,-26.90834],[-49.15631,-26.90841],[-49.15631,-26.90847],[-49.15609,-26.90868],[-49.15599,-26.90875],[-49.15588,-26.90879],[-49.15575,-26.90879],[-49.15569,-26.90881],[-49.15563,-26.90883],[-49.15559,-26.90886],[-49.15559,-26.90889],[-49.15564,-26.90896],[-49.15562,-26.90901],[-49.15533,-26.90907],[-49.15501,-26.90925],[-49.15476,-26.90933],[-49.1546,-26.90951],[-49.15453,-26.90955],[-49.15446,-26.90964],[-49.15436,-26.90981],[-49.15434,-26.90992],[-49.15435,-26.91011],[-49.15434,-26.91024],[-49.15434,-26.91028],[-49.15433,-26.91045],[-49.15426,-26.91047],[-49.15427,-26.91056],[-49.1543,-26.91067],[-49.15431,-26.91071],[-49.15435,-26.91089],[-49.15444,-26.91097],[-49.15466,-26.91111],[-49.15474,-26.91113],[-49.15518,-26.91132],[-49.15554,-26.91163],[-49.15565,-26.9117],[-49.15571,-26.91172],[-49.15588,-26.9117],[-49.15593,-26.91169],[-49.15604,-26.91163],[-49.1561,-26.91158],[-49.15627,-26.91141],[-49.15653,-26.91107],[-49.15657,-26.91101],[-49.15676,-26.91048],[-49.15679,-26.91025],[-49.15681,-26.91022],[-49.15691,-26.91013],[-49.15701,-26.90997],[-49.15704,-26.90991],[-49.1571,-26.90965],[-49.15731,-26.90947],[-49.15742,-26.90941],[-49.15747,-26.90943],[-49.15757,-26.90951],[-49.15777,-26.90983],[-49.15789,-26.90993],[-49.15801,-26.90998],[-49.15869,-26.91008],[-49.15868,-26.91037],[-49.15871,-26.91052],[-49.15865,-26.9107],[-49.15864,-26.91074],[-49.15849,-26.91109],[-49.1585,-26.91121],[-49.15853,-26.91132],[-49.15857,-26.91137],[-49.15874,-26.91155],[-49.15894,-26.91219],[-49.159,-26.9123],[-49.15914,-26.91245],[-49.15933,-26.91259],[-49.1597,-26.91272],[-49.15979,-26.91274],[-49.15999,-26.91272],[-49.16017,-26.91268],[-49.16025,-26.91266],[-49.1604,-26.91264],[-49.16059,-26.91258],[-49.16078,-26.91246],[-49.16084,-26.91238],[-49.16092,-26.91235],[-49.16121,-26.91229],[-49.16155,-26.91225],[-49.16169,-26.91228],[-49.16184,-26.91228],[-49.16192,-26.91225],[-49.16195,-26.91223],[-49.16197,-26.91218],[-49.16208,-26.91212],[-49.16224,-26.91209],[-49.16231,-26.91208],[-49.16235,-26.91208],[-49.16238,-26.91213],[-49.16257,-26.91219],[-49.16264,-26.91224],[-49.16289,-26.91238],[-49.16298,-26.91245],[-49.1632,-26.91251],[-49.16329,-26.91251],[-49.16336,-26.91251],[-49.16358,-26.91249],[-49.16384,-26.91239],[-49.16388,-26.91238],[-49.16404,-26.91231],[-49.16405,-26.91229],[-49.16406,-26.9123],[-49.16409,-26.91229],[-49.16414,-26.91229],[-49.16421,-26.91228],[-49.16408,-26.91237],[-49.16395,-26.91253],[-49.16389,-26.91263],[-49.16386,-26.91274],[-49.16383,-26.91276],[-49.16361,-26.91293],[-49.16351,-26.91305],[-49.16333,-26.91316],[-49.16327,-26.91319],[-49.16298,-26.91333],[-49.1625,-26.91343],[-49.16228,-26.9136],[-49.16215,-26.91368],[-49.16192,-26.91377],[-49.16145,-26.91384],[-49.16113,-26.91393],[-49.16082,-26.91392],[-49.16066,-26.91396],[-49.16047,-26.91404],[-49.16021,-26.91417],[-49.16003,-26.91433],[-49.15997,-26.91443],[-49.15997,-26.91459],[-49.16001,-26.9147],[-49.16011,-26.91489],[-49.16012,-26.91501],[-49.16008,-26.91539],[-49.16004,-26.91554],[-49.15997,-26.91571],[-49.15996,-26.91579],[-49.15997,-26.91597],[-49.16003,-26.91625],[-49.16003,-26.91647],[-49.16009,-26.91652],[-49.16017,-26.91654],[-49.16058,-26.91657],[-49.16091,-26.91664],[-49.16115,-26.9167],[-49.1618,-26.91679],[-49.16188,-26.9168],[-49.16206,-26.9168],[-49.16244,-26.91679],[-49.16286,-26.91681],[-49.16298,-26.91683],[-49.16329,-26.917],[-49.16345,-26.91709],[-49.16361,-26.91709],[-49.16413,-26.91702],[-49.1644,-26.91704],[-49.16459,-26.91701],[-49.16536,-26.91697],[-49.16561,-26.917],[-49.16459,-26.9174],[-49.1639,-26.9176],[-49.16379,-26.91765],[-49.1636,-26.91779],[-49.16346,-26.91798],[-49.16342,-26.91805],[-49.1634,-26.91817],[-49.1634,-26.91824],[-49.16344,-26.9184],[-49.16345,-26.91863],[-49.16347,-26.9187],[-49.16354,-26.91873],[-49.16349,-26.9189],[-49.16345,-26.91896],[-49.16326,-26.91911],[-49.16322,-26.91917],[-49.16314,-26.91916],[-49.16311,-26.91918],[-49.16296,-26.91931],[-49.16282,-26.91939],[-49.16273,-26.91951],[-49.1627,-26.91955],[-49.16263,-26.91968],[-49.16258,-26.91983],[-49.16258,-26.91995],[-49.16263,-26.92013],[-49.16262,-26.9202],[-49.16261,-26.92031],[-49.16254,-26.92049],[-49.16252,-26.92061],[-49.16252,-26.92068],[-49.16253,-26.92087],[-49.16259,-26.92105],[-49.16258,-26.92117],[-49.16255,-26.92126],[-49.16254,-26.92132],[-49.1623,-26.92159],[-49.16223,-26.92175],[-49.16218,-26.92195],[-49.16205,-26.92218],[-49.162,-26.92237],[-49.16199,-26.92244],[-49.16199,-26.92259],[-49.16203,-26.92285],[-49.16198,-26.92308],[-49.16196,-26.92326],[-49.16201,-26.92348],[-49.16208,-26.92363],[-49.16211,-26.92378],[-49.16217,-26.92385],[-49.1622,-26.92392],[-49.16231,-26.92406],[-49.16235,-26.92423],[-49.16254,-26.92456],[-49.16254,-26.92483],[-49.16256,-26.92488],[-49.16262,-26.92497],[-49.16264,-26.92502],[-49.16264,-26.92517],[-49.16271,-26.92529],[-49.16273,-26.92539],[-49.16275,-26.92543],[-49.16284,-26.9255],[-49.16289,-26.92558],[-49.16291,-26.92576],[-49.163,-26.92607],[-49.16319,-26.92647],[-49.16336,-26.92663],[-49.16337,-26.92668],[-49.16338,-26.92679],[-49.16333,-26.92694],[-49.16332,-26.9272],[-49.16333,-26.92726],[-49.16347,-26.92739],[-49.16353,-26.92749],[-49.16362,-26.92755],[-49.16369,-26.92763],[-49.1637,-26.92764],[-49.16377,-26.92771],[-49.1638,-26.92772],[-49.16367,-26.9278],[-49.16363,-26.92786],[-49.16367,-26.92793],[-49.16367,-26.92798],[-49.1637,-26.92807],[-49.16365,-26.92816],[-49.16362,-26.92828],[-49.16361,-26.92861],[-49.1636,-26.92866],[-49.16356,-26.9287],[-49.16343,-26.92874],[-49.16324,-26.92887],[-49.1632,-26.92891],[-49.16319,-26.92895],[-49.16321,-26.92907],[-49.16301,-26.92915],[-49.16296,-26.9292],[-49.16294,-26.92932],[-49.16288,-26.92947],[-49.16292,-26.92962],[-49.16283,-26.92969],[-49.16283,-26.92981],[-49.16286,-26.92992],[-49.16277,-26.93015],[-49.16272,-26.93021],[-49.16264,-26.93026],[-49.16236,-26.93029],[-49.16223,-26.93031],[-49.16221,-26.93036],[-49.16205,-26.9304],[-49.16199,-26.93041],[-49.16195,-26.93043],[-49.1618,-26.93042],[-49.16182,-26.93028],[-49.16185,-26.93005],[-49.16185,-26.92978],[-49.16183,-26.92955],[-49.16177,-26.92934],[-49.16169,-26.92923],[-49.16144,-26.92901],[-49.16124,-26.92876],[-49.16111,-26.92864],[-49.16094,-26.92858],[-49.16076,-26.92859],[-49.16059,-26.92856],[-49.16036,-26.92859],[-49.16024,-26.92858],[-49.16008,-26.92851],[-49.15985,-26.92844],[-49.15979,-26.92842],[-49.15971,-26.92834],[-49.15961,-26.92828],[-49.15937,-26.92826],[-49.15914,-26.92819],[-49.15907,-26.92816],[-49.15889,-26.92804],[-49.15875,-26.92794],[-49.15862,-26.92783],[-49.15852,-26.92777],[-49.15795,-26.92772],[-49.15787,-26.92761],[-49.15783,-26.92758],[-49.15762,-26.92753],[-49.15743,-26.92753],[-49.15723,-26.92735],[-49.1571,-26.92728],[-49.157,-26.92724],[-49.15691,-26.92723],[-49.15668,-26.92724],[-49.15645,-26.92729],[-49.15617,-26.9272],[-49.15614,-26.92717],[-49.15614,-26.92707],[-49.15615,-26.92666],[-49.15612,-26.92635],[-49.15611,-26.92628],[-49.15608,-26.92612],[-49.15588,-26.92587],[-49.15575,-26.9258],[-49.15561,-26.92576],[-49.15542,-26.92573],[-49.15529,-26.92572],[-49.15509,-26.92563],[-49.15502,-26.92562],[-49.15495,-26.92561],[-49.15492,-26.9256],[-49.15487,-26.92555],[-49.15479,-26.92528],[-49.1548,-26.92505],[-49.15477,-26.92479],[-49.15479,-26.92471],[-49.15486,-26.92462],[-49.15487,-26.92454],[-49.15485,-26.92442],[-49.15485,-26.92419],[-49.15482,-26.92405],[-49.1548,-26.92374],[-49.15475,-26.92359],[-49.15469,-26.92353],[-49.15456,-26.92344],[-49.15443,-26.92342],[-49.15439,-26.92339],[-49.15439,-26.92334],[-49.15445,-26.92317],[-49.15446,-26.92315],[-49.15447,-26.92309],[-49.15449,-26.92308],[-49.1545,-26.92306],[-49.15461,-26.92293],[-49.15473,-26.92264],[-49.1548,-26.92253],[-49.15482,-26.92243],[-49.15476,-26.92228],[-49.15459,-26.92205],[-49.15452,-26.92192],[-49.15449,-26.92186],[-49.15448,-26.9218],[-49.15449,-26.92172],[-49.15461,-26.92147],[-49.15462,-26.92126],[-49.15456,-26.92116],[-49.15441,-26.92087],[-49.15421,-26.92039],[-49.15415,-26.92034],[-49.15329,-26.92034],[-49.153,-26.92037],[-49.15283,-26.92042],[-49.15257,-26.92055],[-49.15245,-26.92059],[-49.15198,-26.92063],[-49.15174,-26.92069],[-49.15156,-26.92078],[-49.15149,-26.92082],[-49.15103,-26.92099],[-49.15095,-26.92105],[-49.1509,-26.92111],[-49.15084,-26.92118],[-49.15079,-26.92128],[-49.15076,-26.92149],[-49.15077,-26.92155],[-49.15083,-26.92164],[-49.15102,-26.92191],[-49.1511,-26.92205],[-49.15113,-26.9221],[-49.15118,-26.92217],[-49.15122,-26.92222],[-49.15151,-26.92249],[-49.15172,-26.92262],[-49.15183,-26.92273],[-49.15189,-26.92283],[-49.15201,-26.92315],[-49.15209,-26.92318],[-49.15212,-26.9232],[-49.15217,-26.92329],[-49.15225,-26.92333],[-49.15227,-26.92338],[-49.15275,-26.92356],[-49.15286,-26.92364],[-49.15288,-26.92368],[-49.15269,-26.9237],[-49.15232,-26.9238],[-49.15227,-26.92383],[-49.1522,-26.92393],[-49.15214,-26.92397],[-49.15194,-26.92402],[-49.15183,-26.92407],[-49.15161,-26.92424],[-49.15157,-26.92429],[-49.1516,-26.9244],[-49.15169,-26.92453],[-49.15171,-26.92465],[-49.1517,-26.92481],[-49.15168,-26.92489],[-49.1516,-26.92503],[-49.15142,-26.92528],[-49.15136,-26.92538],[-49.15135,-26.92542],[-49.15116,-26.92558],[-49.15108,-26.9256],[-49.15095,-26.92563],[-49.1505,-26.92564],[-49.15033,-26.92566],[-49.15025,-26.92569],[-49.14993,-26.92584],[-49.14966,-26.92601],[-49.14959,-26.92606],[-49.1495,-26.92619],[-49.14941,-26.92651],[-49.14935,-26.9266],[-49.14932,-26.92671],[-49.14915,-26.9267],[-49.14898,-26.92667],[-49.14875,-26.92656],[-49.14863,-26.92652],[-49.1485,-26.92651],[-49.14823,-26.92654],[-49.14809,-26.92658],[-49.14791,-26.92661],[-49.1478,-26.92665],[-49.14775,-26.92668],[-49.14768,-26.92676],[-49.14748,-26.92684],[-49.14731,-26.92698],[-49.147,-26.927],[-49.14681,-26.92709],[-49.14675,-26.9271],[-49.14648,-26.92729],[-49.1463,-26.92749],[-49.14606,-26.92764],[-49.14577,-26.92772],[-49.14555,-26.92773],[-49.14514,-26.9278],[-49.145,-26.92789],[-49.14485,-26.92796],[-49.14466,-26.92802],[-49.14451,-26.9281],[-49.14426,-26.9283],[-49.14411,-26.92851],[-49.14395,-26.92881],[-49.14387,-26.92891],[-49.14382,-26.92893],[-49.1438,-26.92899],[-49.1438,-26.92906],[-49.14389,-26.9292],[-49.1439,-26.92929],[-49.14388,-26.92941],[-49.14377,-26.92949],[-49.1436,-26.9295],[-49.14349,-26.92944],[-49.14327,-26.9292],[-49.14309,-26.92908],[-49.14284,-26.92893],[-49.14261,-26.92885],[-49.14218,-26.92879],[-49.14175,-26.92867],[-49.14133,-26.92864],[-49.14096,-26.92863],[-49.14068,-26.92866],[-49.14052,-26.92865],[-49.14015,-26.92854],[-49.13984,-26.9284],[-49.13962,-26.92823],[-49.13949,-26.92808],[-49.13927,-26.92788],[-49.13899,-26.92762],[-49.13871,-26.92741],[-49.13825,-26.92721],[-49.13802,-26.92721],[-49.138,-26.92717],[-49.13797,-26.92707],[-49.13793,-26.9268],[-49.13794,-26.92658],[-49.13791,-26.92653],[-49.13772,-26.92647],[-49.13756,-26.92638],[-49.13751,-26.92632],[-49.13738,-26.92609],[-49.13718,-26.92599],[-49.13726,-26.9259],[-49.13743,-26.92577],[-49.13769,-26.92554],[-49.13801,-26.92521],[-49.13816,-26.92517],[-49.13829,-26.9251],[-49.13848,-26.92508],[-49.13875,-26.92494],[-49.13902,-26.92485],[-49.13932,-26.92478],[-49.13966,-26.92479],[-49.13964,-26.92475],[-49.13956,-26.9247],[-49.13933,-26.92457],[-49.13905,-26.92443],[-49.13886,-26.92432],[-49.13877,-26.92425],[-49.13874,-26.92422],[-49.13851,-26.92402],[-49.13841,-26.9239],[-49.13822,-26.92373],[-49.13819,-26.92371],[-49.13797,-26.9234],[-49.13779,-26.92324],[-49.13768,-26.92318],[-49.13764,-26.92314],[-49.13761,-26.92312],[-49.13759,-26.9231],[-49.1374,-26.92294],[-49.13735,-26.92287],[-49.13732,-26.92276],[-49.13732,-26.92238],[-49.13737,-26.92222],[-49.13737,-26.92213],[-49.13729,-26.92192],[-49.13726,-26.92181],[-49.13726,-26.92168],[-49.13734,-26.92163],[-49.13745,-26.92161],[-49.138,-26.92125],[-49.13814,-26.92116],[-49.13838,-26.92095],[-49.1391,-26.92049],[-49.1394,-26.92036],[-49.14001,-26.92006],[-49.14009,-26.91993],[-49.14015,-26.91972],[-49.14013,-26.91966],[-49.14008,-26.91961],[-49.14005,-26.91957],[-49.13987,-26.91931],[-49.13976,-26.91909],[-49.13967,-26.91896],[-49.13943,-26.91824],[-49.13933,-26.91811],[-49.13924,-26.9179],[-49.13914,-26.91757],[-49.13907,-26.91741],[-49.13891,-26.91717],[-49.1388,-26.91696],[-49.13854,-26.91622],[-49.13848,-26.91594],[-49.13851,-26.91577],[-49.1385,-26.9155],[-49.13841,-26.91513],[-49.13829,-26.91482],[-49.13825,-26.91462],[-49.13829,-26.91448],[-49.13839,-26.91434],[-49.1386,-26.91413],[-49.1387,-26.91392],[-49.13874,-26.91375],[-49.13876,-26.91361],[-49.1387,-26.91338],[-49.13864,-26.9133],[-49.13863,-26.91319],[-49.13866,-26.913],[-49.13867,-26.91264],[-49.13871,-26.9124],[-49.13809,-26.91236],[-49.13805,-26.91211],[-49.13804,-26.91192],[-49.13797,-26.91117],[-49.13797,-26.91114],[-49.13794,-26.91092],[-49.13791,-26.9108],[-49.13782,-26.91061],[-49.13782,-26.91043],[-49.13789,-26.91033],[-49.13821,-26.90977],[-49.13825,-26.90974],[-49.13828,-26.90972],[-49.1383,-26.90968],[-49.13837,-26.90956],[-49.13861,-26.90913],[-49.13864,-26.90908],[-49.13872,-26.90892],[-49.13867,-26.90892],[-49.13859,-26.90891],[-49.13816,-26.90888],[-49.13823,-26.90808],[-49.13822,-26.90771],[-49.13821,-26.90767],[-49.13817,-26.90755],[-49.13805,-26.90739],[-49.138,-26.9072],[-49.13809,-26.90687],[-49.13811,-26.90666],[-49.13809,-26.90652],[-49.13799,-26.90621],[-49.13791,-26.90608],[-49.13782,-26.906],[-49.13771,-26.90594],[-49.13723,-26.9056],[-49.13719,-26.90557],[-49.13711,-26.90548],[-49.13706,-26.90485],[-49.137,-26.90449],[-49.13712,-26.90446],[-49.13794,-26.90451],[-49.13813,-26.90454],[-49.13824,-26.90458],[-49.13831,-26.90459],[-49.1384,-26.90456],[-49.13853,-26.90447],[-49.13857,-26.90446],[-49.13861,-26.90445],[-49.13906,-26.90446],[-49.13911,-26.90444],[-49.1392,-26.90426],[-49.13935,-26.90422],[-49.13958,-26.9042],[-49.13966,-26.9042],[-49.14005,-26.90422],[-49.14029,-26.90416],[-49.14055,-26.90405],[-49.1408,-26.90363],[-49.14098,-26.90299],[-49.141,-26.90293],[-49.141,-26.90289],[-49.141,-26.90284],[-49.14101,-26.90264],[-49.14101,-26.90259],[-49.14103,-26.90227],[-49.14108,-26.90207],[-49.14112,-26.90205],[-49.14119,-26.90205],[-49.14143,-26.90215],[-49.14159,-26.90218],[-49.14176,-26.90218],[-49.14183,-26.90218],[-49.14203,-26.90218],[-49.14217,-26.90215],[-49.14225,-26.90212],[-49.14232,-26.90207],[-49.14258,-26.90177],[-49.14271,-26.90138],[-49.14274,-26.90103],[-49.14278,-26.90076],[-49.14285,-26.90061],[-49.14295,-26.89991],[-49.143,-26.89975],[-49.14323,-26.8992],[-49.14322,-26.89914],[-49.1432,-26.89896],[-49.14313,-26.89885],[-49.14318,-26.89877],[-49.14343,-26.89856],[-49.14359,-26.89835],[-49.14365,-26.89821],[-49.14375,-26.89774],[-49.14361,-26.89735],[-49.1435,-26.89718],[-49.1433,-26.89693]]]}},{"type":"Feature","properties":{"bairro":"BOA VISTA","codigo":"22"},"geometry":{"type":"Polygon","coordinates":[[[-49.07394,-26.89847],[-49.07392,-26.89882],[-49.07384,-26.89926],[-49.07383,-26.8993],[-49.07371,-26.9004],[-49.07369,-26.90086],[-49.0737,-26.90104],[-49.07369,-26.90116],[-49.07365,-26.90126],[-49.0735,-26.90151],[-49.07341,-26.90162],[-49.07314,-26.90202],[-49.07303,-26.90236],[-49.07303,-26.90247],[-49.07305,-26.90255],[-49.07312,-26.90266],[-49.07261,-26.9025],[-49.07226,-26.90244],[-49.07216,-26.90245],[-49.07194,-26.90253],[-49.07182,-26.9026],[-49.07179,-26.90305],[-49.07175,-26.90327],[-49.07166,-26.90351],[-49.07134,-26.9042],[-49.07115,-26.90445],[-49.07103,-26.9047],[-49.07103,-26.90484],[-49.07106,-26.90514],[-49.07111,-26.90543],[-49.07115,-26.90561],[-49.0713,-26.90595],[-49.07129,-26.90611],[-49.07123,-26.9063],[-49.07119,-26.90634],[-49.07115,-26.90723],[-49.07107,-26.90817],[-49.07101,-26.9084],[-49.0709,-26.90857],[-49.07085,-26.9087],[-49.07085,-26.90881],[-49.07083,-26.90902],[-49.07078,-26.90927],[-49.0706,-26.90964],[-49.07052,-26.90976],[-49.07045,-26.90994],[-49.07043,-26.91006],[-49.07044,-26.91013],[-49.0704,-26.91025],[-49.07019,-26.9105],[-49.07009,-26.9107],[-49.07009,-26.91084],[-49.07007,-26.911],[-49.07004,-26.91111],[-49.06995,-26.91157],[-49.06984,-26.9118],[-49.06961,-26.9121],[-49.06929,-26.91219],[-49.0692,-26.9124],[-49.06918,-26.91243],[-49.06915,-26.9125],[-49.06914,-26.91252],[-49.06898,-26.91269],[-49.06882,-26.91283],[-49.06866,-26.91309],[-49.06796,-26.9133],[-49.06806,-26.91292],[-49.06809,-26.91278],[-49.06819,-26.91244],[-49.06845,-26.91098],[-49.06856,-26.91057],[-49.06894,-26.90956],[-49.06899,-26.90897],[-49.0691,-26.90857],[-49.06913,-26.90791],[-49.06909,-26.90713],[-49.06888,-26.90664],[-49.06838,-26.90579],[-49.06771,-26.90501],[-49.06632,-26.90357],[-49.06596,-26.90317],[-49.06506,-26.90239],[-49.06459,-26.9019],[-49.06384,-26.90128],[-49.06361,-26.90109],[-49.06296,-26.90035],[-49.06243,-26.8999],[-49.06189,-26.89952],[-49.06092,-26.8989],[-49.06052,-26.8986],[-49.06024,-26.89838],[-49.06007,-26.89824],[-49.05995,-26.89811],[-49.05979,-26.89784],[-49.05953,-26.89734],[-49.05936,-26.8967],[-49.05933,-26.89644],[-49.0594,-26.89546],[-49.05946,-26.89534],[-49.05962,-26.89497],[-49.0604,-26.89466],[-49.06069,-26.89461],[-49.06102,-26.89454],[-49.06189,-26.89464],[-49.0628,-26.89482],[-49.06333,-26.89492],[-49.06357,-26.89502],[-49.06415,-26.89526],[-49.06642,-26.89611],[-49.06942,-26.8973],[-49.07028,-26.89767],[-49.07068,-26.89782],[-49.07188,-26.89826],[-49.07279,-26.89843],[-49.07367,-26.8985],[-49.07394,-26.89847]]]}},{"type":"Feature","properties":{"bairro":"BADENFURT","codigo":"31"},"geometry":{"type":"Polygon","coordinates":[[[-49.18666,-26.87644],[-49.18662,-26.87661],[-49.18657,-26.87671],[-49.18651,-26.87675],[-49.18645,-26.87677],[-49.18629,-26.87675],[-49.18621,-26.8768],[-49.18617,-26.87685],[-49.18616,-26.87695],[-49.18626,-26.8771],[-49.18629,-26.87718],[-49.18628,-26.87723],[-49.18607,-26.87733],[-49.18597,-26.87744],[-49.18594,-26.87749],[-49.18594,-26.87784],[-49.18592,-26.87795],[-49.18585,-26.87805],[-49.1859,-26.8785],[-49.18586,-26.87878],[-49.18581,-26.87895],[-49.18571,-26.87916],[-49.1855,-26.87948],[-49.1854,-26.8796],[-49.1853,-26.8797],[-49.18519,-26.87976],[-49.18504,-26.87979],[-49.18489,-26.87981],[-49.18389,-26.87985],[-49.18367,-26.87971],[-49.18347,-26.87945],[-49.1833,-26.87922],[-49.18298,-26.87874],[-49.18254,-26.87813],[-49.18178,-26.87764],[-49.1811,-26.87731],[-49.18062,-26.8772],[-49.18013,-26.87731],[-49.18007,-26.87734],[-49.17963,-26.87754],[-49.17878,-26.87807],[-49.17743,-26.87857],[-49.17725,-26.87864],[-49.17589,-26.87917],[-49.17563,-26.87928],[-49.1753,-26.87943],[-49.17225,-26.88081],[-49.17077,-26.8814],[-49.16985,-26.88185],[-49.16901,-26.88211],[-49.16827,-26.88229],[-49.16603,-26.88319],[-49.1637,-26.88403],[-49.16301,-26.88435],[-49.16167,-26.88515],[-49.16024,-26.886],[-49.15915,-26.88681],[-49.15804,-26.88816],[-49.15742,-26.88886],[-49.1569,-26.88968],[-49.1566,-26.88999],[-49.15599,-26.89078],[-49.15499,-26.89187],[-49.15396,-26.89288],[-49.15361,-26.89332],[-49.15325,-26.89367],[-49.15282,-26.89406],[-49.15255,-26.8943],[-49.15177,-26.89539],[-49.15134,-26.89593],[-49.15019,-26.8967],[-49.14936,-26.89707],[-49.14816,-26.89712],[-49.14747,-26.89712],[-49.1468,-26.89711],[-49.14666,-26.89704],[-49.14639,-26.89686],[-49.14598,-26.89666],[-49.14566,-26.89653],[-49.14518,-26.89603],[-49.14479,-26.89561],[-49.14415,-26.89426],[-49.14377,-26.89394],[-49.14298,-26.89291],[-49.14258,-26.89263],[-49.14252,-26.89261],[-49.14203,-26.89242],[-49.14155,-26.89235],[-49.13986,-26.89226],[-49.13883,-26.89201],[-49.13816,-26.89172],[-49.13738,-26.89131],[-49.13636,-26.89062],[-49.13554,-26.89011],[-49.13489,-26.88965],[-49.13455,-26.88961],[-49.13416,-26.88963],[-49.13248,-26.88978],[-49.13046,-26.89014],[-49.12996,-26.89029],[-49.12863,-26.89097],[-49.1264,-26.89169],[-49.1256,-26.89181],[-49.1249,-26.89166],[-49.12471,-26.89155],[-49.12436,-26.89133],[-49.12377,-26.8909],[-49.12334,-26.89053],[-49.1233,-26.89049],[-49.12326,-26.89046],[-49.12311,-26.89024],[-49.12266,-26.88914],[-49.12244,-26.88874],[-49.12206,-26.88817],[-49.12173,-26.88781],[-49.1211,-26.8874],[-49.12086,-26.88723],[-49.12077,-26.88717],[-49.12085,-26.88711],[-49.12096,-26.88701],[-49.12118,-26.88668],[-49.12125,-26.88654],[-49.12128,-26.88638],[-49.12129,-26.88618],[-49.12126,-26.88582],[-49.12129,-26.88561],[-49.12136,-26.88533],[-49.12138,-26.88499],[-49.12135,-26.88483],[-49.12118,-26.88461],[-49.12103,-26.88433],[-49.121,-26.88429],[-49.12067,-26.88385],[-49.12066,-26.88381],[-49.12065,-26.88377],[-49.12051,-26.88354],[-49.12049,-26.88346],[-49.12049,-26.88341],[-49.12049,-26.88338],[-49.12049,-26.88313],[-49.12046,-26.88294],[-49.12046,-26.8829],[-49.12042,-26.88267],[-49.12041,-26.88262],[-49.12035,-26.88229],[-49.12034,-26.88201],[-49.12034,-26.88197],[-49.1204,-26.88174],[-49.12041,-26.8817],[-49.12048,-26.88153],[-49.11958,-26.88112],[-49.12002,-26.88026],[-49.12007,-26.88018],[-49.12029,-26.87979],[-49.11986,-26.87961],[-49.11985,-26.87953],[-49.11985,-26.8795],[-49.11986,-26.8793],[-49.11987,-26.87927],[-49.11991,-26.87914],[-49.11993,-26.87911],[-49.12008,-26.87894],[-49.12017,-26.87879],[-49.12023,-26.87864],[-49.12038,-26.87839],[-49.12039,-26.87824],[-49.12033,-26.87795],[-49.12036,-26.87775],[-49.12042,-26.87762],[-49.12051,-26.87752],[-49.12061,-26.87736],[-49.12094,-26.87669],[-49.12097,-26.8764],[-49.12156,-26.87641],[-49.12163,-26.87638],[-49.12171,-26.87626],[-49.12175,-26.87618],[-49.12184,-26.87604],[-49.12191,-26.87593],[-49.12206,-26.87567],[-49.12209,-26.87562],[-49.1221,-26.8756],[-49.12233,-26.87521],[-49.12237,-26.87512],[-49.12268,-26.8746],[-49.12275,-26.87447],[-49.12299,-26.87407],[-49.12302,-26.87402],[-49.12326,-26.87351],[-49.12339,-26.87326],[-49.12399,-26.87229],[-49.12408,-26.87219],[-49.12424,-26.87213],[-49.12448,-26.87199],[-49.12471,-26.87188],[-49.12484,-26.8718],[-49.12509,-26.87156],[-49.12524,-26.87147],[-49.12534,-26.87145],[-49.1255,-26.87143],[-49.12577,-26.87144],[-49.12602,-26.8714],[-49.12668,-26.87113],[-49.12765,-26.87053],[-49.12835,-26.87016],[-49.12843,-26.8701],[-49.12856,-26.86989],[-49.12862,-26.86984],[-49.12873,-26.86958],[-49.12891,-26.86892],[-49.12958,-26.86905],[-49.12993,-26.86904],[-49.13015,-26.86904],[-49.13049,-26.86908],[-49.13075,-26.86908],[-49.13085,-26.86911],[-49.13097,-26.86906],[-49.13103,-26.869],[-49.13112,-26.86894],[-49.1313,-26.86869],[-49.13135,-26.86853],[-49.13153,-26.86811],[-49.13159,-26.86764],[-49.13158,-26.86737],[-49.13169,-26.86696],[-49.13182,-26.8667],[-49.13218,-26.86693],[-49.1324,-26.86704],[-49.13342,-26.86753],[-49.13439,-26.86795],[-49.13578,-26.86838],[-49.13578,-26.8683],[-49.13583,-26.86815],[-49.13594,-26.86802],[-49.13611,-26.86785],[-49.13621,-26.86778],[-49.13644,-26.86757],[-49.13654,-26.86746],[-49.13675,-26.8672],[-49.13684,-26.86712],[-49.13699,-26.86702],[-49.13719,-26.86693],[-49.13739,-26.86688],[-49.13798,-26.86682],[-49.13808,-26.86678],[-49.13826,-26.86676],[-49.13888,-26.86673],[-49.13918,-26.86674],[-49.13936,-26.86676],[-49.1395,-26.8668],[-49.13951,-26.86681],[-49.13992,-26.86696],[-49.14014,-26.86695],[-49.14027,-26.86698],[-49.14049,-26.86703],[-49.1406,-26.86708],[-49.14099,-26.86734],[-49.14129,-26.86761],[-49.14135,-26.86771],[-49.14138,-26.8678],[-49.14176,-26.86803],[-49.14191,-26.86809],[-49.14232,-26.86822],[-49.14236,-26.86823],[-49.14254,-26.86837],[-49.14271,-26.86842],[-49.14285,-26.86849],[-49.14322,-26.86877],[-49.14329,-26.86882],[-49.14337,-26.86888],[-49.1436,-26.86912],[-49.14392,-26.86937],[-49.14396,-26.8694],[-49.14421,-26.86958],[-49.14462,-26.86983],[-49.14475,-26.86993],[-49.14493,-26.8701],[-49.14503,-26.87021],[-49.14509,-26.87022],[-49.14606,-26.87021],[-49.1462,-26.87022],[-49.14709,-26.87006],[-49.14716,-26.87007],[-49.14764,-26.87018],[-49.14785,-26.87026],[-49.14831,-26.87049],[-49.14987,-26.87112],[-49.14996,-26.87114],[-49.15,-26.87115],[-49.15006,-26.87118],[-49.15009,-26.87119],[-49.15031,-26.87123],[-49.15047,-26.87123],[-49.15073,-26.8712],[-49.15099,-26.87114],[-49.15106,-26.87113],[-49.15136,-26.87136],[-49.15147,-26.87149],[-49.1516,-26.87172],[-49.15172,-26.87189],[-49.15196,-26.87217],[-49.15211,-26.87222],[-49.15239,-26.87213],[-49.15255,-26.87192],[-49.15263,-26.87188],[-49.1527,-26.87188],[-49.15286,-26.87191],[-49.15294,-26.87191],[-49.15311,-26.87192],[-49.15327,-26.87187],[-49.15331,-26.87186],[-49.15346,-26.87179],[-49.15354,-26.87176],[-49.15369,-26.87177],[-49.15376,-26.87178],[-49.15387,-26.87181],[-49.15407,-26.87191],[-49.15425,-26.87196],[-49.15465,-26.87224],[-49.15471,-26.87226],[-49.15485,-26.87224],[-49.15513,-26.87203],[-49.15536,-26.87191],[-49.15554,-26.87178],[-49.15566,-26.87163],[-49.15584,-26.87131],[-49.15591,-26.8712],[-49.15615,-26.87095],[-49.15631,-26.87073],[-49.15639,-26.87067],[-49.15664,-26.87042],[-49.15666,-26.8704],[-49.15669,-26.87038],[-49.15695,-26.87015],[-49.15701,-26.87006],[-49.15707,-26.87003],[-49.15737,-26.87011],[-49.15745,-26.87012],[-49.15762,-26.87016],[-49.15776,-26.87017],[-49.1579,-26.87016],[-49.15798,-26.87016],[-49.15825,-26.8703],[-49.15835,-26.87033],[-49.15866,-26.87031],[-49.15906,-26.87026],[-49.15952,-26.87014],[-49.15962,-26.87014],[-49.15989,-26.87011],[-49.16006,-26.8701],[-49.16034,-26.87012],[-49.16054,-26.87017],[-49.1607,-26.87018],[-49.16078,-26.87018],[-49.16111,-26.87021],[-49.16175,-26.87022],[-49.16194,-26.87024],[-49.16208,-26.87023],[-49.16226,-26.8702],[-49.16228,-26.87026],[-49.16245,-26.8704],[-49.16264,-26.87059],[-49.16274,-26.87067],[-49.16281,-26.8707],[-49.16303,-26.87071],[-49.16329,-26.87078],[-49.16344,-26.87077],[-49.16368,-26.87065],[-49.16383,-26.87065],[-49.16415,-26.87067],[-49.16427,-26.87066],[-49.16439,-26.87061],[-49.16464,-26.87066],[-49.16473,-26.87065],[-49.16489,-26.8706],[-49.16513,-26.8705],[-49.1652,-26.87045],[-49.16529,-26.87038],[-49.16535,-26.8703],[-49.1655,-26.87008],[-49.16561,-26.87033],[-49.16578,-26.8704],[-49.16587,-26.87041],[-49.16581,-26.87051],[-49.16575,-26.8707],[-49.16573,-26.87088],[-49.16581,-26.87113],[-49.1659,-26.87134],[-49.16596,-26.87143],[-49.16604,-26.87152],[-49.16613,-26.87161],[-49.16625,-26.87168],[-49.16648,-26.87179],[-49.16676,-26.87186],[-49.16719,-26.8719],[-49.16746,-26.8719],[-49.16733,-26.87196],[-49.16689,-26.87209],[-49.16657,-26.87233],[-49.16645,-26.87247],[-49.16639,-26.87263],[-49.1664,-26.87272],[-49.16642,-26.87278],[-49.16652,-26.87287],[-49.16661,-26.87293],[-49.16669,-26.87295],[-49.16718,-26.87305],[-49.16729,-26.87309],[-49.16745,-26.87313],[-49.16764,-26.87315],[-49.16774,-26.87314],[-49.16796,-26.8731],[-49.16814,-26.87303],[-49.16814,-26.87301],[-49.16864,-26.87306],[-49.16874,-26.87304],[-49.16931,-26.873],[-49.16932,-26.87299],[-49.16932,-26.87301],[-49.16948,-26.87315],[-49.16964,-26.87323],[-49.16996,-26.87327],[-49.17002,-26.87326],[-49.16998,-26.8733],[-49.16997,-26.87339],[-49.16999,-26.8734],[-49.16997,-26.87341],[-49.16987,-26.87347],[-49.16976,-26.87363],[-49.16978,-26.87366],[-49.16976,-26.87366],[-49.16973,-26.87377],[-49.16974,-26.87387],[-49.16972,-26.87397],[-49.16965,-26.8741],[-49.16964,-26.87411],[-49.16958,-26.8742],[-49.16951,-26.87426],[-49.16951,-26.87428],[-49.1695,-26.87427],[-49.16945,-26.8743],[-49.16916,-26.87438],[-49.16875,-26.87453],[-49.1685,-26.87468],[-49.16824,-26.87479],[-49.16809,-26.87487],[-49.16803,-26.87491],[-49.16771,-26.8751],[-49.16738,-26.8752],[-49.16709,-26.87535],[-49.16702,-26.87541],[-49.1669,-26.87553],[-49.16681,-26.87573],[-49.16677,-26.87575],[-49.16662,-26.87574],[-49.16657,-26.87579],[-49.16652,-26.8759],[-49.16638,-26.87602],[-49.16615,-26.87618],[-49.16603,-26.87629],[-49.16592,-26.87649],[-49.16588,-26.8766],[-49.16591,-26.8767],[-49.16605,-26.87688],[-49.16621,-26.87699],[-49.16635,-26.87703],[-49.16642,-26.87704],[-49.16658,-26.87704],[-49.16667,-26.87701],[-49.16689,-26.87689],[-49.16697,-26.87681],[-49.16706,-26.87665],[-49.16715,-26.87656],[-49.16717,-26.87658],[-49.16716,-26.87667],[-49.16717,-26.8767],[-49.1672,-26.87671],[-49.16726,-26.8767],[-49.1674,-26.87662],[-49.16752,-26.87659],[-49.16766,-26.8766],[-49.16834,-26.87686],[-49.16864,-26.87689],[-49.16896,-26.87691],[-49.16937,-26.87687],[-49.16965,-26.87692],[-49.17021,-26.87682],[-49.17039,-26.87669],[-49.17051,-26.87666],[-49.17064,-26.87657],[-49.17062,-26.87653],[-49.17081,-26.87642],[-49.17078,-26.8764],[-49.17083,-26.87635],[-49.1709,-26.87633],[-49.17099,-26.87635],[-49.17106,-26.87633],[-49.17118,-26.87633],[-49.17125,-26.87635],[-49.17157,-26.87644],[-49.1717,-26.87644],[-49.17176,-26.87643],[-49.17196,-26.87633],[-49.17201,-26.87632],[-49.17208,-26.87635],[-49.17213,-26.87641],[-49.17214,-26.87648],[-49.17217,-26.8765],[-49.17228,-26.87655],[-49.17232,-26.87654],[-49.17237,-26.87652],[-49.17249,-26.87655],[-49.17263,-26.87655],[-49.17281,-26.87651],[-49.17302,-26.87642],[-49.17304,-26.87642],[-49.17307,-26.87647],[-49.17308,-26.87649],[-49.17314,-26.87668],[-49.17318,-26.87674],[-49.17325,-26.87681],[-49.17333,-26.87679],[-49.17336,-26.87678],[-49.17344,-26.87685],[-49.17353,-26.8769],[-49.17363,-26.87689],[-49.17369,-26.87685],[-49.17384,-26.87658],[-49.17426,-26.87628],[-49.17451,-26.87614],[-49.17467,-26.87611],[-49.17495,-26.87607],[-49.17502,-26.87607],[-49.17538,-26.87604],[-49.17557,-26.87601],[-49.17611,-26.87589],[-49.1763,-26.87579],[-49.17644,-26.87568],[-49.17653,-26.87548],[-49.17657,-26.87527],[-49.17656,-26.87503],[-49.1765,-26.87482],[-49.17632,-26.87431],[-49.17631,-26.87419],[-49.17621,-26.87388],[-49.17596,-26.87321],[-49.17578,-26.8728],[-49.17568,-26.87261],[-49.17556,-26.87248],[-49.17545,-26.87232],[-49.17534,-26.87221],[-49.17525,-26.8721],[-49.17506,-26.87166],[-49.17495,-26.87132],[-49.17488,-26.87105],[-49.17476,-26.8708],[-49.17486,-26.87083],[-49.17515,-26.87083],[-49.17532,-26.87085],[-49.17548,-26.87085],[-49.17581,-26.87089],[-49.17617,-26.87098],[-49.17628,-26.87106],[-49.1764,-26.87108],[-49.17672,-26.87128],[-49.17684,-26.87141],[-49.17712,-26.87167],[-49.17734,-26.87187],[-49.17752,-26.87199],[-49.1778,-26.87209],[-49.17785,-26.8722],[-49.1779,-26.87225],[-49.17804,-26.87234],[-49.17809,-26.8724],[-49.17837,-26.87277],[-49.17881,-26.87326],[-49.17902,-26.87352],[-49.17915,-26.87366],[-49.17924,-26.87378],[-49.17925,-26.87384],[-49.17935,-26.87392],[-49.17943,-26.87394],[-49.17966,-26.87394],[-49.17975,-26.87396],[-49.18011,-26.87408],[-49.18038,-26.87421],[-49.18042,-26.87422],[-49.18053,-26.87417],[-49.1806,-26.8741],[-49.18084,-26.87375],[-49.18091,-26.87369],[-49.18108,-26.87363],[-49.18126,-26.87366],[-49.18139,-26.87367],[-49.18146,-26.87375],[-49.18177,-26.87388],[-49.1818,-26.87391],[-49.18187,-26.87409],[-49.18194,-26.87416],[-49.18199,-26.87417],[-49.18207,-26.87418],[-49.18212,-26.87433],[-49.18218,-26.87438],[-49.18234,-26.87441],[-49.18262,-26.87437],[-49.18279,-26.87449],[-49.18294,-26.87468],[-49.18303,-26.87475],[-49.18331,-26.87484],[-49.18337,-26.87495],[-49.18339,-26.8752],[-49.18343,-26.87531],[-49.18369,-26.87548],[-49.1839,-26.87563],[-49.18421,-26.87598],[-49.18448,-26.87624],[-49.18452,-26.87629],[-49.18455,-26.87642],[-49.1846,-26.87649],[-49.18469,-26.87651],[-49.18487,-26.87648],[-49.185,-26.87642],[-49.18577,-26.87577],[-49.18578,-26.87579],[-49.18583,-26.87578],[-49.18588,-26.87576],[-49.18597,-26.87576],[-49.18605,-26.87579],[-49.18623,-26.87579],[-49.1863,-26.87584],[-49.18631,-26.87588],[-49.18625,-26.87596],[-49.18626,-26.87603],[-49.18664,-26.87619],[-49.18667,-26.87629],[-49.18666,-26.87644]]]}},{"type":"Feature","properties":{"bairro":"PONTA AGUDA","codigo":"23"},"geometry":{"type":"Polygon","coordinates":[[[-49.04403,-26.89029],[-49.04415,-26.89028],[-49.04428,-26.89025],[-49.04479,-26.89023],[-49.04484,-26.89022],[-49.04532,-26.89005],[-49.04638,-26.88989],[-49.04673,-26.8898],[-49.04684,-26.88975],[-49.04693,-26.88968],[-49.04708,-26.8896],[-49.04735,-26.88948],[-49.04742,-26.88939],[-49.04743,-26.88936],[-49.04757,-26.88943],[-49.04768,-26.88952],[-49.04779,-26.88967],[-49.04794,-26.88999],[-49.04846,-26.89077],[-49.04852,-26.89091],[-49.0485,-26.89096],[-49.0485,-26.89107],[-49.04846,-26.89115],[-49.04838,-26.89118],[-49.04814,-26.89117],[-49.04798,-26.89117],[-49.04791,-26.89117],[-49.04765,-26.89115],[-49.04754,-26.89117],[-49.04738,-26.89125],[-49.04727,-26.89128],[-49.04718,-26.89136],[-49.04712,-26.89145],[-49.04708,-26.89155],[-49.04707,-26.89166],[-49.04711,-26.89209],[-49.04705,-26.8923],[-49.04708,-26.89264],[-49.0471,-26.89268],[-49.04724,-26.89284],[-49.0473,-26.89289],[-49.04737,-26.89291],[-49.0476,-26.89291],[-49.04768,-26.8929],[-49.04838,-26.8928],[-49.04878,-26.89272],[-49.04938,-26.89271],[-49.04941,-26.89275],[-49.04949,-26.89277],[-49.04949,-26.89284],[-49.04954,-26.89291],[-49.04969,-26.89304],[-49.04973,-26.89309],[-49.04972,-26.8931],[-49.04981,-26.89317],[-49.04983,-26.89319],[-49.05021,-26.89355],[-49.05021,-26.89357],[-49.0502,-26.89361],[-49.0502,-26.89367],[-49.05029,-26.89371],[-49.05042,-26.89374],[-49.05051,-26.89374],[-49.05065,-26.89378],[-49.05076,-26.89377],[-49.05081,-26.89373],[-49.0509,-26.89373],[-49.05094,-26.89372],[-49.05096,-26.89379],[-49.05109,-26.89387],[-49.05133,-26.89397],[-49.05161,-26.89406],[-49.05189,-26.89424],[-49.05254,-26.89476],[-49.05344,-26.89537],[-49.0535,-26.89541],[-49.0536,-26.8955],[-49.0538,-26.89562],[-49.05401,-26.89566],[-49.05419,-26.89568],[-49.05478,-26.89559],[-49.05494,-26.89558],[-49.05505,-26.89555],[-49.05512,-26.89551],[-49.05526,-26.89546],[-49.05542,-26.89543],[-49.05546,-26.89541],[-49.05551,-26.89538],[-49.05563,-26.89532],[-49.05569,-26.89524],[-49.05575,-26.8951],[-49.05599,-26.89488],[-49.05613,-26.89482],[-49.05639,-26.89477],[-49.05649,-26.89471],[-49.05696,-26.89453],[-49.0574,-26.89441],[-49.05762,-26.89437],[-49.05783,-26.89445],[-49.05789,-26.89444],[-49.05808,-26.8945],[-49.05833,-26.89453],[-49.05928,-26.89523],[-49.05946,-26.89534],[-49.0594,-26.89546],[-49.05933,-26.89644],[-49.05936,-26.8967],[-49.05953,-26.89734],[-49.05979,-26.89784],[-49.05995,-26.89811],[-49.06007,-26.89824],[-49.06024,-26.89838],[-49.06052,-26.8986],[-49.06092,-26.8989],[-49.06189,-26.89952],[-49.06243,-26.8999],[-49.06296,-26.90035],[-49.06361,-26.90109],[-49.06384,-26.90128],[-49.06459,-26.9019],[-49.06506,-26.90239],[-49.06596,-26.90317],[-49.06632,-26.90357],[-49.06771,-26.90501],[-49.06838,-26.90579],[-49.06888,-26.90664],[-49.06909,-26.90713],[-49.06913,-26.90791],[-49.0691,-26.90857],[-49.06899,-26.90897],[-49.06894,-26.90956],[-49.06856,-26.91057],[-49.06845,-26.91098],[-49.06819,-26.91244],[-49.06809,-26.91278],[-49.06806,-26.91292],[-49.06796,-26.9133],[-49.06738,-26.91519],[-49.06697,-26.91615],[-49.06652,-26.91688],[-49.06633,-26.91714],[-49.0657,-26.91792],[-49.06538,-26.91822],[-49.06534,-26.91826],[-49.06479,-26.91876],[-49.06416,-26.91924],[-49.06354,-26.91963],[-49.06313,-26.91993],[-49.06252,-26.92039],[-49.06154,-26.92091],[-49.06137,-26.92097],[-49.06057,-26.92109],[-49.06011,-26.92103],[-49.05999,-26.92097],[-49.05945,-26.92045],[-49.05941,-26.92029],[-49.05931,-26.91988],[-49.05942,-26.91846],[-49.0595,-26.91799],[-49.05955,-26.9171],[-49.05952,-26.916],[-49.05939,-26.91521],[-49.05898,-26.91445],[-49.05895,-26.91441],[-49.05824,-26.91362],[-49.05792,-26.91329],[-49.05788,-26.91325],[-49.05756,-26.91292],[-49.05747,-26.9128],[-49.05677,-26.91213],[-49.05619,-26.91195],[-49.05506,-26.9118],[-49.05392,-26.91173],[-49.0535,-26.91168],[-49.05236,-26.91144],[-49.05208,-26.91138],[-49.05128,-26.91113],[-49.05096,-26.91103],[-49.04962,-26.91072],[-49.04824,-26.9104],[-49.04772,-26.91023],[-49.0474,-26.91013],[-49.04665,-26.90988],[-49.04553,-26.90942],[-49.04505,-26.90921],[-49.04473,-26.90903],[-49.04458,-26.90894],[-49.04435,-26.90881],[-49.04425,-26.90872],[-49.04396,-26.90845],[-49.04343,-26.90796],[-49.04336,-26.90737],[-49.04343,-26.90692],[-49.04345,-26.90677],[-49.04345,-26.90676],[-49.04354,-26.90642],[-49.04367,-26.90617],[-49.04373,-26.90604],[-49.04384,-26.90583],[-49.04405,-26.90541],[-49.04409,-26.90532],[-49.04423,-26.90504],[-49.04473,-26.90392],[-49.04482,-26.90346],[-49.04488,-26.90298],[-49.04492,-26.90271],[-49.04496,-26.90163],[-49.04497,-26.90135],[-49.04507,-26.9003],[-49.04513,-26.8999],[-49.04514,-26.89951],[-49.04513,-26.89915],[-49.04501,-26.89811],[-49.04485,-26.89766],[-49.04475,-26.89744],[-49.04458,-26.89708],[-49.04433,-26.89655],[-49.04376,-26.896],[-49.04316,-26.89571],[-49.04245,-26.89558],[-49.04189,-26.89568],[-49.04182,-26.8957],[-49.04161,-26.89574],[-49.04015,-26.89631],[-49.03995,-26.89652],[-49.03897,-26.89736],[-49.03759,-26.89848],[-49.03682,-26.89915],[-49.03547,-26.90078],[-49.03492,-26.90149],[-49.03351,-26.90333],[-49.03135,-26.90586],[-49.03025,-26.90696],[-49.02983,-26.90746],[-49.02924,-26.90784],[-49.02865,-26.90806],[-49.02798,-26.9082],[-49.02684,-26.90831],[-49.02581,-26.9083],[-49.02473,-26.90816],[-49.0234,-26.90792],[-49.02179,-26.90741],[-49.02085,-26.90708],[-49.01926,-26.90633],[-49.01874,-26.90586],[-49.01837,-26.90552],[-49.01811,-26.90529],[-49.01724,-26.90418],[-49.01696,-26.90359],[-49.01685,-26.90283],[-49.01678,-26.90124],[-49.01641,-26.89943],[-49.01652,-26.89927],[-49.0186,-26.89658],[-49.01888,-26.89618],[-49.01907,-26.89601],[-49.02069,-26.89488],[-49.0209,-26.89472],[-49.02105,-26.89461],[-49.02176,-26.89408],[-49.02277,-26.89339],[-49.02419,-26.89232],[-49.02554,-26.89136],[-49.02567,-26.89127],[-49.02599,-26.89105],[-49.02606,-26.89099],[-49.02609,-26.89099],[-49.02619,-26.89101],[-49.02621,-26.89105],[-49.02623,-26.89123],[-49.02624,-26.89127],[-49.02625,-26.89132],[-49.02629,-26.89139],[-49.02635,-26.8914],[-49.02658,-26.89144],[-49.02689,-26.89146],[-49.02713,-26.89144],[-49.02725,-26.8914],[-49.02732,-26.89135],[-49.02739,-26.89129],[-49.02746,-26.89116],[-49.02749,-26.89106],[-49.02753,-26.89056],[-49.02766,-26.8907],[-49.02779,-26.89075],[-49.02785,-26.89076],[-49.02791,-26.89074],[-49.0282,-26.89059],[-49.0283,-26.8905],[-49.02851,-26.89021],[-49.02857,-26.89017],[-49.02869,-26.89012],[-49.0288,-26.89012],[-49.02904,-26.89011],[-49.02929,-26.89006],[-49.02944,-26.88999],[-49.02952,-26.8899],[-49.02952,-26.88995],[-49.02954,-26.88999],[-49.02958,-26.89001],[-49.02968,-26.89006],[-49.02951,-26.89012],[-49.02937,-26.89021],[-49.02922,-26.89028],[-49.02894,-26.89038],[-49.02886,-26.89043],[-49.02873,-26.89048],[-49.02858,-26.89066],[-49.02845,-26.89088],[-49.02837,-26.89109],[-49.02837,-26.89131],[-49.02844,-26.89141],[-49.02854,-26.89151],[-49.02861,-26.89162],[-49.02841,-26.89158],[-49.02811,-26.89158],[-49.02803,-26.89158],[-49.02784,-26.89165],[-49.02771,-26.89175],[-49.02768,-26.8918],[-49.02752,-26.89213],[-49.02739,-26.89236],[-49.02739,-26.89244],[-49.02745,-26.89254],[-49.02752,-26.89256],[-49.02768,-26.89257],[-49.02773,-26.89259],[-49.02781,-26.89269],[-49.02789,-26.89282],[-49.02796,-26.89288],[-49.02799,-26.89292],[-49.02806,-26.89299],[-49.02809,-26.89306],[-49.02812,-26.89307],[-49.02799,-26.89312],[-49.02778,-26.89314],[-49.02767,-26.89317],[-49.02762,-26.8932],[-49.02758,-26.89325],[-49.02754,-26.89332],[-49.02754,-26.89339],[-49.0276,-26.89363],[-49.02765,-26.89375],[-49.0276,-26.89382],[-49.02759,-26.89389],[-49.02735,-26.8939],[-49.02727,-26.89385],[-49.02719,-26.89376],[-49.02709,-26.89371],[-49.027,-26.89369],[-49.0268,-26.8937],[-49.02674,-26.89374],[-49.0267,-26.89378],[-49.02662,-26.89409],[-49.02662,-26.89412],[-49.02665,-26.89412],[-49.02667,-26.89418],[-49.02666,-26.89421],[-49.0267,-26.89425],[-49.02708,-26.89437],[-49.02739,-26.89446],[-49.0275,-26.89453],[-49.02744,-26.89457],[-49.02741,-26.89462],[-49.02743,-26.89468],[-49.02746,-26.8947],[-49.02748,-26.89472],[-49.0276,-26.89481],[-49.02761,-26.89493],[-49.02761,-26.89499],[-49.02754,-26.89516],[-49.02758,-26.89544],[-49.02756,-26.89555],[-49.02753,-26.89559],[-49.02742,-26.89564],[-49.02705,-26.89591],[-49.02679,-26.89606],[-49.02666,-26.89613],[-49.02661,-26.89618],[-49.0265,-26.89622],[-49.02645,-26.89626],[-49.02642,-26.89632],[-49.02644,-26.89648],[-49.02643,-26.89653],[-49.02633,-26.89672],[-49.02623,-26.89686],[-49.02619,-26.89697],[-49.0262,-26.89704],[-49.02622,-26.89707],[-49.02627,-26.8971],[-49.02632,-26.89712],[-49.02668,-26.89713],[-49.02703,-26.89712],[-49.02716,-26.89712],[-49.02766,-26.89718],[-49.02794,-26.89719],[-49.02807,-26.89719],[-49.02812,-26.89719],[-49.0282,-26.8972],[-49.02832,-26.89724],[-49.02837,-26.8973],[-49.02838,-26.89739],[-49.02833,-26.89749],[-49.02806,-26.89782],[-49.02794,-26.89802],[-49.02787,-26.89813],[-49.02777,-26.89819],[-49.02768,-26.89827],[-49.02763,-26.89833],[-49.02763,-26.8984],[-49.02766,-26.89842],[-49.02774,-26.89844],[-49.02798,-26.89845],[-49.02794,-26.89825],[-49.02796,-26.89823],[-49.028,-26.89824],[-49.02802,-26.89826],[-49.02811,-26.89837],[-49.02817,-26.89842],[-49.02839,-26.89852],[-49.0285,-26.89854],[-49.0287,-26.89854],[-49.02889,-26.89846],[-49.02902,-26.89839],[-49.02916,-26.89818],[-49.0292,-26.89808],[-49.0292,-26.89775],[-49.02919,-26.89768],[-49.02911,-26.89753],[-49.02909,-26.89742],[-49.02909,-26.89688],[-49.02913,-26.8968],[-49.02919,-26.89675],[-49.02924,-26.89673],[-49.02957,-26.89671],[-49.02961,-26.89668],[-49.02973,-26.89664],[-49.03006,-26.89663],[-49.03019,-26.8966],[-49.03015,-26.8968],[-49.03015,-26.89692],[-49.03016,-26.89752],[-49.03021,-26.89777],[-49.03026,-26.89795],[-49.0303,-26.89812],[-49.0303,-26.89834],[-49.03029,-26.89841],[-49.03025,-26.89847],[-49.03022,-26.89855],[-49.02999,-26.89875],[-49.02989,-26.89887],[-49.02984,-26.89897],[-49.02984,-26.89907],[-49.02986,-26.89918],[-49.02983,-26.89936],[-49.02979,-26.89946],[-49.0298,-26.89953],[-49.0298,-26.89957],[-49.02985,-26.89963],[-49.02999,-26.89969],[-49.0302,-26.89986],[-49.03032,-26.89989],[-49.03054,-26.89989],[-49.03058,-26.89989],[-49.03067,-26.89988],[-49.03075,-26.89987],[-49.03092,-26.89987],[-49.03096,-26.89984],[-49.03114,-26.89977],[-49.03131,-26.89967],[-49.03149,-26.89946],[-49.03157,-26.89933],[-49.03161,-26.89918],[-49.03161,-26.89915],[-49.03159,-26.89897],[-49.03159,-26.8988],[-49.0316,-26.89871],[-49.03164,-26.89863],[-49.03172,-26.89856],[-49.0318,-26.89851],[-49.03219,-26.89842],[-49.03228,-26.89846],[-49.03245,-26.8986],[-49.03263,-26.89899],[-49.03274,-26.89914],[-49.03288,-26.89926],[-49.03296,-26.89928],[-49.03308,-26.89928],[-49.03311,-26.89929],[-49.03316,-26.89932],[-49.03326,-26.89946],[-49.03338,-26.89953],[-49.03354,-26.89956],[-49.03363,-26.89957],[-49.03371,-26.89955],[-49.03374,-26.89952],[-49.03382,-26.89944],[-49.03385,-26.89937],[-49.03383,-26.89905],[-49.03385,-26.89894],[-49.03391,-26.89884],[-49.0341,-26.89861],[-49.0342,-26.8983],[-49.0344,-26.89803],[-49.03443,-26.89797],[-49.03442,-26.89782],[-49.03434,-26.8977],[-49.03431,-26.89767],[-49.03424,-26.89764],[-49.03408,-26.89761],[-49.03406,-26.89758],[-49.03406,-26.89753],[-49.03414,-26.89742],[-49.03448,-26.89707],[-49.03456,-26.8969],[-49.03457,-26.89683],[-49.03457,-26.89664],[-49.03445,-26.89633],[-49.03449,-26.89633],[-49.0348,-26.89624],[-49.03497,-26.89609],[-49.03509,-26.89592],[-49.03513,-26.89558],[-49.0351,-26.89529],[-49.03505,-26.89517],[-49.03497,-26.89503],[-49.03472,-26.89474],[-49.03446,-26.8944],[-49.03422,-26.89394],[-49.03415,-26.89387],[-49.03419,-26.89386],[-49.0342,-26.89384],[-49.03418,-26.89376],[-49.03432,-26.89384],[-49.03456,-26.89404],[-49.03473,-26.89411],[-49.03488,-26.89415],[-49.03494,-26.89416],[-49.03525,-26.89418],[-49.03584,-26.89449],[-49.036,-26.89456],[-49.0361,-26.89462],[-49.03634,-26.89486],[-49.03646,-26.89494],[-49.03646,-26.895],[-49.03644,-26.89522],[-49.03645,-26.89554],[-49.03652,-26.89575],[-49.03662,-26.89589],[-49.03666,-26.89592],[-49.03677,-26.89596],[-49.03701,-26.89598],[-49.03725,-26.89601],[-49.03773,-26.89602],[-49.03779,-26.89599],[-49.03781,-26.89595],[-49.03782,-26.89579],[-49.03779,-26.89568],[-49.03775,-26.89525],[-49.03779,-26.89515],[-49.03793,-26.89498],[-49.038,-26.89483],[-49.03803,-26.89456],[-49.03801,-26.8944],[-49.03799,-26.89435],[-49.03788,-26.89422],[-49.0378,-26.89414],[-49.03755,-26.89399],[-49.03743,-26.89387],[-49.03733,-26.89373],[-49.03731,-26.89368],[-49.03732,-26.89354],[-49.0373,-26.89345],[-49.03697,-26.89307],[-49.03679,-26.89289],[-49.03662,-26.89267],[-49.03676,-26.89267],[-49.03689,-26.89261],[-49.037,-26.89262],[-49.03725,-26.89267],[-49.03753,-26.89279],[-49.03768,-26.89292],[-49.03782,-26.89316],[-49.03797,-26.89333],[-49.03817,-26.89345],[-49.03828,-26.89349],[-49.0384,-26.89351],[-49.03858,-26.89353],[-49.03888,-26.89353],[-49.03941,-26.89346],[-49.03941,-26.89347],[-49.03948,-26.89353],[-49.03957,-26.89397],[-49.03958,-26.89402],[-49.03963,-26.89406],[-49.03968,-26.89409],[-49.0398,-26.8941],[-49.04016,-26.89407],[-49.04027,-26.89409],[-49.04049,-26.89416],[-49.04055,-26.89416],[-49.04067,-26.89414],[-49.04072,-26.89411],[-49.04079,-26.89404],[-49.04103,-26.89397],[-49.04122,-26.89383],[-49.04143,-26.89373],[-49.04168,-26.89352],[-49.04175,-26.89343],[-49.04176,-26.89333],[-49.04171,-26.89318],[-49.04161,-26.89301],[-49.04157,-26.89299],[-49.04166,-26.89294],[-49.04194,-26.89273],[-49.0421,-26.89266],[-49.04222,-26.89257],[-49.04236,-26.89244],[-49.0424,-26.89233],[-49.0424,-26.89223],[-49.04244,-26.89207],[-49.04276,-26.89208],[-49.04282,-26.89207],[-49.04298,-26.89201],[-49.04313,-26.89192],[-49.04323,-26.89183],[-49.04328,-26.89171],[-49.04328,-26.89164],[-49.04328,-26.89159],[-49.04327,-26.89149],[-49.04323,-26.89141],[-49.04313,-26.89129],[-49.04309,-26.89124],[-49.04301,-26.89107],[-49.043,-26.89102],[-49.0431,-26.89088],[-49.04325,-26.8906],[-49.04345,-26.89032],[-49.04355,-26.89027],[-49.04361,-26.89025],[-49.04391,-26.8903],[-49.04403,-26.89029]]]}},{"type":"Feature","properties":{"bairro":"DO SALTO","codigo":"16"},"geometry":{"type":"Polygon","coordinates":[[[-49.11975,-26.88641],[-49.11941,-26.88703],[-49.1194,-26.88722],[-49.11926,-26.88737],[-49.11918,-26.88743],[-49.11917,-26.88744],[-49.11916,-26.88746],[-49.11905,-26.88762],[-49.11901,-26.88768],[-49.11889,-26.88789],[-49.11837,-26.88883],[-49.11832,-26.88896],[-49.11825,-26.88906],[-49.11817,-26.88919],[-49.11802,-26.88942],[-49.1179,-26.88957],[-49.11775,-26.8897],[-49.11756,-26.88978],[-49.11748,-26.88979],[-49.11723,-26.88983],[-49.11713,-26.88985],[-49.11701,-26.88991],[-49.11689,-26.88999],[-49.11664,-26.8902],[-49.11658,-26.89025],[-49.11636,-26.89041],[-49.1163,-26.89044],[-49.11619,-26.89047],[-49.11594,-26.89047],[-49.11566,-26.89052],[-49.11557,-26.89054],[-49.11551,-26.89055],[-49.11535,-26.89059],[-49.11514,-26.89062],[-49.11505,-26.89064],[-49.11489,-26.8907],[-49.11473,-26.89081],[-49.11465,-26.89088],[-49.11434,-26.89143],[-49.11416,-26.8917],[-49.11398,-26.8917],[-49.1139,-26.89166],[-49.11377,-26.89162],[-49.11369,-26.89158],[-49.11354,-26.89153],[-49.1131,-26.89139],[-49.11223,-26.89184],[-49.11192,-26.89189],[-49.11108,-26.8919],[-49.11055,-26.89187],[-49.11057,-26.89176],[-49.11066,-26.89157],[-49.11078,-26.8914],[-49.11101,-26.89098],[-49.11123,-26.89069],[-49.11131,-26.89061],[-49.11144,-26.89051],[-49.11152,-26.89042],[-49.11159,-26.89029],[-49.11171,-26.88994],[-49.1117,-26.88983],[-49.11163,-26.88964],[-49.11159,-26.88956],[-49.11148,-26.88954],[-49.11126,-26.88945],[-49.1112,-26.88942],[-49.11104,-26.88929],[-49.11098,-26.88927],[-49.11083,-26.88919],[-49.1106,-26.88911],[-49.11054,-26.8891],[-49.1102,-26.88911],[-49.11006,-26.88913],[-49.10948,-26.8893],[-49.10938,-26.88933],[-49.10895,-26.88941],[-49.10826,-26.88957],[-49.10793,-26.88964],[-49.10773,-26.88969],[-49.10769,-26.8897],[-49.1072,-26.88981],[-49.10687,-26.88988],[-49.10682,-26.88989],[-49.10676,-26.8899],[-49.10636,-26.88999],[-49.10595,-26.89009],[-49.10588,-26.89011],[-49.10542,-26.89021],[-49.10513,-26.89028],[-49.10487,-26.8894],[-49.10472,-26.88913],[-49.10454,-26.88867],[-49.10448,-26.88851],[-49.10424,-26.8882],[-49.10407,-26.88808],[-49.1039,-26.888],[-49.10362,-26.8878],[-49.10348,-26.8877],[-49.10319,-26.88743],[-49.10317,-26.88741],[-49.103,-26.88726],[-49.10296,-26.88722],[-49.10295,-26.88723],[-49.10254,-26.88744],[-49.10198,-26.88787],[-49.10174,-26.888],[-49.1015,-26.88806],[-49.10092,-26.88815],[-49.10067,-26.88811],[-49.10059,-26.88811],[-49.10053,-26.88812],[-49.10035,-26.88816],[-49.10027,-26.88817],[-49.10014,-26.8882],[-49.09999,-26.88822],[-49.09982,-26.88826],[-49.0998,-26.88826],[-49.09979,-26.88826],[-49.09976,-26.88827],[-49.09973,-26.88827],[-49.09966,-26.88829],[-49.09964,-26.88829],[-49.0996,-26.8883],[-49.09958,-26.8883],[-49.09954,-26.88831],[-49.09952,-26.88831],[-49.09937,-26.88834],[-49.09882,-26.88839],[-49.09874,-26.8884],[-49.09868,-26.88841],[-49.09807,-26.88805],[-49.09793,-26.88791],[-49.09763,-26.8878],[-49.09753,-26.88773],[-49.09749,-26.8877],[-49.09739,-26.88761],[-49.09728,-26.88752],[-49.09715,-26.88742],[-49.0971,-26.88738],[-49.097,-26.88731],[-49.09692,-26.88724],[-49.09679,-26.88715],[-49.09676,-26.88723],[-49.09669,-26.88733],[-49.09652,-26.88745],[-49.09646,-26.88749],[-49.09634,-26.88755],[-49.09628,-26.88759],[-49.09614,-26.88766],[-49.09607,-26.8877],[-49.09563,-26.88794],[-49.09552,-26.888],[-49.09522,-26.88817],[-49.095,-26.88832],[-49.09483,-26.88842],[-49.09469,-26.88856],[-49.09464,-26.88862],[-49.09462,-26.88873],[-49.09468,-26.88887],[-49.09461,-26.88904],[-49.09453,-26.88936],[-49.09448,-26.88969],[-49.09443,-26.8899],[-49.0943,-26.8901],[-49.09413,-26.89027],[-49.09403,-26.89045],[-49.09388,-26.89078],[-49.09385,-26.89096],[-49.09376,-26.89105],[-49.09371,-26.89116],[-49.09367,-26.89133],[-49.09367,-26.89149],[-49.09369,-26.89166],[-49.09366,-26.89189],[-49.09357,-26.89227],[-49.09356,-26.89231],[-49.09349,-26.89244],[-49.09338,-26.89258],[-49.09318,-26.89304],[-49.09309,-26.89318],[-49.09302,-26.89326],[-49.09274,-26.89391],[-49.09257,-26.89422],[-49.0925,-26.89435],[-49.09239,-26.89451],[-49.09204,-26.89493],[-49.09149,-26.89472],[-49.09055,-26.89441],[-49.0899,-26.89407],[-49.08841,-26.89344],[-49.08825,-26.8932],[-49.08818,-26.89306],[-49.08817,-26.89303],[-49.08807,-26.89277],[-49.08811,-26.89261],[-49.08812,-26.89258],[-49.08812,-26.89257],[-49.08816,-26.89234],[-49.08847,-26.89199],[-49.08849,-26.89177],[-49.08849,-26.89172],[-49.08838,-26.89126],[-49.08839,-26.89123],[-49.08845,-26.89107],[-49.08839,-26.89083],[-49.08838,-26.8908],[-49.08836,-26.89066],[-49.08836,-26.89062],[-49.08835,-26.89051],[-49.08835,-26.89047],[-49.08834,-26.89038],[-49.08834,-26.89034],[-49.08833,-26.89014],[-49.08833,-26.89012],[-49.08833,-26.88984],[-49.0883,-26.88962],[-49.08832,-26.88958],[-49.08845,-26.8895],[-49.08848,-26.88947],[-49.08854,-26.88938],[-49.08856,-26.88932],[-49.08858,-26.88903],[-49.0886,-26.88883],[-49.08863,-26.88879],[-49.08895,-26.88845],[-49.08906,-26.88835],[-49.08956,-26.88802],[-49.09009,-26.88743],[-49.09031,-26.88725],[-49.09062,-26.88697],[-49.09063,-26.88694],[-49.09072,-26.8868],[-49.09074,-26.88663],[-49.09068,-26.88633],[-49.09066,-26.88605],[-49.09065,-26.88587],[-49.09066,-26.88558],[-49.09069,-26.88545],[-49.0908,-26.8853],[-49.09093,-26.88521],[-49.09102,-26.88519],[-49.09137,-26.88497],[-49.09166,-26.8847],[-49.09191,-26.88445],[-49.09201,-26.88437],[-49.0921,-26.88422],[-49.09223,-26.88403],[-49.09227,-26.88399],[-49.09234,-26.8839],[-49.09243,-26.88381],[-49.09263,-26.88362],[-49.09271,-26.88355],[-49.09286,-26.88339],[-49.09291,-26.88332],[-49.09296,-26.88326],[-49.093,-26.88322],[-49.09319,-26.88303],[-49.09333,-26.88282],[-49.09367,-26.88267],[-49.09376,-26.88261],[-49.09396,-26.88238],[-49.09465,-26.88249],[-49.09484,-26.88248],[-49.09534,-26.88247],[-49.0954,-26.8824],[-49.09542,-26.88223],[-49.09547,-26.88213],[-49.09557,-26.88203],[-49.0958,-26.88195],[-49.09595,-26.88194],[-49.09608,-26.8819],[-49.09661,-26.88179],[-49.09749,-26.88153],[-49.09832,-26.88179],[-49.09891,-26.88188],[-49.09938,-26.88187],[-49.09985,-26.88181],[-49.10201,-26.88116],[-49.1028,-26.88087],[-49.10369,-26.88063],[-49.10403,-26.8805],[-49.10517,-26.87999],[-49.10558,-26.87971],[-49.10648,-26.87917],[-49.10699,-26.87898],[-49.10746,-26.87884],[-49.10787,-26.87875],[-49.10816,-26.87874],[-49.10827,-26.87875],[-49.10836,-26.87881],[-49.10875,-26.87922],[-49.10914,-26.87949],[-49.1092,-26.87955],[-49.1094,-26.88024],[-49.10948,-26.88083],[-49.10954,-26.88153],[-49.10958,-26.88176],[-49.10961,-26.88198],[-49.10977,-26.8823],[-49.11002,-26.88264],[-49.11094,-26.88335],[-49.11124,-26.8835],[-49.11184,-26.88369],[-49.11265,-26.88399],[-49.11369,-26.88446],[-49.11385,-26.88452],[-49.11395,-26.88458],[-49.11437,-26.88503],[-49.11458,-26.88519],[-49.11492,-26.88537],[-49.11533,-26.88549],[-49.11568,-26.88556],[-49.11743,-26.88565],[-49.11832,-26.88575],[-49.11892,-26.88595],[-49.11934,-26.88616],[-49.11975,-26.88641]]]}},{"type":"Feature","properties":{"bairro":"ESCOLA AGRICOLA","codigo":"17"},"geometry":{"type":"Polygon","coordinates":[[[-49.11964,-26.89229],[-49.11963,-26.89245],[-49.1195,-26.89271],[-49.11935,-26.89304],[-49.11929,-26.89319],[-49.11923,-26.89333],[-49.119,-26.89361],[-49.11896,-26.89369],[-49.11879,-26.89384],[-49.11868,-26.89402],[-49.11845,-26.89421],[-49.11841,-26.89429],[-49.11835,-26.89484],[-49.11843,-26.89502],[-49.11852,-26.89511],[-49.11857,-26.89522],[-49.11858,-26.89531],[-49.11855,-26.89558],[-49.11854,-26.89565],[-49.1185,-26.89611],[-49.11848,-26.89618],[-49.11843,-26.89626],[-49.11839,-26.89627],[-49.11791,-26.89606],[-49.11788,-26.89604],[-49.11718,-26.89573],[-49.11697,-26.89606],[-49.11685,-26.89618],[-49.11676,-26.89632],[-49.11667,-26.89643],[-49.11661,-26.89646],[-49.11605,-26.89663],[-49.11595,-26.89673],[-49.11578,-26.89701],[-49.11559,-26.89722],[-49.11551,-26.89726],[-49.11542,-26.89727],[-49.11522,-26.89724],[-49.11515,-26.89725],[-49.11509,-26.89736],[-49.11506,-26.89741],[-49.11477,-26.8979],[-49.11471,-26.89796],[-49.11459,-26.89813],[-49.11449,-26.8982],[-49.11443,-26.89823],[-49.11436,-26.89826],[-49.11419,-26.89826],[-49.11409,-26.89829],[-49.11399,-26.89835],[-49.11392,-26.89849],[-49.11386,-26.8987],[-49.11368,-26.8989],[-49.11351,-26.89918],[-49.11324,-26.89943],[-49.11322,-26.89946],[-49.11317,-26.89955],[-49.11315,-26.89959],[-49.11305,-26.89974],[-49.11303,-26.89977],[-49.11294,-26.90016],[-49.11291,-26.90025],[-49.11289,-26.90029],[-49.11269,-26.90053],[-49.1126,-26.90061],[-49.1125,-26.90067],[-49.11239,-26.90079],[-49.11225,-26.90099],[-49.11215,-26.90109],[-49.11196,-26.90125],[-49.11187,-26.90129],[-49.11171,-26.90132],[-49.11155,-26.90141],[-49.11106,-26.9018],[-49.11087,-26.902],[-49.11064,-26.90217],[-49.11042,-26.9024],[-49.11039,-26.90245],[-49.11037,-26.90252],[-49.11024,-26.90274],[-49.11012,-26.90299],[-49.11004,-26.90308],[-49.11002,-26.90311],[-49.10994,-26.90318],[-49.10979,-26.90343],[-49.10972,-26.90377],[-49.10966,-26.90426],[-49.10965,-26.90448],[-49.10965,-26.90473],[-49.10972,-26.90494],[-49.10985,-26.90509],[-49.10984,-26.90512],[-49.1098,-26.90518],[-49.10975,-26.90528],[-49.10971,-26.90538],[-49.10965,-26.90551],[-49.1096,-26.90562],[-49.10952,-26.90576],[-49.10951,-26.90578],[-49.10938,-26.90583],[-49.10931,-26.90589],[-49.10926,-26.90593],[-49.10873,-26.90628],[-49.10865,-26.90632],[-49.1085,-26.9064],[-49.10844,-26.90644],[-49.1084,-26.90648],[-49.10836,-26.90658],[-49.10836,-26.90684],[-49.10836,-26.90686],[-49.10836,-26.90698],[-49.10835,-26.90728],[-49.1083,-26.90758],[-49.10821,-26.90775],[-49.10816,-26.90781],[-49.10808,-26.90783],[-49.10802,-26.90778],[-49.10795,-26.90769],[-49.10787,-26.90763],[-49.10753,-26.9076],[-49.10739,-26.90748],[-49.10737,-26.90746],[-49.1073,-26.90746],[-49.10723,-26.90747],[-49.10717,-26.90751],[-49.10711,-26.90755],[-49.10701,-26.90762],[-49.10669,-26.90776],[-49.10664,-26.90781],[-49.10658,-26.90789],[-49.10655,-26.90795],[-49.10654,-26.90799],[-49.10652,-26.90833],[-49.10651,-26.90847],[-49.10642,-26.90889],[-49.10637,-26.90907],[-49.10633,-26.90918],[-49.10618,-26.90928],[-49.10606,-26.90932],[-49.10579,-26.90942],[-49.1057,-26.90952],[-49.10566,-26.90952],[-49.10541,-26.90944],[-49.10514,-26.90927],[-49.10473,-26.90912],[-49.10453,-26.90905],[-49.10447,-26.90904],[-49.10426,-26.909],[-49.10354,-26.90896],[-49.1031,-26.90885],[-49.10282,-26.90872],[-49.10276,-26.90868],[-49.10252,-26.90849],[-49.10244,-26.90841],[-49.10229,-26.90818],[-49.10226,-26.90809],[-49.10218,-26.90794],[-49.10208,-26.90785],[-49.10198,-26.90778],[-49.10184,-26.90772],[-49.10178,-26.9077],[-49.10114,-26.90754],[-49.10092,-26.9075],[-49.10079,-26.90747],[-49.10038,-26.90738],[-49.10007,-26.90725],[-49.09992,-26.90717],[-49.09975,-26.90708],[-49.09942,-26.90695],[-49.09869,-26.90669],[-49.09857,-26.90664],[-49.09856,-26.90663],[-49.09848,-26.9066],[-49.09831,-26.90652],[-49.09819,-26.90646],[-49.09801,-26.90634],[-49.09772,-26.90611],[-49.09734,-26.9059],[-49.09727,-26.90581],[-49.09723,-26.90569],[-49.09723,-26.90562],[-49.09735,-26.90534],[-49.0975,-26.90529],[-49.09771,-26.90518],[-49.09784,-26.90507],[-49.098,-26.90486],[-49.09805,-26.90462],[-49.09805,-26.90457],[-49.09805,-26.9045],[-49.09803,-26.90414],[-49.09784,-26.90405],[-49.09781,-26.90402],[-49.09775,-26.90398],[-49.09764,-26.90388],[-49.09756,-26.90381],[-49.09743,-26.90372],[-49.09728,-26.9036],[-49.09728,-26.90354],[-49.09728,-26.90347],[-49.09728,-26.90342],[-49.09727,-26.90309],[-49.09727,-26.90303],[-49.09726,-26.9029],[-49.09719,-26.90289],[-49.09719,-26.90289],[-49.09718,-26.90289],[-49.09711,-26.90288],[-49.09688,-26.90285],[-49.09645,-26.90276],[-49.09641,-26.90275],[-49.09626,-26.90271],[-49.09613,-26.90268],[-49.09592,-26.90263],[-49.09578,-26.9026],[-49.0957,-26.90257],[-49.0956,-26.90253],[-49.09552,-26.90249],[-49.09511,-26.90232],[-49.09483,-26.90219],[-49.09447,-26.90204],[-49.09417,-26.90189],[-49.09414,-26.90181],[-49.09413,-26.90169],[-49.09416,-26.90161],[-49.09418,-26.90155],[-49.09429,-26.90103],[-49.0943,-26.9009],[-49.09429,-26.90026],[-49.09429,-26.90019],[-49.09429,-26.9001],[-49.09427,-26.89996],[-49.09423,-26.89985],[-49.0943,-26.89969],[-49.09433,-26.89956],[-49.09433,-26.89892],[-49.09428,-26.89857],[-49.0941,-26.89832],[-49.09361,-26.89794],[-49.09321,-26.89766],[-49.09319,-26.89765],[-49.09315,-26.89762],[-49.09302,-26.89744],[-49.09298,-26.89738],[-49.09285,-26.89725],[-49.09278,-26.8972],[-49.0926,-26.89707],[-49.09228,-26.89689],[-49.09226,-26.89685],[-49.09225,-26.89667],[-49.09222,-26.89653],[-49.09205,-26.89634],[-49.09188,-26.89608],[-49.09176,-26.89581],[-49.09174,-26.89547],[-49.09176,-26.89537],[-49.09182,-26.89523],[-49.09193,-26.89507],[-49.09204,-26.89493],[-49.09239,-26.89451],[-49.0925,-26.89435],[-49.09257,-26.89422],[-49.09274,-26.89391],[-49.09302,-26.89326],[-49.09309,-26.89318],[-49.09318,-26.89304],[-49.09338,-26.89258],[-49.09349,-26.89244],[-49.09356,-26.89231],[-49.09357,-26.89227],[-49.09366,-26.89189],[-49.09369,-26.89166],[-49.09367,-26.89149],[-49.09367,-26.89133],[-49.09371,-26.89116],[-49.09376,-26.89105],[-49.09385,-26.89096],[-49.09388,-26.89078],[-49.09403,-26.89045],[-49.09413,-26.89027],[-49.0943,-26.8901],[-49.09443,-26.8899],[-49.09448,-26.88969],[-49.09453,-26.88936],[-49.09461,-26.88904],[-49.09468,-26.88887],[-49.09462,-26.88873],[-49.09464,-26.88862],[-49.09469,-26.88856],[-49.09483,-26.88842],[-49.095,-26.88832],[-49.09522,-26.88817],[-49.09552,-26.888],[-49.09563,-26.88794],[-49.09607,-26.8877],[-49.09614,-26.88766],[-49.09628,-26.88759],[-49.09634,-26.88755],[-49.09646,-26.88749],[-49.09652,-26.88745],[-49.09669,-26.88733],[-49.09676,-26.88723],[-49.09679,-26.88715],[-49.09692,-26.88724],[-49.097,-26.88731],[-49.0971,-26.88738],[-49.09715,-26.88742],[-49.09728,-26.88752],[-49.09739,-26.88761],[-49.09749,-26.8877],[-49.09753,-26.88773],[-49.09763,-26.8878],[-49.09793,-26.88791],[-49.09807,-26.88805],[-49.09868,-26.88841],[-49.09874,-26.8884],[-49.09882,-26.88839],[-49.09937,-26.88834],[-49.09952,-26.88831],[-49.09954,-26.88831],[-49.09958,-26.8883],[-49.0996,-26.8883],[-49.09964,-26.88829],[-49.09966,-26.88829],[-49.09973,-26.88827],[-49.09976,-26.88827],[-49.09979,-26.88826],[-49.0998,-26.88826],[-49.09982,-26.88826],[-49.09999,-26.88822],[-49.10014,-26.8882],[-49.10027,-26.88817],[-49.10035,-26.88816],[-49.10053,-26.88812],[-49.10059,-26.88811],[-49.10067,-26.88811],[-49.10092,-26.88815],[-49.1015,-26.88806],[-49.10174,-26.888],[-49.10198,-26.88787],[-49.10254,-26.88744],[-49.10295,-26.88723],[-49.10296,-26.88722],[-49.103,-26.88726],[-49.10317,-26.88741],[-49.10319,-26.88743],[-49.10348,-26.8877],[-49.10362,-26.8878],[-49.1039,-26.888],[-49.10407,-26.88808],[-49.10424,-26.8882],[-49.10448,-26.88851],[-49.10454,-26.88867],[-49.10472,-26.88913],[-49.10487,-26.8894],[-49.10513,-26.89028],[-49.10542,-26.89021],[-49.10588,-26.89011],[-49.10595,-26.89009],[-49.10636,-26.88999],[-49.10676,-26.8899],[-49.10682,-26.88989],[-49.10687,-26.88988],[-49.1072,-26.88981],[-49.10769,-26.8897],[-49.10773,-26.88969],[-49.10793,-26.88964],[-49.10826,-26.88957],[-49.10895,-26.88941],[-49.10938,-26.88933],[-49.10948,-26.8893],[-49.11006,-26.88913],[-49.1102,-26.88911],[-49.11054,-26.8891],[-49.1106,-26.88911],[-49.11083,-26.88919],[-49.11098,-26.88927],[-49.11104,-26.88929],[-49.1112,-26.88942],[-49.11126,-26.88945],[-49.11148,-26.88954],[-49.11159,-26.88956],[-49.11163,-26.88964],[-49.1117,-26.88983],[-49.11171,-26.88994],[-49.11159,-26.89029],[-49.11152,-26.89042],[-49.11144,-26.89051],[-49.11131,-26.89061],[-49.11123,-26.89069],[-49.11101,-26.89098],[-49.11078,-26.8914],[-49.11066,-26.89157],[-49.11057,-26.89176],[-49.11055,-26.89187],[-49.11108,-26.8919],[-49.11192,-26.89189],[-49.11223,-26.89184],[-49.1131,-26.89139],[-49.11354,-26.89153],[-49.11369,-26.89158],[-49.11377,-26.89162],[-49.1139,-26.89166],[-49.11398,-26.8917],[-49.11416,-26.8917],[-49.11434,-26.89143],[-49.11465,-26.89088],[-49.11473,-26.89081],[-49.11489,-26.8907],[-49.11505,-26.89064],[-49.11514,-26.89062],[-49.11535,-26.89059],[-49.11551,-26.89055],[-49.11557,-26.89054],[-49.11566,-26.89052],[-49.11594,-26.89047],[-49.11619,-26.89047],[-49.1163,-26.89044],[-49.11636,-26.89041],[-49.11658,-26.89025],[-49.11664,-26.8902],[-49.11689,-26.88999],[-49.11701,-26.88991],[-49.11713,-26.88985],[-49.11723,-26.88983],[-49.11748,-26.88979],[-49.11756,-26.88978],[-49.11775,-26.8897],[-49.1179,-26.88957],[-49.11779,-26.88985],[-49.11779,-26.88998],[-49.11781,-26.89008],[-49.11787,-26.89024],[-49.11808,-26.89039],[-49.1183,-26.89064],[-49.11841,-26.89071],[-49.11856,-26.89085],[-49.11869,-26.89097],[-49.11881,-26.89113],[-49.11895,-26.89123],[-49.11909,-26.89145],[-49.11924,-26.89165],[-49.11943,-26.89192],[-49.11959,-26.89207],[-49.11963,-26.89215],[-49.11964,-26.89229]]]}},{"type":"Feature","properties":{"bairro":"AGUA VERDE","codigo":"18"},"geometry":{"type":"Polygon","coordinates":[[[-49.14008,-26.91961],[-49.14013,-26.91966],[-49.14015,-26.91972],[-49.14009,-26.91993],[-49.14001,-26.92006],[-49.1394,-26.92036],[-49.1391,-26.92049],[-49.13838,-26.92095],[-49.13814,-26.92116],[-49.138,-26.92125],[-49.13745,-26.92161],[-49.13734,-26.92163],[-49.13726,-26.92168],[-49.13699,-26.92182],[-49.13651,-26.92218],[-49.13634,-26.92229],[-49.13623,-26.92238],[-49.13617,-26.92238],[-49.13614,-26.92243],[-49.13601,-26.92254],[-49.13586,-26.92262],[-49.13555,-26.9227],[-49.13536,-26.92271],[-49.13518,-26.92268],[-49.1349,-26.92256],[-49.13477,-26.92249],[-49.13469,-26.9224],[-49.13451,-26.92226],[-49.13431,-26.92217],[-49.13403,-26.922],[-49.13385,-26.92186],[-49.1338,-26.92182],[-49.13353,-26.9216],[-49.1333,-26.92144],[-49.13297,-26.92111],[-49.1328,-26.92099],[-49.1326,-26.92087],[-49.13245,-26.92075],[-49.13172,-26.92039],[-49.13122,-26.9201],[-49.13116,-26.92006],[-49.1309,-26.91993],[-49.13067,-26.91975],[-49.13052,-26.91955],[-49.13043,-26.91931],[-49.1304,-26.9191],[-49.13045,-26.91868],[-49.13037,-26.91842],[-49.13036,-26.91831],[-49.1304,-26.91789],[-49.13045,-26.91765],[-49.13044,-26.91752],[-49.1304,-26.91735],[-49.13033,-26.9172],[-49.13028,-26.91699],[-49.13027,-26.9169],[-49.13028,-26.91668],[-49.13028,-26.91663],[-49.13025,-26.91649],[-49.13024,-26.91644],[-49.13021,-26.91629],[-49.13021,-26.91625],[-49.13018,-26.91612],[-49.13011,-26.91597],[-49.12994,-26.91563],[-49.12982,-26.91534],[-49.1298,-26.91528],[-49.12957,-26.91496],[-49.12952,-26.9149],[-49.12914,-26.91429],[-49.12907,-26.91437],[-49.12885,-26.9145],[-49.12872,-26.91456],[-49.12851,-26.91463],[-49.12803,-26.91469],[-49.12784,-26.91466],[-49.1278,-26.91464],[-49.12775,-26.91462],[-49.12772,-26.9146],[-49.12766,-26.91457],[-49.12715,-26.91432],[-49.127,-26.91424],[-49.12687,-26.91418],[-49.12672,-26.91415],[-49.1265,-26.91415],[-49.12618,-26.91406],[-49.12608,-26.91401],[-49.12599,-26.91391],[-49.12579,-26.91376],[-49.12565,-26.91373],[-49.12548,-26.91373],[-49.12541,-26.91375],[-49.12528,-26.91386],[-49.12512,-26.91408],[-49.12507,-26.91426],[-49.12493,-26.91464],[-49.12484,-26.91476],[-49.12472,-26.91484],[-49.12459,-26.91497],[-49.12432,-26.91535],[-49.12428,-26.91538],[-49.12406,-26.91555],[-49.12381,-26.91586],[-49.12336,-26.91591],[-49.12333,-26.91592],[-49.12312,-26.91586],[-49.12298,-26.91582],[-49.12281,-26.91574],[-49.12253,-26.91558],[-49.1224,-26.91556],[-49.12238,-26.91556],[-49.12214,-26.91562],[-49.12211,-26.91562],[-49.122,-26.91565],[-49.1218,-26.91564],[-49.12143,-26.91565],[-49.12068,-26.91592],[-49.12051,-26.91602],[-49.1201,-26.91578],[-49.11976,-26.91554],[-49.11975,-26.91553],[-49.11919,-26.91535],[-49.11872,-26.91526],[-49.11835,-26.91516],[-49.11829,-26.91509],[-49.1182,-26.91482],[-49.11817,-26.91477],[-49.1181,-26.91464],[-49.11806,-26.91458],[-49.11795,-26.91442],[-49.11789,-26.91436],[-49.11774,-26.9143],[-49.11766,-26.91429],[-49.11745,-26.91429],[-49.11737,-26.9143],[-49.11733,-26.9143],[-49.11716,-26.91431],[-49.11695,-26.9143],[-49.11682,-26.91428],[-49.11657,-26.91418],[-49.11641,-26.91408],[-49.11635,-26.91399],[-49.11632,-26.91399],[-49.11609,-26.91405],[-49.11587,-26.91408],[-49.1156,-26.91396],[-49.11465,-26.91352],[-49.11236,-26.91253],[-49.11228,-26.91249],[-49.1122,-26.91251],[-49.11208,-26.91261],[-49.11205,-26.91262],[-49.11203,-26.91263],[-49.1118,-26.91261],[-49.11161,-26.91267],[-49.11148,-26.91296],[-49.1113,-26.91322],[-49.11124,-26.91327],[-49.11094,-26.91322],[-49.11031,-26.91292],[-49.11004,-26.91291],[-49.10995,-26.91293],[-49.10981,-26.91298],[-49.10964,-26.913],[-49.10953,-26.91298],[-49.1094,-26.91291],[-49.10928,-26.91276],[-49.1091,-26.91262],[-49.109,-26.91254],[-49.10891,-26.9125],[-49.10873,-26.9125],[-49.10865,-26.91252],[-49.10858,-26.91262],[-49.10857,-26.91264],[-49.10848,-26.91275],[-49.10834,-26.91286],[-49.10821,-26.91311],[-49.10819,-26.91314],[-49.10815,-26.91319],[-49.1079,-26.91329],[-49.10775,-26.91343],[-49.10772,-26.91345],[-49.10765,-26.91347],[-49.1075,-26.91348],[-49.10738,-26.91352],[-49.10729,-26.91351],[-49.1072,-26.91353],[-49.10715,-26.91354],[-49.10691,-26.91361],[-49.10687,-26.91364],[-49.10675,-26.91366],[-49.10642,-26.91356],[-49.10627,-26.91356],[-49.10619,-26.91359],[-49.1059,-26.9141],[-49.10586,-26.91419],[-49.1058,-26.91431],[-49.10578,-26.91435],[-49.1057,-26.91449],[-49.10551,-26.91469],[-49.10517,-26.91487],[-49.10508,-26.91495],[-49.10503,-26.91503],[-49.10496,-26.91509],[-49.10471,-26.91509],[-49.10457,-26.91511],[-49.10443,-26.91517],[-49.1043,-26.91521],[-49.10415,-26.91528],[-49.10411,-26.91532],[-49.10409,-26.91543],[-49.10405,-26.91551],[-49.10403,-26.91568],[-49.10351,-26.91591],[-49.10344,-26.91594],[-49.10331,-26.91596],[-49.10323,-26.91598],[-49.1031,-26.916],[-49.10302,-26.91603],[-49.103,-26.91604],[-49.10294,-26.91608],[-49.10286,-26.91619],[-49.10277,-26.91624],[-49.10243,-26.91608],[-49.10229,-26.91594],[-49.102,-26.91581],[-49.10187,-26.91578],[-49.10173,-26.91567],[-49.10168,-26.91561],[-49.10165,-26.91559],[-49.10153,-26.9155],[-49.10151,-26.91549],[-49.10142,-26.91543],[-49.10139,-26.91541],[-49.10138,-26.91543],[-49.10134,-26.91548],[-49.10079,-26.91521],[-49.10075,-26.91519],[-49.10054,-26.9151],[-49.10053,-26.91506],[-49.10032,-26.91497],[-49.10027,-26.91495],[-49.10006,-26.91486],[-49.09999,-26.91486],[-49.09968,-26.91474],[-49.09956,-26.91472],[-49.09908,-26.91452],[-49.09852,-26.91423],[-49.09795,-26.914],[-49.09753,-26.91387],[-49.09719,-26.91373],[-49.09716,-26.9138],[-49.09714,-26.91383],[-49.09708,-26.91393],[-49.09702,-26.91405],[-49.09682,-26.91439],[-49.09677,-26.91448],[-49.0967,-26.91459],[-49.09664,-26.91461],[-49.09657,-26.9146],[-49.0965,-26.91457],[-49.09643,-26.9145],[-49.09638,-26.9144],[-49.0963,-26.91421],[-49.09623,-26.9141],[-49.09613,-26.91401],[-49.09608,-26.91397],[-49.096,-26.9139],[-49.09504,-26.91349],[-49.09502,-26.91348],[-49.09456,-26.91326],[-49.09431,-26.91314],[-49.09413,-26.91303],[-49.09404,-26.913],[-49.09398,-26.91298],[-49.09368,-26.91288],[-49.09361,-26.91286],[-49.09356,-26.91285],[-49.09339,-26.91315],[-49.09337,-26.91318],[-49.09336,-26.91321],[-49.09334,-26.91323],[-49.09329,-26.91333],[-49.09326,-26.91337],[-49.0932,-26.91347],[-49.09315,-26.91355],[-49.09305,-26.91372],[-49.09303,-26.91375],[-49.09302,-26.91377],[-49.093,-26.9138],[-49.09292,-26.91393],[-49.0929,-26.91393],[-49.09282,-26.91389],[-49.09276,-26.91387],[-49.09275,-26.91386],[-49.0927,-26.91384],[-49.09269,-26.91384],[-49.09231,-26.91369],[-49.0922,-26.91366],[-49.09211,-26.91363],[-49.09175,-26.91359],[-49.09174,-26.91359],[-49.09157,-26.91358],[-49.09156,-26.91358],[-49.09143,-26.91357],[-49.09143,-26.91352],[-49.09144,-26.91293],[-49.09144,-26.91289],[-49.09147,-26.91266],[-49.09148,-26.91261],[-49.09154,-26.91226],[-49.09155,-26.91222],[-49.09165,-26.91189],[-49.09166,-26.91184],[-49.09175,-26.91155],[-49.09175,-26.91154],[-49.09177,-26.91148],[-49.09185,-26.9113],[-49.09189,-26.91122],[-49.09197,-26.91119],[-49.09203,-26.91116],[-49.09206,-26.91115],[-49.09211,-26.91114],[-49.09213,-26.91113],[-49.09219,-26.91111],[-49.09237,-26.91105],[-49.09238,-26.91105],[-49.09243,-26.91102],[-49.09249,-26.91099],[-49.09267,-26.91079],[-49.09271,-26.91074],[-49.09274,-26.91069],[-49.09284,-26.91055],[-49.09286,-26.9105],[-49.09291,-26.91043],[-49.09294,-26.91038],[-49.09297,-26.91032],[-49.09298,-26.91028],[-49.09299,-26.91024],[-49.09301,-26.91017],[-49.093,-26.91003],[-49.09337,-26.90992],[-49.09347,-26.9099],[-49.09358,-26.90988],[-49.09365,-26.90987],[-49.09408,-26.90988],[-49.09416,-26.90987],[-49.09422,-26.90985],[-49.09425,-26.90984],[-49.09442,-26.9098],[-49.09456,-26.9097],[-49.0946,-26.90966],[-49.09465,-26.90963],[-49.09472,-26.90962],[-49.09478,-26.90963],[-49.09485,-26.90964],[-49.09487,-26.90964],[-49.095,-26.90942],[-49.09503,-26.90937],[-49.09528,-26.9089],[-49.0955,-26.9083],[-49.09552,-26.90823],[-49.09561,-26.90797],[-49.09563,-26.90785],[-49.09565,-26.9078],[-49.09576,-26.90756],[-49.09578,-26.9075],[-49.09601,-26.90705],[-49.09647,-26.9063],[-49.09649,-26.90625],[-49.09709,-26.90522],[-49.09735,-26.90534],[-49.09723,-26.90562],[-49.09723,-26.90569],[-49.09727,-26.90581],[-49.09734,-26.9059],[-49.09772,-26.90611],[-49.09801,-26.90634],[-49.09819,-26.90646],[-49.09831,-26.90652],[-49.09847,-26.9066],[-49.09856,-26.90663],[-49.09857,-26.90664],[-49.09869,-26.90669],[-49.09942,-26.90695],[-49.09975,-26.90708],[-49.09992,-26.90717],[-49.10007,-26.90725],[-49.10038,-26.90738],[-49.10079,-26.90747],[-49.10092,-26.9075],[-49.10114,-26.90754],[-49.10178,-26.9077],[-49.10184,-26.90772],[-49.10197,-26.90778],[-49.10208,-26.90785],[-49.10218,-26.90794],[-49.10226,-26.90809],[-49.10229,-26.90818],[-49.10244,-26.90841],[-49.10252,-26.90849],[-49.10276,-26.90868],[-49.10282,-26.90872],[-49.1031,-26.90885],[-49.10354,-26.90896],[-49.10426,-26.909],[-49.10447,-26.90904],[-49.10453,-26.90905],[-49.10473,-26.90912],[-49.10514,-26.90927],[-49.10541,-26.90944],[-49.10566,-26.90952],[-49.1057,-26.90952],[-49.10579,-26.90942],[-49.10606,-26.90932],[-49.10618,-26.90928],[-49.10633,-26.90918],[-49.10636,-26.90907],[-49.10642,-26.90889],[-49.10651,-26.90847],[-49.10652,-26.90833],[-49.10654,-26.90799],[-49.10655,-26.90795],[-49.10658,-26.90789],[-49.10664,-26.90781],[-49.10669,-26.90776],[-49.10701,-26.90762],[-49.10711,-26.90755],[-49.10717,-26.90751],[-49.10723,-26.90747],[-49.1073,-26.90746],[-49.10736,-26.90746],[-49.10739,-26.90748],[-49.10753,-26.9076],[-49.10787,-26.90763],[-49.10795,-26.90769],[-49.10802,-26.90778],[-49.10808,-26.90783],[-49.10816,-26.90781],[-49.10821,-26.90775],[-49.10829,-26.90758],[-49.10835,-26.90728],[-49.10836,-26.90698],[-49.10836,-26.90686],[-49.10836,-26.90684],[-49.10836,-26.90658],[-49.10839,-26.90648],[-49.10844,-26.90644],[-49.1085,-26.9064],[-49.10865,-26.90632],[-49.10873,-26.90628],[-49.10926,-26.90593],[-49.10931,-26.90589],[-49.10938,-26.90583],[-49.10951,-26.90578],[-49.10952,-26.90576],[-49.1096,-26.90562],[-49.10965,-26.90551],[-49.10971,-26.90538],[-49.10975,-26.90528],[-49.1098,-26.90518],[-49.10983,-26.90512],[-49.10985,-26.90509],[-49.11021,-26.90523],[-49.11031,-26.90527],[-49.11032,-26.90527],[-49.11044,-26.90532],[-49.11049,-26.90535],[-49.11059,-26.90539],[-49.11111,-26.90504],[-49.11122,-26.90488],[-49.11131,-26.90483],[-49.11138,-26.9048],[-49.11156,-26.90472],[-49.11209,-26.90466],[-49.11222,-26.90463],[-49.11232,-26.9046],[-49.11242,-26.90453],[-49.11253,-26.90445],[-49.11258,-26.90441],[-49.11292,-26.90419],[-49.11306,-26.90414],[-49.11314,-26.90411],[-49.11346,-26.90401],[-49.11381,-26.90395],[-49.1142,-26.90379],[-49.11464,-26.90353],[-49.1147,-26.90351],[-49.11475,-26.90356],[-49.11495,-26.90393],[-49.11502,-26.90402],[-49.11523,-26.90425],[-49.11538,-26.90439],[-49.1155,-26.90453],[-49.1156,-26.90459],[-49.11578,-26.90467],[-49.11619,-26.90473],[-49.11642,-26.90475],[-49.11715,-26.90471],[-49.11754,-26.90471],[-49.11865,-26.90485],[-49.11884,-26.90492],[-49.11895,-26.90491],[-49.11898,-26.90485],[-49.11901,-26.9048],[-49.11923,-26.90445],[-49.11933,-26.90435],[-49.11936,-26.90431],[-49.11945,-26.90414],[-49.11949,-26.90393],[-49.11949,-26.90389],[-49.11951,-26.90375],[-49.11952,-26.90372],[-49.11959,-26.90354],[-49.1197,-26.90337],[-49.11986,-26.9031],[-49.12009,-26.90286],[-49.12021,-26.90274],[-49.12034,-26.90266],[-49.12048,-26.90256],[-49.1209,-26.90222],[-49.12104,-26.90212],[-49.12131,-26.90198],[-49.12153,-26.90183],[-49.12358,-26.9025],[-49.12414,-26.90271],[-49.12448,-26.9028],[-49.12483,-26.90296],[-49.12488,-26.90307],[-49.12507,-26.90315],[-49.12524,-26.90325],[-49.12576,-26.9035],[-49.12588,-26.90357],[-49.12607,-26.90341],[-49.12617,-26.90323],[-49.12626,-26.903],[-49.12641,-26.90282],[-49.12647,-26.90278],[-49.12665,-26.90274],[-49.12678,-26.90266],[-49.12692,-26.9025],[-49.1271,-26.90241],[-49.12713,-26.90239],[-49.12725,-26.90233],[-49.12752,-26.90227],[-49.12758,-26.90224],[-49.12772,-26.90233],[-49.12786,-26.90246],[-49.12786,-26.90249],[-49.12773,-26.90255],[-49.12768,-26.90275],[-49.12768,-26.90278],[-49.12772,-26.90282],[-49.12791,-26.90294],[-49.12802,-26.90307],[-49.12827,-26.90327],[-49.12847,-26.90351],[-49.12857,-26.9036],[-49.12886,-26.9038],[-49.12915,-26.90392],[-49.12947,-26.90414],[-49.12953,-26.90418],[-49.12977,-26.90432],[-49.12982,-26.90435],[-49.12987,-26.90437],[-49.13003,-26.90445],[-49.13054,-26.90468],[-49.13069,-26.90476],[-49.13098,-26.90487],[-49.13104,-26.90489],[-49.13116,-26.90494],[-49.13127,-26.90498],[-49.13169,-26.90515],[-49.13175,-26.90517],[-49.13184,-26.90522],[-49.13197,-26.90498],[-49.13201,-26.9049],[-49.13214,-26.90466],[-49.13217,-26.90464],[-49.13229,-26.90469],[-49.13237,-26.90472],[-49.13242,-26.90475],[-49.13249,-26.90477],[-49.13254,-26.90477],[-49.1326,-26.90468],[-49.13264,-26.90463],[-49.13269,-26.90458],[-49.13277,-26.9046],[-49.13322,-26.90481],[-49.13328,-26.90484],[-49.13342,-26.90491],[-49.13348,-26.90494],[-49.13461,-26.90549],[-49.13486,-26.90561],[-49.13494,-26.90565],[-49.13563,-26.90599],[-49.13569,-26.90601],[-49.13592,-26.90613],[-49.13597,-26.90615],[-49.13621,-26.90627],[-49.13628,-26.90631],[-49.13691,-26.90661],[-49.13697,-26.90664],[-49.13702,-26.90666],[-49.13709,-26.90671],[-49.13728,-26.90692],[-49.13749,-26.90708],[-49.1377,-26.90716],[-49.13786,-26.90719],[-49.13789,-26.90719],[-49.138,-26.9072],[-49.13805,-26.90739],[-49.13817,-26.90755],[-49.13821,-26.90767],[-49.13822,-26.90771],[-49.13823,-26.90808],[-49.13816,-26.90888],[-49.13859,-26.90891],[-49.13867,-26.90892],[-49.13872,-26.90892],[-49.13864,-26.90908],[-49.13861,-26.90913],[-49.13837,-26.90956],[-49.1383,-26.90968],[-49.13828,-26.90972],[-49.13825,-26.90974],[-49.13821,-26.90977],[-49.13789,-26.91033],[-49.13782,-26.91043],[-49.13782,-26.91061],[-49.13791,-26.9108],[-49.13794,-26.91092],[-49.13797,-26.91114],[-49.13797,-26.91117],[-49.13804,-26.91192],[-49.13805,-26.91211],[-49.13809,-26.91236],[-49.13871,-26.9124],[-49.13867,-26.91264],[-49.13866,-26.913],[-49.13863,-26.91319],[-49.13864,-26.9133],[-49.1387,-26.91338],[-49.13876,-26.91361],[-49.13874,-26.91375],[-49.1387,-26.91392],[-49.1386,-26.91413],[-49.13839,-26.91434],[-49.13829,-26.91448],[-49.13825,-26.91462],[-49.13829,-26.91482],[-49.13841,-26.91513],[-49.1385,-26.9155],[-49.13851,-26.91577],[-49.13848,-26.91594],[-49.13854,-26.91622],[-49.1388,-26.91696],[-49.13891,-26.91717],[-49.13907,-26.91741],[-49.13914,-26.91757],[-49.13924,-26.9179],[-49.13933,-26.91811],[-49.13943,-26.91824],[-49.13967,-26.91896],[-49.13976,-26.91909],[-49.13987,-26.91931],[-49.14005,-26.91957],[-49.14008,-26.91961]]]}},{"type":"Feature","properties":{"bairro":"BOM RETIRO","codigo":"10"},"geometry":{"type":"Polygon","coordinates":[[[-49.08813,-26.92646],[-49.08805,-26.92652],[-49.08795,-26.92654],[-49.08791,-26.92654],[-49.08779,-26.92652],[-49.08759,-26.92638],[-49.08749,-26.92635],[-49.08732,-26.92633],[-49.08709,-26.92633],[-49.08699,-26.92635],[-49.08685,-26.92643],[-49.0866,-26.92664],[-49.08654,-26.92667],[-49.08648,-26.92667],[-49.08643,-26.92665],[-49.0864,-26.92662],[-49.08629,-26.92649],[-49.08624,-26.92646],[-49.08614,-26.92644],[-49.0859,-26.92651],[-49.08574,-26.92653],[-49.08565,-26.92657],[-49.0855,-26.92668],[-49.08544,-26.92675],[-49.08541,-26.92684],[-49.08537,-26.92723],[-49.08543,-26.9273],[-49.08557,-26.92741],[-49.08562,-26.92763],[-49.08577,-26.92791],[-49.0859,-26.92844],[-49.08591,-26.92849],[-49.08597,-26.92879],[-49.0861,-26.92898],[-49.08614,-26.92902],[-49.08647,-26.92928],[-49.08649,-26.92931],[-49.08653,-26.92934],[-49.08659,-26.92937],[-49.08657,-26.92942],[-49.08662,-26.92961],[-49.08663,-26.92993],[-49.08661,-26.92998],[-49.08661,-26.93],[-49.08649,-26.93003],[-49.08631,-26.93011],[-49.08629,-26.93015],[-49.08626,-26.93031],[-49.08625,-26.9304],[-49.08621,-26.93049],[-49.08619,-26.9306],[-49.08616,-26.93064],[-49.08612,-26.93074],[-49.08612,-26.93134],[-49.08597,-26.93083],[-49.08591,-26.9307],[-49.08582,-26.93063],[-49.08579,-26.93052],[-49.0858,-26.93031],[-49.08579,-26.93026],[-49.08575,-26.93019],[-49.08574,-26.93009],[-49.08556,-26.92983],[-49.08554,-26.92978],[-49.08544,-26.92957],[-49.08534,-26.92943],[-49.08512,-26.92926],[-49.08504,-26.9292],[-49.08495,-26.92916],[-49.08485,-26.92915],[-49.08481,-26.92912],[-49.08481,-26.92907],[-49.08489,-26.92887],[-49.08486,-26.92865],[-49.08484,-26.9286],[-49.08447,-26.92809],[-49.0844,-26.92802],[-49.08418,-26.92784],[-49.08381,-26.92768],[-49.08376,-26.92768],[-49.0837,-26.92774],[-49.08364,-26.92773],[-49.08354,-26.9275],[-49.08348,-26.92722],[-49.08345,-26.92716],[-49.08336,-26.92705],[-49.08264,-26.92649],[-49.08239,-26.92635],[-49.08228,-26.92631],[-49.08215,-26.9263],[-49.08211,-26.9263],[-49.08199,-26.92633],[-49.08172,-26.92644],[-49.08162,-26.92641],[-49.08154,-26.9264],[-49.08133,-26.92644],[-49.0813,-26.92645],[-49.08106,-26.92661],[-49.08078,-26.92682],[-49.08071,-26.92692],[-49.08068,-26.92701],[-49.08066,-26.92704],[-49.08058,-26.9271],[-49.08055,-26.92716],[-49.08058,-26.92726],[-49.08066,-26.92739],[-49.0808,-26.92753],[-49.08094,-26.92762],[-49.0811,-26.92779],[-49.08122,-26.92794],[-49.08127,-26.92802],[-49.08134,-26.92819],[-49.08145,-26.92834],[-49.08152,-26.9286],[-49.0816,-26.92877],[-49.08136,-26.92874],[-49.08128,-26.92873],[-49.08105,-26.9286],[-49.08081,-26.92853],[-49.08061,-26.92853],[-49.08011,-26.92855],[-49.07986,-26.92839],[-49.07977,-26.92836],[-49.07965,-26.92835],[-49.07959,-26.92835],[-49.07912,-26.92841],[-49.07907,-26.92839],[-49.07904,-26.92836],[-49.07894,-26.92822],[-49.07887,-26.92817],[-49.07867,-26.92814],[-49.07847,-26.92815],[-49.0783,-26.92822],[-49.07814,-26.92834],[-49.0781,-26.92841],[-49.07811,-26.92854],[-49.07811,-26.92855],[-49.07823,-26.92893],[-49.07822,-26.92897],[-49.07814,-26.92902],[-49.07781,-26.92916],[-49.07767,-26.9292],[-49.07761,-26.92922],[-49.07756,-26.92924],[-49.07744,-26.92928],[-49.07742,-26.92931],[-49.07728,-26.92926],[-49.07716,-26.92915],[-49.07709,-26.92906],[-49.07694,-26.9288],[-49.07679,-26.92848],[-49.07671,-26.92839],[-49.07651,-26.92826],[-49.07641,-26.92814],[-49.07634,-26.928],[-49.07631,-26.92789],[-49.07624,-26.92744],[-49.0762,-26.92726],[-49.07616,-26.92699],[-49.07613,-26.92688],[-49.0761,-26.92685],[-49.07603,-26.92682],[-49.07599,-26.92682],[-49.07589,-26.92685],[-49.07584,-26.92688],[-49.07553,-26.92713],[-49.07543,-26.92721],[-49.07536,-26.92724],[-49.07528,-26.92727],[-49.07503,-26.92729],[-49.07484,-26.92738],[-49.07478,-26.92743],[-49.07456,-26.92778],[-49.07448,-26.92787],[-49.07438,-26.92792],[-49.07433,-26.92793],[-49.07424,-26.92795],[-49.07404,-26.92795],[-49.07398,-26.92794],[-49.07395,-26.92794],[-49.0739,-26.92797],[-49.07371,-26.92817],[-49.07373,-26.92828],[-49.07375,-26.92828],[-49.0738,-26.92837],[-49.07385,-26.92851],[-49.07389,-26.92873],[-49.07382,-26.9289],[-49.07371,-26.92905],[-49.07371,-26.9291],[-49.07372,-26.92912],[-49.07379,-26.9292],[-49.0738,-26.92924],[-49.07384,-26.92931],[-49.0739,-26.92937],[-49.07403,-26.92947],[-49.07427,-26.92969],[-49.07432,-26.92979],[-49.07433,-26.92981],[-49.07437,-26.92985],[-49.07434,-26.92988],[-49.07375,-26.93017],[-49.07368,-26.93026],[-49.07366,-26.93042],[-49.07363,-26.93049],[-49.0734,-26.9303],[-49.07336,-26.93029],[-49.07331,-26.93026],[-49.07321,-26.93016],[-49.07311,-26.92995],[-49.07306,-26.92988],[-49.07299,-26.92984],[-49.07297,-26.92981],[-49.07295,-26.92966],[-49.07292,-26.92959],[-49.07288,-26.92953],[-49.07284,-26.92952],[-49.07275,-26.92952],[-49.0725,-26.92959],[-49.07235,-26.92966],[-49.07222,-26.92967],[-49.07215,-26.92964],[-49.07207,-26.9295],[-49.07197,-26.92925],[-49.07195,-26.92908],[-49.07191,-26.92897],[-49.07184,-26.92891],[-49.07176,-26.92886],[-49.07157,-26.92881],[-49.07153,-26.92879],[-49.07151,-26.92878],[-49.07146,-26.92877],[-49.07116,-26.92868],[-49.07104,-26.92871],[-49.07097,-26.92877],[-49.07092,-26.92884],[-49.07086,-26.92897],[-49.07084,-26.92906],[-49.0708,-26.9292],[-49.07078,-26.92939],[-49.07074,-26.92967],[-49.07073,-26.93009],[-49.07068,-26.93019],[-49.07065,-26.93021],[-49.07061,-26.9302],[-49.07047,-26.9301],[-49.07005,-26.92991],[-49.07002,-26.92991],[-49.0699,-26.92996],[-49.06975,-26.93009],[-49.06974,-26.93012],[-49.06978,-26.93019],[-49.06977,-26.93023],[-49.06969,-26.93031],[-49.06968,-26.93035],[-49.06969,-26.93054],[-49.06975,-26.93068],[-49.0698,-26.93074],[-49.06986,-26.93079],[-49.06998,-26.93081],[-49.07001,-26.93084],[-49.07007,-26.93102],[-49.07007,-26.93107],[-49.07006,-26.93128],[-49.07013,-26.93151],[-49.07013,-26.93192],[-49.07007,-26.93202],[-49.06999,-26.9321],[-49.06992,-26.9322],[-49.06986,-26.93225],[-49.06978,-26.93229],[-49.0697,-26.93231],[-49.0697,-26.93224],[-49.06966,-26.93213],[-49.06947,-26.93171],[-49.06935,-26.93151],[-49.06878,-26.93044],[-49.06868,-26.93031],[-49.06866,-26.93028],[-49.06852,-26.93005],[-49.0685,-26.93001],[-49.06838,-26.92985],[-49.06835,-26.92982],[-49.06807,-26.9296],[-49.06804,-26.92956],[-49.06799,-26.92942],[-49.06794,-26.92931],[-49.06783,-26.92907],[-49.06775,-26.92902],[-49.06752,-26.92887],[-49.06746,-26.92883],[-49.06728,-26.92872],[-49.06724,-26.92869],[-49.06686,-26.92841],[-49.06679,-26.92836],[-49.06658,-26.92806],[-49.0665,-26.92793],[-49.06645,-26.92787],[-49.06643,-26.92777],[-49.06642,-26.9277],[-49.0664,-26.92762],[-49.06627,-26.92721],[-49.06613,-26.92696],[-49.06606,-26.92683],[-49.0658,-26.92636],[-49.06579,-26.92635],[-49.06577,-26.92632],[-49.06576,-26.92629],[-49.06574,-26.92626],[-49.06573,-26.92623],[-49.06556,-26.92593],[-49.0655,-26.92582],[-49.06532,-26.9255],[-49.06531,-26.92548],[-49.065,-26.92491],[-49.06498,-26.92486],[-49.06492,-26.92476],[-49.06489,-26.92471],[-49.06478,-26.92449],[-49.06475,-26.92445],[-49.06462,-26.92421],[-49.06459,-26.92415],[-49.06445,-26.92388],[-49.06446,-26.92382],[-49.06465,-26.92394],[-49.06469,-26.92396],[-49.06485,-26.92406],[-49.06489,-26.92408],[-49.0653,-26.92432],[-49.0653,-26.92433],[-49.06539,-26.92438],[-49.0654,-26.92438],[-49.06561,-26.9245],[-49.06588,-26.92442],[-49.06603,-26.92435],[-49.06659,-26.92416],[-49.06691,-26.9241],[-49.06702,-26.92409],[-49.06712,-26.92411],[-49.06723,-26.92416],[-49.06754,-26.92424],[-49.06763,-26.92423],[-49.06774,-26.92414],[-49.06798,-26.92373],[-49.06823,-26.92346],[-49.06832,-26.92319],[-49.06871,-26.92271],[-49.06887,-26.92257],[-49.06905,-26.92254],[-49.06921,-26.92254],[-49.0694,-26.92259],[-49.06957,-26.9226],[-49.07007,-26.92268],[-49.0705,-26.92265],[-49.07076,-26.92265],[-49.07095,-26.92267],[-49.07132,-26.92267],[-49.07176,-26.92261],[-49.07205,-26.92254],[-49.07218,-26.9225],[-49.07226,-26.92249],[-49.07249,-26.9225],[-49.07263,-26.92252],[-49.07329,-26.92268],[-49.07388,-26.92285],[-49.07455,-26.92296],[-49.07462,-26.92292],[-49.07467,-26.92291],[-49.07471,-26.9229],[-49.07491,-26.92291],[-49.0754,-26.92277],[-49.0763,-26.92246],[-49.07669,-26.92242],[-49.07774,-26.92257],[-49.07904,-26.92294],[-49.07934,-26.92298],[-49.07996,-26.92258],[-49.08008,-26.92243],[-49.08032,-26.92204],[-49.08034,-26.922],[-49.08035,-26.92199],[-49.0806,-26.92154],[-49.08063,-26.9215],[-49.08065,-26.92145],[-49.08068,-26.92145],[-49.08073,-26.92146],[-49.08158,-26.92161],[-49.08159,-26.92161],[-49.08205,-26.92168],[-49.08228,-26.92185],[-49.08274,-26.92206],[-49.08294,-26.9221],[-49.08327,-26.9221],[-49.08333,-26.92214],[-49.08336,-26.92215],[-49.08393,-26.92276],[-49.08417,-26.92313],[-49.08419,-26.92317],[-49.08402,-26.92326],[-49.08394,-26.92333],[-49.08386,-26.92347],[-49.08378,-26.92367],[-49.08378,-26.92375],[-49.08381,-26.92381],[-49.08402,-26.92394],[-49.08419,-26.92408],[-49.08423,-26.92418],[-49.0842,-26.92425],[-49.08404,-26.92449],[-49.08403,-26.92453],[-49.08403,-26.92454],[-49.08407,-26.92453],[-49.08408,-26.92456],[-49.08415,-26.9246],[-49.08435,-26.92465],[-49.08454,-26.92467],[-49.08477,-26.92473],[-49.08482,-26.92475],[-49.08522,-26.92486],[-49.08552,-26.9249],[-49.08577,-26.92492],[-49.08594,-26.92489],[-49.08619,-26.92481],[-49.08629,-26.92477],[-49.08659,-26.9246],[-49.08667,-26.92458],[-49.08675,-26.92463],[-49.08711,-26.92507],[-49.08729,-26.92522],[-49.08783,-26.92546],[-49.08827,-26.92577],[-49.0884,-26.92591],[-49.08844,-26.92599],[-49.08844,-26.92617],[-49.08841,-26.92621],[-49.08835,-26.92627],[-49.08813,-26.92646]]]}},{"type":"Feature","properties":{"bairro":"SALTO DO NORTE","codigo":"30"},"geometry":{"type":"Polygon","coordinates":[[[-49.12891,-26.86892],[-49.12873,-26.86958],[-49.12862,-26.86984],[-49.12856,-26.86989],[-49.12843,-26.8701],[-49.12835,-26.87016],[-49.12765,-26.87053],[-49.12668,-26.87113],[-49.12602,-26.8714],[-49.12577,-26.87144],[-49.1255,-26.87143],[-49.12534,-26.87145],[-49.12524,-26.87147],[-49.12509,-26.87156],[-49.12484,-26.8718],[-49.12471,-26.87188],[-49.12448,-26.87199],[-49.12424,-26.87213],[-49.12408,-26.87219],[-49.12399,-26.87229],[-49.12339,-26.87326],[-49.12326,-26.87351],[-49.12302,-26.87402],[-49.12299,-26.87407],[-49.12275,-26.87447],[-49.12268,-26.8746],[-49.12237,-26.87512],[-49.12233,-26.87521],[-49.1221,-26.8756],[-49.12209,-26.87562],[-49.12206,-26.87567],[-49.12191,-26.87593],[-49.12184,-26.87604],[-49.12175,-26.87618],[-49.12171,-26.87626],[-49.12163,-26.87638],[-49.12156,-26.87641],[-49.12097,-26.8764],[-49.12094,-26.87669],[-49.12061,-26.87736],[-49.12051,-26.87752],[-49.12042,-26.87762],[-49.12036,-26.87775],[-49.12033,-26.87795],[-49.12039,-26.87824],[-49.12038,-26.87839],[-49.12023,-26.87864],[-49.12017,-26.87879],[-49.12008,-26.87894],[-49.11993,-26.87911],[-49.11991,-26.87914],[-49.11987,-26.87927],[-49.11986,-26.8793],[-49.11985,-26.8795],[-49.11985,-26.87953],[-49.11986,-26.87961],[-49.12029,-26.87979],[-49.12007,-26.88018],[-49.12002,-26.88026],[-49.11958,-26.88112],[-49.12048,-26.88153],[-49.12041,-26.8817],[-49.1204,-26.88174],[-49.12034,-26.88197],[-49.12034,-26.88201],[-49.12035,-26.88229],[-49.12041,-26.88262],[-49.12042,-26.88267],[-49.12046,-26.8829],[-49.12046,-26.88294],[-49.12049,-26.88313],[-49.12049,-26.88338],[-49.12049,-26.88341],[-49.12049,-26.88346],[-49.12051,-26.88354],[-49.12065,-26.88377],[-49.12066,-26.88381],[-49.12067,-26.88385],[-49.121,-26.88429],[-49.12103,-26.88433],[-49.12118,-26.88461],[-49.12135,-26.88483],[-49.12138,-26.88499],[-49.12136,-26.88533],[-49.12129,-26.88561],[-49.12126,-26.88582],[-49.12129,-26.88618],[-49.12128,-26.88638],[-49.12125,-26.88654],[-49.12118,-26.88668],[-49.12096,-26.88701],[-49.12085,-26.88711],[-49.12077,-26.88717],[-49.11975,-26.88641],[-49.11934,-26.88616],[-49.11892,-26.88595],[-49.11832,-26.88575],[-49.11743,-26.88565],[-49.11568,-26.88556],[-49.11533,-26.88549],[-49.11492,-26.88537],[-49.11458,-26.88519],[-49.11437,-26.88503],[-49.11395,-26.88458],[-49.11385,-26.88452],[-49.11369,-26.88446],[-49.11265,-26.88399],[-49.11184,-26.88369],[-49.11124,-26.8835],[-49.11094,-26.88335],[-49.11002,-26.88264],[-49.10977,-26.8823],[-49.10961,-26.88198],[-49.10958,-26.88176],[-49.10954,-26.88153],[-49.10948,-26.88083],[-49.1094,-26.88024],[-49.1092,-26.87955],[-49.10914,-26.87949],[-49.10875,-26.87922],[-49.10836,-26.87881],[-49.10827,-26.87875],[-49.10816,-26.87874],[-49.10787,-26.87875],[-49.10746,-26.87884],[-49.10699,-26.87898],[-49.10648,-26.87917],[-49.10558,-26.87971],[-49.10517,-26.87999],[-49.10403,-26.8805],[-49.10369,-26.88063],[-49.1028,-26.88087],[-49.10201,-26.88116],[-49.09985,-26.88181],[-49.09938,-26.88187],[-49.09891,-26.88188],[-49.09832,-26.88179],[-49.09749,-26.88153],[-49.09727,-26.8812],[-49.09723,-26.88076],[-49.09726,-26.87964],[-49.09742,-26.8781],[-49.09731,-26.87729],[-49.0971,-26.87682],[-49.09681,-26.87648],[-49.09631,-26.87612],[-49.09554,-26.87584],[-49.09494,-26.8757],[-49.09398,-26.87565],[-49.09358,-26.87568],[-49.09315,-26.87587],[-49.09291,-26.876],[-49.09287,-26.87602],[-49.09251,-26.8762],[-49.0918,-26.87648],[-49.09078,-26.87661],[-49.0899,-26.87682],[-49.08945,-26.87705],[-49.08889,-26.87744],[-49.08878,-26.8768],[-49.08887,-26.8766],[-49.08893,-26.87655],[-49.08894,-26.87651],[-49.08895,-26.87648],[-49.089,-26.87624],[-49.08914,-26.87593],[-49.08934,-26.87557],[-49.08943,-26.87535],[-49.08948,-26.87516],[-49.08951,-26.87509],[-49.08953,-26.87493],[-49.08948,-26.87451],[-49.08943,-26.87431],[-49.08944,-26.87403],[-49.08954,-26.87382],[-49.08963,-26.87353],[-49.08967,-26.87345],[-49.08975,-26.87336],[-49.08997,-26.87319],[-49.09036,-26.87294],[-49.09048,-26.8728],[-49.09053,-26.87266],[-49.09053,-26.87252],[-49.09048,-26.8724],[-49.09031,-26.87218],[-49.09019,-26.87208],[-49.09007,-26.87184],[-49.09005,-26.87172],[-49.09006,-26.87154],[-49.09005,-26.87129],[-49.09004,-26.87125],[-49.08998,-26.87112],[-49.08985,-26.87097],[-49.08974,-26.8709],[-49.08964,-26.87088],[-49.08952,-26.87087],[-49.08932,-26.87091],[-49.08912,-26.87097],[-49.08898,-26.87099],[-49.08882,-26.87096],[-49.08868,-26.87088],[-49.08864,-26.87082],[-49.0886,-26.87073],[-49.08858,-26.87027],[-49.08848,-26.86993],[-49.08837,-26.86971],[-49.08831,-26.86953],[-49.08821,-26.86885],[-49.08813,-26.86852],[-49.08808,-26.86824],[-49.0881,-26.86809],[-49.08814,-26.86796],[-49.08816,-26.86772],[-49.08813,-26.86766],[-49.08809,-26.86762],[-49.08799,-26.86758],[-49.08788,-26.86757],[-49.08775,-26.86756],[-49.08769,-26.8676],[-49.08766,-26.86765],[-49.08759,-26.86817],[-49.08756,-26.86823],[-49.08751,-26.86827],[-49.08747,-26.8683],[-49.08741,-26.86832],[-49.08732,-26.86832],[-49.08727,-26.86829],[-49.08717,-26.86818],[-49.08698,-26.86789],[-49.08683,-26.86768],[-49.08674,-26.86757],[-49.08658,-26.86725],[-49.08644,-26.86703],[-49.08638,-26.86698],[-49.08633,-26.86697],[-49.08626,-26.86699],[-49.08617,-26.86707],[-49.08609,-26.86719],[-49.08603,-26.86735],[-49.08592,-26.86764],[-49.08584,-26.86776],[-49.08578,-26.86784],[-49.08566,-26.86794],[-49.08559,-26.86795],[-49.08555,-26.86793],[-49.08544,-26.86786],[-49.0854,-26.86782],[-49.08538,-26.86776],[-49.08533,-26.86705],[-49.08529,-26.86692],[-49.08523,-26.86685],[-49.08515,-26.8668],[-49.08499,-26.8668],[-49.08487,-26.86686],[-49.08463,-26.867],[-49.08447,-26.86706],[-49.08425,-26.86703],[-49.08414,-26.86698],[-49.08407,-26.86689],[-49.08406,-26.86685],[-49.08407,-26.86667],[-49.08413,-26.8664],[-49.08418,-26.86626],[-49.08432,-26.86607],[-49.08439,-26.86583],[-49.08438,-26.8658],[-49.08431,-26.86574],[-49.08421,-26.86573],[-49.08413,-26.86575],[-49.08394,-26.86588],[-49.08372,-26.86606],[-49.08351,-26.86611],[-49.08334,-26.86605],[-49.08327,-26.86603],[-49.08317,-26.86595],[-49.08314,-26.86586],[-49.08315,-26.86579],[-49.0832,-26.86571],[-49.08332,-26.86543],[-49.08334,-26.86531],[-49.08328,-26.86513],[-49.0832,-26.86495],[-49.08314,-26.86479],[-49.08314,-26.86465],[-49.08324,-26.8645],[-49.08342,-26.86427],[-49.08351,-26.86423],[-49.08358,-26.86418],[-49.08368,-26.86401],[-49.08377,-26.86393],[-49.08401,-26.86363],[-49.08413,-26.86343],[-49.08419,-26.86336],[-49.08426,-26.86292],[-49.08423,-26.86284],[-49.08412,-26.86276],[-49.08397,-26.8627],[-49.08383,-26.86269],[-49.08369,-26.86273],[-49.08359,-26.86276],[-49.08354,-26.86275],[-49.08352,-26.86271],[-49.08349,-26.86268],[-49.08353,-26.86246],[-49.08357,-26.86224],[-49.0836,-26.86216],[-49.08361,-26.86215],[-49.08387,-26.86223],[-49.08495,-26.86255],[-49.08539,-26.8627],[-49.0861,-26.86285],[-49.0864,-26.86291],[-49.08673,-26.86297],[-49.08709,-26.86299],[-49.08722,-26.863],[-49.08791,-26.86299],[-49.08843,-26.86295],[-49.08893,-26.86289],[-49.08897,-26.86288],[-49.08905,-26.86287],[-49.08944,-26.86281],[-49.08976,-26.86278],[-49.09063,-26.86267],[-49.09092,-26.86263],[-49.09106,-26.86262],[-49.09137,-26.86258],[-49.09182,-26.86252],[-49.09204,-26.86249],[-49.09206,-26.86249],[-49.09215,-26.86248],[-49.09227,-26.86246],[-49.09274,-26.8624],[-49.09282,-26.86239],[-49.09302,-26.86237],[-49.09345,-26.86231],[-49.094,-26.86225],[-49.09438,-26.86224],[-49.09472,-26.86225],[-49.09506,-26.86228],[-49.09542,-26.86236],[-49.09562,-26.86242],[-49.09588,-26.86252],[-49.09611,-26.86262],[-49.09632,-26.86273],[-49.09657,-26.86288],[-49.09686,-26.86309],[-49.09834,-26.86428],[-49.09845,-26.86437],[-49.09863,-26.8645],[-49.09897,-26.8648],[-49.09912,-26.86492],[-49.09916,-26.86494],[-49.09921,-26.86492],[-49.09925,-26.86483],[-49.09932,-26.86477],[-49.09949,-26.86474],[-49.10024,-26.86482],[-49.1005,-26.86487],[-49.10139,-26.86483],[-49.10168,-26.86486],[-49.10182,-26.86484],[-49.10226,-26.86472],[-49.10257,-26.86478],[-49.1028,-26.86479],[-49.10328,-26.86489],[-49.10393,-26.86497],[-49.10421,-26.86493],[-49.10431,-26.86488],[-49.10437,-26.86479],[-49.10434,-26.86465],[-49.1043,-26.86439],[-49.10428,-26.86412],[-49.10426,-26.86368],[-49.10428,-26.86352],[-49.10438,-26.86321],[-49.10437,-26.8631],[-49.10438,-26.8629],[-49.10442,-26.86267],[-49.10457,-26.8625],[-49.10484,-26.86242],[-49.10489,-26.8624],[-49.10516,-26.86224],[-49.10518,-26.86221],[-49.10533,-26.86199],[-49.10545,-26.86164],[-49.10547,-26.86136],[-49.10553,-26.86137],[-49.10607,-26.86136],[-49.10673,-26.86138],[-49.10738,-26.86137],[-49.10757,-26.86132],[-49.10771,-26.86133],[-49.10799,-26.86145],[-49.10816,-26.86151],[-49.10825,-26.86152],[-49.10859,-26.86162],[-49.10865,-26.86164],[-49.109,-26.86174],[-49.10909,-26.86176],[-49.10962,-26.86189],[-49.10985,-26.86194],[-49.10999,-26.862],[-49.11022,-26.86215],[-49.11027,-26.86221],[-49.11031,-26.86225],[-49.11043,-26.86233],[-49.11089,-26.86245],[-49.11109,-26.86249],[-49.11132,-26.86256],[-49.11163,-26.86263],[-49.11195,-26.86276],[-49.11215,-26.86287],[-49.11262,-26.86309],[-49.11272,-26.86314],[-49.11284,-26.86319],[-49.113,-26.86327],[-49.11316,-26.86332],[-49.11373,-26.86339],[-49.11403,-26.86344],[-49.11461,-26.8636],[-49.11493,-26.86364],[-49.11502,-26.86365],[-49.11513,-26.86362],[-49.11558,-26.86347],[-49.11588,-26.86344],[-49.11684,-26.86354],[-49.11788,-26.8636],[-49.11902,-26.86375],[-49.11935,-26.86386],[-49.11946,-26.86393],[-49.11951,-26.86397],[-49.11959,-26.86403],[-49.11994,-26.86414],[-49.12009,-26.86418],[-49.12031,-26.86418],[-49.12039,-26.86418],[-49.12107,-26.86415],[-49.12171,-26.86415],[-49.12188,-26.86418],[-49.12229,-26.8642],[-49.12389,-26.86394],[-49.12408,-26.86478],[-49.1242,-26.86483],[-49.12431,-26.8649],[-49.1245,-26.86497],[-49.12475,-26.86503],[-49.12492,-26.8651],[-49.12519,-26.86526],[-49.12527,-26.86534],[-49.1256,-26.86552],[-49.12566,-26.86553],[-49.12576,-26.86564],[-49.12582,-26.86575],[-49.12598,-26.86592],[-49.12631,-26.86622],[-49.12653,-26.86636],[-49.12685,-26.86653],[-49.12695,-26.86656],[-49.12723,-26.86661],[-49.1273,-26.86664],[-49.12746,-26.86672],[-49.12761,-26.86676],[-49.12771,-26.86684],[-49.12808,-26.86719],[-49.12821,-26.86735],[-49.12842,-26.86755],[-49.12853,-26.86769],[-49.12859,-26.86785],[-49.12889,-26.8684],[-49.12892,-26.8685],[-49.12897,-26.86857],[-49.12898,-26.86877],[-49.12893,-26.86891],[-49.12891,-26.86892]]]}},{"type":"Feature","properties":{"bairro":"NOVA ESPERANCA","codigo":"24"},"geometry":{"type":"Polygon","coordinates":[[[-49.06254,-26.88571],[-49.06214,-26.88584],[-49.06197,-26.88592],[-49.0618,-26.88597],[-49.06166,-26.88606],[-49.06139,-26.88616],[-49.06134,-26.88622],[-49.06125,-26.88637],[-49.06112,-26.88646],[-49.0611,-26.88662],[-49.06101,-26.88681],[-49.06095,-26.88688],[-49.0609,-26.88691],[-49.06082,-26.88693],[-49.06056,-26.88693],[-49.06035,-26.88695],[-49.06029,-26.88697],[-49.06021,-26.88704],[-49.06021,-26.88707],[-49.06022,-26.88717],[-49.06021,-26.8872],[-49.06019,-26.88725],[-49.06001,-26.8876],[-49.05998,-26.88767],[-49.05993,-26.88799],[-49.05994,-26.88823],[-49.05989,-26.88845],[-49.05982,-26.88888],[-49.05955,-26.88942],[-49.06,-26.88959],[-49.0603,-26.88966],[-49.06031,-26.88966],[-49.06033,-26.88969],[-49.06041,-26.88989],[-49.06043,-26.89003],[-49.06043,-26.89007],[-49.06042,-26.8905],[-49.06039,-26.89082],[-49.0604,-26.89106],[-49.06032,-26.89131],[-49.06028,-26.89137],[-49.06028,-26.8915],[-49.06037,-26.89173],[-49.06045,-26.89227],[-49.06044,-26.8923],[-49.06034,-26.89231],[-49.06027,-26.89234],[-49.06024,-26.89238],[-49.06021,-26.89244],[-49.06023,-26.89259],[-49.06032,-26.89282],[-49.06033,-26.89299],[-49.06032,-26.89319],[-49.06037,-26.89346],[-49.06043,-26.89366],[-49.06047,-26.89385],[-49.06052,-26.89392],[-49.06059,-26.89424],[-49.06063,-26.89448],[-49.06069,-26.89461],[-49.0604,-26.89466],[-49.05962,-26.89497],[-49.05946,-26.89534],[-49.05928,-26.89523],[-49.05833,-26.89453],[-49.05808,-26.8945],[-49.05789,-26.89444],[-49.05783,-26.89445],[-49.05762,-26.89437],[-49.0574,-26.89441],[-49.05696,-26.89453],[-49.05649,-26.89471],[-49.05639,-26.89477],[-49.05613,-26.89482],[-49.05599,-26.89488],[-49.05575,-26.8951],[-49.05569,-26.89524],[-49.05563,-26.89532],[-49.05551,-26.89538],[-49.05546,-26.89541],[-49.05542,-26.89543],[-49.05526,-26.89546],[-49.05512,-26.89551],[-49.05505,-26.89555],[-49.05494,-26.89558],[-49.05478,-26.89559],[-49.05419,-26.89568],[-49.05401,-26.89566],[-49.0538,-26.89562],[-49.0536,-26.8955],[-49.0535,-26.89541],[-49.05344,-26.89537],[-49.05254,-26.89476],[-49.05189,-26.89424],[-49.05161,-26.89406],[-49.05133,-26.89397],[-49.05109,-26.89387],[-49.05096,-26.89379],[-49.05094,-26.89372],[-49.0509,-26.89373],[-49.05081,-26.89373],[-49.05076,-26.89377],[-49.05065,-26.89378],[-49.05051,-26.89374],[-49.05042,-26.89374],[-49.05029,-26.89371],[-49.0502,-26.89367],[-49.0502,-26.89361],[-49.05021,-26.89357],[-49.05021,-26.89355],[-49.04983,-26.89319],[-49.04981,-26.89317],[-49.04972,-26.8931],[-49.04973,-26.89309],[-49.04969,-26.89304],[-49.04954,-26.89291],[-49.04949,-26.89284],[-49.04949,-26.89277],[-49.04941,-26.89275],[-49.04938,-26.89271],[-49.04878,-26.89272],[-49.04838,-26.8928],[-49.04768,-26.8929],[-49.0476,-26.89291],[-49.04737,-26.89291],[-49.0473,-26.89289],[-49.04724,-26.89284],[-49.0471,-26.89268],[-49.04708,-26.89264],[-49.04705,-26.8923],[-49.04711,-26.89209],[-49.04707,-26.89166],[-49.04708,-26.89155],[-49.04712,-26.89145],[-49.04718,-26.89136],[-49.04727,-26.89128],[-49.04738,-26.89125],[-49.04754,-26.89117],[-49.04765,-26.89115],[-49.04791,-26.89117],[-49.04798,-26.89117],[-49.04814,-26.89117],[-49.04838,-26.89118],[-49.04846,-26.89115],[-49.0485,-26.89107],[-49.0485,-26.89096],[-49.04852,-26.89091],[-49.04846,-26.89077],[-49.04794,-26.88999],[-49.04779,-26.88967],[-49.04768,-26.88952],[-49.04757,-26.88943],[-49.04743,-26.88936],[-49.04744,-26.88934],[-49.04743,-26.88931],[-49.04737,-26.88913],[-49.04719,-26.88884],[-49.04716,-26.8888],[-49.04692,-26.88864],[-49.04685,-26.88855],[-49.04685,-26.88839],[-49.04697,-26.88815],[-49.047,-26.88804],[-49.04698,-26.88799],[-49.04691,-26.8879],[-49.04678,-26.88779],[-49.04667,-26.88775],[-49.04656,-26.88774],[-49.04623,-26.88795],[-49.04615,-26.88798],[-49.04589,-26.88801],[-49.04548,-26.88813],[-49.04543,-26.88812],[-49.04547,-26.88806],[-49.04555,-26.88786],[-49.04565,-26.88774],[-49.04568,-26.88766],[-49.04566,-26.88761],[-49.0455,-26.88744],[-49.04545,-26.88729],[-49.0454,-26.88721],[-49.04532,-26.88715],[-49.04492,-26.88704],[-49.04488,-26.887],[-49.04491,-26.88684],[-49.04485,-26.88672],[-49.0447,-26.88668],[-49.04455,-26.88661],[-49.04402,-26.8866],[-49.04399,-26.88661],[-49.04394,-26.88664],[-49.04381,-26.88682],[-49.04367,-26.88692],[-49.04355,-26.88697],[-49.04331,-26.88699],[-49.04296,-26.88695],[-49.04278,-26.88696],[-49.04277,-26.88695],[-49.04281,-26.88692],[-49.04293,-26.88674],[-49.04332,-26.88639],[-49.04356,-26.88616],[-49.04364,-26.8861],[-49.04368,-26.88608],[-49.04397,-26.88595],[-49.04403,-26.88589],[-49.04402,-26.88585],[-49.04396,-26.88583],[-49.04391,-26.88583],[-49.0439,-26.88579],[-49.04388,-26.88577],[-49.04372,-26.88573],[-49.04365,-26.88573],[-49.04333,-26.88581],[-49.04323,-26.88581],[-49.04318,-26.88579],[-49.04304,-26.88579],[-49.04274,-26.8858],[-49.04248,-26.88589],[-49.04239,-26.88586],[-49.04234,-26.8858],[-49.04234,-26.88576],[-49.04237,-26.88572],[-49.04257,-26.8856],[-49.04264,-26.88552],[-49.04267,-26.88547],[-49.04271,-26.8853],[-49.0427,-26.8852],[-49.04268,-26.88515],[-49.04246,-26.88496],[-49.04241,-26.8849],[-49.04238,-26.88484],[-49.04234,-26.88475],[-49.04238,-26.88455],[-49.04238,-26.8845],[-49.04252,-26.8845],[-49.04275,-26.88444],[-49.04299,-26.8844],[-49.04311,-26.8844],[-49.04335,-26.88446],[-49.04382,-26.88454],[-49.04418,-26.88453],[-49.04443,-26.88447],[-49.04452,-26.88444],[-49.04481,-26.88435],[-49.04493,-26.88428],[-49.04498,-26.88416],[-49.04499,-26.88398],[-49.04496,-26.88378],[-49.04489,-26.88366],[-49.0449,-26.88358],[-49.04488,-26.88353],[-49.0448,-26.88347],[-49.04464,-26.88344],[-49.04456,-26.88344],[-49.04449,-26.88343],[-49.04444,-26.88344],[-49.04433,-26.88353],[-49.04427,-26.88357],[-49.04418,-26.88363],[-49.04406,-26.88364],[-49.04398,-26.88364],[-49.04388,-26.88363],[-49.04366,-26.88356],[-49.04345,-26.88349],[-49.04341,-26.88349],[-49.04347,-26.88335],[-49.04354,-26.88325],[-49.04389,-26.88288],[-49.04394,-26.88278],[-49.04394,-26.88274],[-49.04394,-26.88272],[-49.04389,-26.88269],[-49.04385,-26.8827],[-49.0438,-26.88272],[-49.04372,-26.88274],[-49.04367,-26.88275],[-49.04359,-26.88277],[-49.04355,-26.88278],[-49.04344,-26.8828],[-49.04341,-26.88281],[-49.04338,-26.88281],[-49.04332,-26.88282],[-49.0433,-26.88277],[-49.04322,-26.8827],[-49.04311,-26.88266],[-49.04281,-26.8826],[-49.04227,-26.88236],[-49.0422,-26.88235],[-49.04214,-26.88237],[-49.04202,-26.88247],[-49.04196,-26.8825],[-49.04166,-26.88263],[-49.04137,-26.88272],[-49.04119,-26.88278],[-49.04099,-26.88279],[-49.0409,-26.88275],[-49.0409,-26.88264],[-49.04092,-26.88259],[-49.04099,-26.8825],[-49.04114,-26.88236],[-49.04132,-26.88214],[-49.04136,-26.88202],[-49.04136,-26.88198],[-49.04134,-26.88193],[-49.04114,-26.88181],[-49.04113,-26.88173],[-49.04119,-26.88161],[-49.04138,-26.88143],[-49.04149,-26.88136],[-49.04172,-26.88128],[-49.04189,-26.88125],[-49.04202,-26.88124],[-49.04236,-26.88121],[-49.04247,-26.88118],[-49.04255,-26.88117],[-49.04295,-26.88112],[-49.04306,-26.88106],[-49.04309,-26.88103],[-49.04311,-26.88088],[-49.04319,-26.88088],[-49.04322,-26.88079],[-49.04315,-26.88063],[-49.04311,-26.88059],[-49.043,-26.88052],[-49.0429,-26.88035],[-49.04286,-26.88031],[-49.04274,-26.88022],[-49.04276,-26.88019],[-49.04273,-26.88017],[-49.04269,-26.88015],[-49.04267,-26.88017],[-49.04263,-26.88015],[-49.04266,-26.8801],[-49.04262,-26.88005],[-49.04264,-26.88002],[-49.04259,-26.87998],[-49.0426,-26.87992],[-49.04257,-26.87989],[-49.0425,-26.87973],[-49.04248,-26.87972],[-49.04249,-26.8797],[-49.04236,-26.87962],[-49.04207,-26.87957],[-49.04169,-26.87958],[-49.04314,-26.8785],[-49.04317,-26.87847],[-49.04346,-26.87823],[-49.0435,-26.87822],[-49.04356,-26.87815],[-49.04371,-26.87806],[-49.04386,-26.8779],[-49.04406,-26.87777],[-49.04416,-26.87781],[-49.04438,-26.87802],[-49.04464,-26.87823],[-49.0449,-26.87842],[-49.04526,-26.87851],[-49.04554,-26.87863],[-49.04563,-26.87866],[-49.04595,-26.87879],[-49.04643,-26.87906],[-49.04651,-26.8791],[-49.04681,-26.87927],[-49.04705,-26.87946],[-49.0471,-26.87951],[-49.04721,-26.8796],[-49.04724,-26.87969],[-49.04724,-26.8798],[-49.04723,-26.87986],[-49.04726,-26.87997],[-49.04725,-26.88009],[-49.04724,-26.88013],[-49.04723,-26.88017],[-49.04714,-26.88028],[-49.0471,-26.88033],[-49.04694,-26.88049],[-49.04691,-26.88053],[-49.04687,-26.88059],[-49.04684,-26.88083],[-49.04684,-26.88108],[-49.04685,-26.88113],[-49.04686,-26.88124],[-49.04687,-26.88129],[-49.04687,-26.88134],[-49.04687,-26.88138],[-49.04692,-26.88179],[-49.04705,-26.88207],[-49.04707,-26.88211],[-49.04715,-26.88226],[-49.04729,-26.88265],[-49.04752,-26.88315],[-49.04758,-26.88323],[-49.04764,-26.88337],[-49.04765,-26.88342],[-49.04762,-26.88357],[-49.0477,-26.88362],[-49.04775,-26.88367],[-49.04778,-26.88374],[-49.04791,-26.88375],[-49.04815,-26.88381],[-49.04823,-26.88383],[-49.04846,-26.88393],[-49.04853,-26.88396],[-49.0487,-26.88402],[-49.04881,-26.88406],[-49.04919,-26.88417],[-49.04928,-26.88419],[-49.0495,-26.88425],[-49.04958,-26.88428],[-49.04988,-26.88438],[-49.04995,-26.8844],[-49.05037,-26.88453],[-49.05045,-26.88455],[-49.05048,-26.88456],[-49.05071,-26.88471],[-49.05073,-26.88473],[-49.05078,-26.88478],[-49.05082,-26.88487],[-49.05092,-26.88523],[-49.05103,-26.8855],[-49.05105,-26.88553],[-49.05119,-26.8857],[-49.05119,-26.88571],[-49.0512,-26.88573],[-49.05122,-26.88577],[-49.05128,-26.88581],[-49.05134,-26.88585],[-49.0514,-26.88587],[-49.05152,-26.88587],[-49.05172,-26.88585],[-49.05188,-26.88582],[-49.05194,-26.8858],[-49.05213,-26.88573],[-49.05226,-26.88563],[-49.0525,-26.88552],[-49.05268,-26.88548],[-49.05276,-26.88544],[-49.05293,-26.88539],[-49.05334,-26.8853],[-49.05354,-26.88523],[-49.05359,-26.88522],[-49.05368,-26.8852],[-49.05388,-26.88513],[-49.05423,-26.88508],[-49.05427,-26.88505],[-49.05435,-26.88502],[-49.05465,-26.885],[-49.05506,-26.88501],[-49.05522,-26.88498],[-49.05527,-26.88497],[-49.05528,-26.88497],[-49.05537,-26.88495],[-49.05555,-26.88493],[-49.05568,-26.88495],[-49.05593,-26.88506],[-49.05606,-26.88509],[-49.05609,-26.8851],[-49.05668,-26.88525],[-49.05677,-26.88531],[-49.0568,-26.88537],[-49.05685,-26.88539],[-49.057,-26.88538],[-49.05723,-26.8853],[-49.05743,-26.88497],[-49.05752,-26.88484],[-49.05776,-26.8846],[-49.05795,-26.88445],[-49.05803,-26.88427],[-49.05821,-26.8841],[-49.05827,-26.88407],[-49.05853,-26.88399],[-49.05866,-26.88393],[-49.05894,-26.88386],[-49.05902,-26.88382],[-49.05919,-26.88378],[-49.05921,-26.88372],[-49.05927,-26.8837],[-49.05933,-26.88369],[-49.05947,-26.88366],[-49.05966,-26.88368],[-49.05973,-26.88368],[-49.06003,-26.88367],[-49.06031,-26.88361],[-49.06054,-26.88348],[-49.06066,-26.8836],[-49.06077,-26.8837],[-49.06083,-26.88374],[-49.06088,-26.88377],[-49.06093,-26.8838],[-49.06106,-26.88391],[-49.06112,-26.88396],[-49.06118,-26.88401],[-49.06128,-26.88409],[-49.06131,-26.88412],[-49.06136,-26.88416],[-49.06154,-26.88431],[-49.06158,-26.88435],[-49.06164,-26.8844],[-49.06169,-26.88444],[-49.0618,-26.88454],[-49.06186,-26.88459],[-49.06189,-26.88461],[-49.06202,-26.8847],[-49.0621,-26.88476],[-49.06222,-26.8849],[-49.06232,-26.88504],[-49.06242,-26.88534],[-49.06244,-26.88538],[-49.06249,-26.88555],[-49.06251,-26.88562],[-49.06252,-26.88567],[-49.06254,-26.88571]]]}},{"type":"Feature","properties":{"bairro":"CENTRO","codigo":"2"},"geometry":{"type":"Polygon","coordinates":[[[-49.08278,-26.9127],[-49.08225,-26.91362],[-49.08221,-26.91368],[-49.08212,-26.91383],[-49.0821,-26.91387],[-49.08197,-26.91409],[-49.08194,-26.91413],[-49.0819,-26.9142],[-49.08185,-26.91428],[-49.08163,-26.91466],[-49.08159,-26.91473],[-49.08137,-26.91511],[-49.0813,-26.91524],[-49.08119,-26.91544],[-49.08116,-26.91542],[-49.08111,-26.9154],[-49.08103,-26.91537],[-49.08097,-26.91535],[-49.08075,-26.91525],[-49.08068,-26.91539],[-49.08065,-26.91545],[-49.08057,-26.91561],[-49.0805,-26.91574],[-49.08042,-26.9159],[-49.08037,-26.91599],[-49.07985,-26.91701],[-49.07992,-26.91706],[-49.08003,-26.9171],[-49.08015,-26.91712],[-49.08037,-26.91721],[-49.08054,-26.91721],[-49.08071,-26.91715],[-49.08082,-26.9171],[-49.08092,-26.9171],[-49.08097,-26.91712],[-49.08105,-26.91719],[-49.08107,-26.91724],[-49.08107,-26.91732],[-49.08107,-26.91737],[-49.08105,-26.91746],[-49.08102,-26.9175],[-49.08063,-26.91776],[-49.08055,-26.91784],[-49.08044,-26.91797],[-49.08035,-26.91804],[-49.08023,-26.91822],[-49.08016,-26.91837],[-49.08013,-26.91853],[-49.08015,-26.91864],[-49.08023,-26.91871],[-49.08033,-26.91876],[-49.0807,-26.91886],[-49.08074,-26.9189],[-49.08075,-26.91895],[-49.08068,-26.919],[-49.08056,-26.91902],[-49.08027,-26.91899],[-49.07985,-26.91901],[-49.07976,-26.91902],[-49.07967,-26.91908],[-49.07952,-26.91915],[-49.07945,-26.91924],[-49.07938,-26.91928],[-49.07936,-26.91932],[-49.07931,-26.91936],[-49.07923,-26.91949],[-49.0792,-26.91956],[-49.0792,-26.91967],[-49.07921,-26.91973],[-49.07928,-26.9198],[-49.07917,-26.92015],[-49.07907,-26.92047],[-49.07898,-26.92063],[-49.07961,-26.92075],[-49.08022,-26.92104],[-49.08051,-26.92126],[-49.08065,-26.92145],[-49.08063,-26.9215],[-49.0806,-26.92154],[-49.08035,-26.92199],[-49.08034,-26.922],[-49.08032,-26.92204],[-49.08008,-26.92243],[-49.07996,-26.92258],[-49.07934,-26.92298],[-49.07904,-26.92294],[-49.07774,-26.92257],[-49.07669,-26.92242],[-49.0763,-26.92246],[-49.0754,-26.92277],[-49.07491,-26.92291],[-49.07471,-26.9229],[-49.07467,-26.92291],[-49.07462,-26.92292],[-49.07455,-26.92296],[-49.07388,-26.92285],[-49.07329,-26.92268],[-49.07263,-26.92252],[-49.07249,-26.9225],[-49.07226,-26.92249],[-49.07218,-26.9225],[-49.07205,-26.92254],[-49.07176,-26.92261],[-49.07132,-26.92267],[-49.07095,-26.92267],[-49.07076,-26.92265],[-49.0705,-26.92265],[-49.07007,-26.92268],[-49.06957,-26.9226],[-49.0694,-26.92259],[-49.06921,-26.92254],[-49.06905,-26.92254],[-49.06887,-26.92257],[-49.06871,-26.92271],[-49.06832,-26.92319],[-49.06823,-26.92346],[-49.06798,-26.92373],[-49.06774,-26.92414],[-49.06763,-26.92423],[-49.06754,-26.92424],[-49.06723,-26.92416],[-49.06712,-26.92411],[-49.06702,-26.92409],[-49.06691,-26.9241],[-49.06659,-26.92416],[-49.06603,-26.92435],[-49.06588,-26.92442],[-49.06561,-26.9245],[-49.0654,-26.92438],[-49.06539,-26.92438],[-49.0653,-26.92433],[-49.0653,-26.92432],[-49.06489,-26.92408],[-49.06485,-26.92406],[-49.06469,-26.92396],[-49.06465,-26.92394],[-49.06446,-26.92382],[-49.06421,-26.92393],[-49.06414,-26.92396],[-49.06406,-26.92399],[-49.06399,-26.92402],[-49.0634,-26.92428],[-49.06334,-26.92431],[-49.06285,-26.92452],[-49.06268,-26.92456],[-49.0626,-26.92458],[-49.06238,-26.92463],[-49.06224,-26.92465],[-49.0621,-26.92469],[-49.06205,-26.9247],[-49.06154,-26.92482],[-49.06141,-26.92484],[-49.06119,-26.92489],[-49.0611,-26.92491],[-49.06056,-26.92503],[-49.06045,-26.92506],[-49.06027,-26.9251],[-49.06019,-26.92512],[-49.05992,-26.92518],[-49.05983,-26.92519],[-49.05935,-26.92527],[-49.05922,-26.92511],[-49.0591,-26.92494],[-49.05901,-26.92474],[-49.05888,-26.92458],[-49.05885,-26.92454],[-49.05877,-26.92447],[-49.05838,-26.92447],[-49.05837,-26.92447],[-49.05811,-26.92446],[-49.05799,-26.92443],[-49.05757,-26.92445],[-49.05721,-26.92444],[-49.05699,-26.92441],[-49.05698,-26.92441],[-49.05685,-26.92435],[-49.05681,-26.92432],[-49.05679,-26.92431],[-49.05665,-26.92414],[-49.05661,-26.92403],[-49.05659,-26.92388],[-49.0566,-26.92362],[-49.05649,-26.92366],[-49.05628,-26.92383],[-49.05615,-26.92392],[-49.05605,-26.92392],[-49.05576,-26.92385],[-49.05569,-26.92386],[-49.05556,-26.92385],[-49.05538,-26.92391],[-49.05526,-26.92396],[-49.05522,-26.92396],[-49.05515,-26.92398],[-49.05493,-26.92399],[-49.05487,-26.92401],[-49.05433,-26.92336],[-49.05422,-26.92333],[-49.05411,-26.92332],[-49.05398,-26.92337],[-49.05372,-26.92355],[-49.05364,-26.92358],[-49.0535,-26.92357],[-49.05338,-26.92358],[-49.05302,-26.92366],[-49.05285,-26.92372],[-49.05254,-26.92376],[-49.05206,-26.92378],[-49.05205,-26.92375],[-49.05196,-26.92365],[-49.05169,-26.92349],[-49.05139,-26.92327],[-49.05123,-26.92316],[-49.05096,-26.92304],[-49.05081,-26.92294],[-49.05063,-26.92286],[-49.05061,-26.92285],[-49.05036,-26.92276],[-49.05016,-26.92275],[-49.05006,-26.92273],[-49.04989,-26.92263],[-49.04987,-26.92259],[-49.04987,-26.92241],[-49.04999,-26.92212],[-49.05003,-26.92181],[-49.05002,-26.9215],[-49.05004,-26.92141],[-49.04996,-26.9212],[-49.05008,-26.92122],[-49.05059,-26.92121],[-49.05094,-26.92126],[-49.05109,-26.92127],[-49.05123,-26.92123],[-49.05131,-26.92118],[-49.05145,-26.92099],[-49.05147,-26.9209],[-49.05153,-26.92095],[-49.05172,-26.9211],[-49.05184,-26.92118],[-49.05202,-26.92125],[-49.05233,-26.92126],[-49.05252,-26.92122],[-49.05271,-26.92115],[-49.05279,-26.92104],[-49.05281,-26.92095],[-49.05277,-26.92087],[-49.05264,-26.92074],[-49.0526,-26.92066],[-49.05258,-26.92053],[-49.05259,-26.92035],[-49.05261,-26.92026],[-49.05265,-26.9202],[-49.05246,-26.92006],[-49.05257,-26.91993],[-49.05272,-26.91981],[-49.05276,-26.91979],[-49.05296,-26.91975],[-49.05329,-26.91965],[-49.05355,-26.91956],[-49.05362,-26.91953],[-49.05371,-26.91951],[-49.05379,-26.91945],[-49.05382,-26.91937],[-49.05386,-26.91943],[-49.05396,-26.9195],[-49.05424,-26.91967],[-49.0545,-26.91971],[-49.05464,-26.91971],[-49.05491,-26.91979],[-49.05504,-26.91981],[-49.05677,-26.91985],[-49.05722,-26.92029],[-49.05787,-26.92118],[-49.05811,-26.92104],[-49.05844,-26.92079],[-49.05884,-26.9206],[-49.05941,-26.92029],[-49.05945,-26.92045],[-49.05999,-26.92097],[-49.06011,-26.92103],[-49.06057,-26.92109],[-49.06137,-26.92097],[-49.06154,-26.92091],[-49.06252,-26.92039],[-49.06313,-26.91993],[-49.06354,-26.91963],[-49.06416,-26.91924],[-49.06479,-26.91876],[-49.06534,-26.91826],[-49.06538,-26.91822],[-49.0657,-26.91792],[-49.06633,-26.91714],[-49.06652,-26.91688],[-49.06697,-26.91615],[-49.06738,-26.91519],[-49.06796,-26.9133],[-49.06866,-26.91309],[-49.06911,-26.91295],[-49.06956,-26.91265],[-49.06964,-26.91266],[-49.06967,-26.91269],[-49.0697,-26.91272],[-49.06983,-26.91283],[-49.07007,-26.91321],[-49.07033,-26.91355],[-49.07042,-26.91371],[-49.07055,-26.91386],[-49.07092,-26.91408],[-49.071,-26.9141],[-49.07108,-26.91411],[-49.07113,-26.91409],[-49.07124,-26.91404],[-49.07139,-26.91398],[-49.07143,-26.91394],[-49.07153,-26.91379],[-49.07161,-26.91376],[-49.07171,-26.91375],[-49.07181,-26.91377],[-49.07199,-26.91385],[-49.07214,-26.91395],[-49.07236,-26.91419],[-49.07248,-26.9142],[-49.07271,-26.91413],[-49.073,-26.9141],[-49.07322,-26.9141],[-49.07332,-26.91411],[-49.07353,-26.9141],[-49.07382,-26.91399],[-49.07427,-26.91379],[-49.07439,-26.91367],[-49.07447,-26.91357],[-49.07452,-26.9134],[-49.07461,-26.9132],[-49.0747,-26.91307],[-49.07478,-26.9129],[-49.0748,-26.9128],[-49.07479,-26.91272],[-49.07485,-26.91249],[-49.07484,-26.91243],[-49.07495,-26.91218],[-49.0751,-26.91206],[-49.07518,-26.91206],[-49.07534,-26.91208],[-49.07553,-26.9121],[-49.07623,-26.91216],[-49.07632,-26.91216],[-49.07638,-26.91216],[-49.07657,-26.91211],[-49.07673,-26.91206],[-49.07681,-26.91201],[-49.07698,-26.91181],[-49.07702,-26.91169],[-49.077,-26.91163],[-49.07673,-26.91141],[-49.07633,-26.9112],[-49.07609,-26.91118],[-49.076,-26.91113],[-49.07595,-26.91108],[-49.07592,-26.91101],[-49.07591,-26.91092],[-49.07597,-26.91081],[-49.07616,-26.91061],[-49.07626,-26.91054],[-49.07696,-26.9104],[-49.07707,-26.91035],[-49.0773,-26.91015],[-49.07743,-26.91004],[-49.0775,-26.90999],[-49.0777,-26.90991],[-49.078,-26.90982],[-49.07817,-26.9098],[-49.07837,-26.90982],[-49.07904,-26.90995],[-49.07912,-26.90996],[-49.08006,-26.91014],[-49.08032,-26.91024],[-49.08046,-26.91026],[-49.08085,-26.91026],[-49.08113,-26.91026],[-49.08122,-26.91032],[-49.08141,-26.91039],[-49.0815,-26.91041],[-49.08164,-26.9105],[-49.08167,-26.91052],[-49.08171,-26.91055],[-49.08172,-26.91055],[-49.08179,-26.9106],[-49.08183,-26.91067],[-49.0819,-26.91116],[-49.08196,-26.9114],[-49.08204,-26.91153],[-49.08223,-26.91177],[-49.08234,-26.91192],[-49.08253,-26.9122],[-49.08278,-26.9127]]]}},{"type":"Feature","properties":{"bairro":"FORTALEZA","codigo":"26"},"geometry":{"type":"Polygon","coordinates":[[[-49.08369,-26.86273],[-49.08383,-26.86269],[-49.08397,-26.8627],[-49.08412,-26.86276],[-49.08423,-26.86284],[-49.08426,-26.86292],[-49.08419,-26.86336],[-49.08413,-26.86343],[-49.08401,-26.86363],[-49.08377,-26.86393],[-49.08368,-26.86401],[-49.08358,-26.86418],[-49.08351,-26.86423],[-49.08342,-26.86427],[-49.08324,-26.8645],[-49.08314,-26.86465],[-49.08314,-26.86479],[-49.0832,-26.86495],[-49.08328,-26.86513],[-49.08334,-26.86531],[-49.08332,-26.86543],[-49.0832,-26.86571],[-49.08315,-26.86579],[-49.08314,-26.86586],[-49.08317,-26.86595],[-49.08327,-26.86603],[-49.08334,-26.86605],[-49.08328,-26.86617],[-49.08313,-26.86625],[-49.08301,-26.86635],[-49.08281,-26.8664],[-49.08257,-26.86641],[-49.08252,-26.86643],[-49.08244,-26.86651],[-49.08237,-26.86654],[-49.08225,-26.86657],[-49.08216,-26.8666],[-49.08209,-26.86665],[-49.08203,-26.8667],[-49.08197,-26.8668],[-49.08187,-26.86688],[-49.08174,-26.86711],[-49.08171,-26.86714],[-49.08163,-26.86733],[-49.08154,-26.86748],[-49.08153,-26.8675],[-49.08145,-26.86757],[-49.08135,-26.86762],[-49.08088,-26.86779],[-49.08068,-26.86791],[-49.08064,-26.86794],[-49.08047,-26.8681],[-49.0803,-26.86832],[-49.08026,-26.86836],[-49.08003,-26.86862],[-49.08001,-26.86861],[-49.07997,-26.86858],[-49.07988,-26.86852],[-49.0798,-26.86846],[-49.07959,-26.86834],[-49.07954,-26.86831],[-49.07951,-26.8683],[-49.07948,-26.86835],[-49.07942,-26.86851],[-49.07945,-26.86853],[-49.07942,-26.86861],[-49.07938,-26.86868],[-49.07933,-26.86872],[-49.07916,-26.8688],[-49.07911,-26.86888],[-49.07899,-26.86896],[-49.07879,-26.8692],[-49.07871,-26.86932],[-49.07874,-26.86945],[-49.07862,-26.86957],[-49.07853,-26.86958],[-49.07813,-26.86961],[-49.07805,-26.86962],[-49.078,-26.86963],[-49.07801,-26.8697],[-49.07801,-26.86972],[-49.07802,-26.86977],[-49.07803,-26.86986],[-49.07805,-26.87],[-49.07806,-26.87004],[-49.07807,-26.8701],[-49.07807,-26.87012],[-49.07798,-26.87027],[-49.07797,-26.87028],[-49.07779,-26.87045],[-49.07778,-26.87055],[-49.07779,-26.8707],[-49.07779,-26.87076],[-49.0778,-26.87106],[-49.0778,-26.8711],[-49.07781,-26.87139],[-49.07782,-26.87149],[-49.07782,-26.87156],[-49.07783,-26.87164],[-49.07783,-26.87169],[-49.07783,-26.87182],[-49.07783,-26.87189],[-49.07785,-26.87221],[-49.07785,-26.87225],[-49.07791,-26.87227],[-49.07793,-26.87251],[-49.07793,-26.87258],[-49.07796,-26.87285],[-49.07796,-26.8729],[-49.07794,-26.8729],[-49.07791,-26.87293],[-49.07794,-26.87319],[-49.07752,-26.87354],[-49.07732,-26.87367],[-49.07716,-26.8738],[-49.07706,-26.87399],[-49.077,-26.87418],[-49.07663,-26.87468],[-49.07653,-26.87479],[-49.07641,-26.87494],[-49.07635,-26.87499],[-49.07597,-26.87524],[-49.07593,-26.87531],[-49.07571,-26.87554],[-49.07561,-26.87575],[-49.07555,-26.87582],[-49.07553,-26.87594],[-49.07553,-26.876],[-49.07552,-26.87626],[-49.0755,-26.87631],[-49.07549,-26.87635],[-49.07545,-26.8764],[-49.07543,-26.87643],[-49.0754,-26.87647],[-49.07535,-26.87653],[-49.07517,-26.87674],[-49.07512,-26.87677],[-49.07507,-26.8768],[-49.07498,-26.87686],[-49.07491,-26.87692],[-49.07491,-26.87699],[-49.07499,-26.87745],[-49.07498,-26.87758],[-49.07485,-26.87783],[-49.07475,-26.87797],[-49.07463,-26.8781],[-49.0746,-26.87813],[-49.07445,-26.87824],[-49.07438,-26.87826],[-49.07407,-26.87825],[-49.07402,-26.87829],[-49.07383,-26.87861],[-49.07376,-26.87869],[-49.07374,-26.87871],[-49.07363,-26.87882],[-49.07352,-26.87902],[-49.07347,-26.87919],[-49.07341,-26.8795],[-49.07341,-26.87972],[-49.07341,-26.87976],[-49.07342,-26.87992],[-49.07347,-26.88005],[-49.07367,-26.88042],[-49.07366,-26.88064],[-49.07364,-26.88071],[-49.07346,-26.88089],[-49.07339,-26.881],[-49.07326,-26.8811],[-49.07308,-26.88135],[-49.07306,-26.88139],[-49.07304,-26.88141],[-49.073,-26.88147],[-49.07296,-26.88152],[-49.07292,-26.88154],[-49.07271,-26.88143],[-49.07262,-26.88141],[-49.07254,-26.8814],[-49.07236,-26.8814],[-49.07228,-26.88141],[-49.072,-26.88142],[-49.0717,-26.88143],[-49.07135,-26.88144],[-49.07121,-26.88144],[-49.0702,-26.88148],[-49.07001,-26.88149],[-49.06999,-26.88149],[-49.0699,-26.88149],[-49.06952,-26.8815],[-49.06926,-26.88152],[-49.06882,-26.88164],[-49.06799,-26.88202],[-49.06797,-26.88208],[-49.06798,-26.8823],[-49.06804,-26.88244],[-49.06808,-26.88291],[-49.06813,-26.88311],[-49.06812,-26.88316],[-49.06802,-26.88333],[-49.0679,-26.88349],[-49.06775,-26.88379],[-49.06771,-26.88387],[-49.06769,-26.88389],[-49.06764,-26.88397],[-49.06761,-26.88408],[-49.0675,-26.88429],[-49.0675,-26.88457],[-49.06742,-26.88481],[-49.0674,-26.885],[-49.0673,-26.88531],[-49.06724,-26.88539],[-49.06689,-26.88558],[-49.06687,-26.8856],[-49.06683,-26.88568],[-49.06674,-26.88576],[-49.0666,-26.8858],[-49.06644,-26.88588],[-49.06626,-26.88591],[-49.06606,-26.88591],[-49.06575,-26.88593],[-49.06563,-26.88596],[-49.06543,-26.88607],[-49.06511,-26.88626],[-49.06491,-26.88655],[-49.06483,-26.88662],[-49.06473,-26.8864],[-49.06464,-26.88632],[-49.06451,-26.88626],[-49.06431,-26.88622],[-49.06424,-26.88622],[-49.06405,-26.88619],[-49.06381,-26.8861],[-49.06339,-26.88588],[-49.06334,-26.88585],[-49.06325,-26.88574],[-49.063,-26.88575],[-49.06289,-26.88571],[-49.06283,-26.8857],[-49.06263,-26.88569],[-49.06254,-26.88571],[-49.06252,-26.88567],[-49.06251,-26.88562],[-49.06249,-26.88555],[-49.06244,-26.88538],[-49.06242,-26.88534],[-49.06232,-26.88504],[-49.06222,-26.8849],[-49.0621,-26.88476],[-49.06202,-26.8847],[-49.06189,-26.88461],[-49.06186,-26.88459],[-49.0618,-26.88454],[-49.06169,-26.88444],[-49.06164,-26.8844],[-49.06158,-26.88435],[-49.06154,-26.88431],[-49.06136,-26.88416],[-49.06131,-26.88412],[-49.06128,-26.88409],[-49.06118,-26.88401],[-49.06112,-26.88396],[-49.06106,-26.88391],[-49.06093,-26.8838],[-49.06088,-26.88377],[-49.06083,-26.88374],[-49.06077,-26.8837],[-49.06066,-26.8836],[-49.06054,-26.88348],[-49.06067,-26.88341],[-49.0611,-26.88313],[-49.06098,-26.88294],[-49.06106,-26.88281],[-49.06109,-26.8827],[-49.06111,-26.88242],[-49.06109,-26.88185],[-49.06116,-26.88161],[-49.06125,-26.88146],[-49.0613,-26.88129],[-49.06135,-26.8812],[-49.0611,-26.88091],[-49.06111,-26.88091],[-49.06123,-26.88082],[-49.06129,-26.88077],[-49.06137,-26.88071],[-49.06142,-26.88065],[-49.06156,-26.88049],[-49.06152,-26.88039],[-49.06133,-26.88017],[-49.06136,-26.88012],[-49.06157,-26.8799],[-49.0616,-26.87984],[-49.06161,-26.87977],[-49.06163,-26.87936],[-49.06163,-26.87918],[-49.06163,-26.87915],[-49.06163,-26.87913],[-49.06163,-26.87908],[-49.06162,-26.87866],[-49.06162,-26.87854],[-49.06162,-26.87847],[-49.06161,-26.87839],[-49.06161,-26.87811],[-49.06161,-26.87797],[-49.06161,-26.87789],[-49.0616,-26.87783],[-49.06158,-26.8773],[-49.06158,-26.87724],[-49.06156,-26.87712],[-49.06153,-26.87707],[-49.06149,-26.87705],[-49.06149,-26.87697],[-49.06148,-26.8769],[-49.06147,-26.87667],[-49.06147,-26.87663],[-49.06145,-26.87639],[-49.06144,-26.87635],[-49.06144,-26.87626],[-49.06143,-26.87621],[-49.06143,-26.87615],[-49.06142,-26.87609],[-49.06139,-26.87559],[-49.06139,-26.87553],[-49.06139,-26.87549],[-49.06139,-26.87548],[-49.06139,-26.87548],[-49.06138,-26.87533],[-49.06136,-26.87506],[-49.06128,-26.87506],[-49.06116,-26.87507],[-49.06102,-26.87508],[-49.06058,-26.87511],[-49.0604,-26.87512],[-49.06003,-26.87513],[-49.05989,-26.87513],[-49.0598,-26.87513],[-49.0598,-26.87511],[-49.0598,-26.87506],[-49.05977,-26.87486],[-49.05981,-26.87476],[-49.05982,-26.8746],[-49.05982,-26.87455],[-49.05981,-26.87436],[-49.05982,-26.87419],[-49.05979,-26.87393],[-49.05978,-26.87389],[-49.05964,-26.87387],[-49.05939,-26.87382],[-49.05918,-26.87379],[-49.0589,-26.87374],[-49.0588,-26.87371],[-49.05862,-26.87367],[-49.05849,-26.87361],[-49.05842,-26.87361],[-49.05834,-26.87363],[-49.05793,-26.87366],[-49.05793,-26.87361],[-49.05793,-26.87351],[-49.05793,-26.87347],[-49.05794,-26.87305],[-49.05795,-26.87293],[-49.05796,-26.87254],[-49.05791,-26.87177],[-49.05789,-26.87159],[-49.0579,-26.87151],[-49.0579,-26.87147],[-49.0579,-26.8714],[-49.0579,-26.87135],[-49.05791,-26.87126],[-49.05791,-26.87124],[-49.05788,-26.87124],[-49.05775,-26.87124],[-49.05767,-26.87123],[-49.05744,-26.87129],[-49.05678,-26.87132],[-49.05651,-26.87136],[-49.0564,-26.87135],[-49.05632,-26.8713],[-49.05627,-26.87127],[-49.05616,-26.87122],[-49.05599,-26.87113],[-49.05588,-26.87105],[-49.05587,-26.87079],[-49.05587,-26.87073],[-49.05581,-26.8697],[-49.05581,-26.86965],[-49.0558,-26.86942],[-49.05579,-26.8693],[-49.05575,-26.86835],[-49.05574,-26.86825],[-49.05572,-26.86762],[-49.05575,-26.86742],[-49.05581,-26.86731],[-49.05591,-26.86719],[-49.05597,-26.86709],[-49.05594,-26.86687],[-49.05593,-26.86674],[-49.05593,-26.86666],[-49.05592,-26.86656],[-49.05592,-26.86654],[-49.05591,-26.86642],[-49.0559,-26.86636],[-49.0559,-26.86632],[-49.05587,-26.86568],[-49.05584,-26.8655],[-49.05542,-26.86549],[-49.0552,-26.86551],[-49.05471,-26.8655],[-49.05349,-26.8654],[-49.0535,-26.86537],[-49.05351,-26.86533],[-49.05368,-26.86486],[-49.05375,-26.86453],[-49.05375,-26.86344],[-49.05371,-26.86334],[-49.05377,-26.86313],[-49.05374,-26.86308],[-49.05368,-26.86303],[-49.05359,-26.86297],[-49.05307,-26.86255],[-49.05301,-26.86251],[-49.05297,-26.86247],[-49.05284,-26.86236],[-49.05279,-26.86232],[-49.05273,-26.86227],[-49.05252,-26.86211],[-49.05247,-26.86206],[-49.05234,-26.86197],[-49.05212,-26.86182],[-49.05165,-26.86163],[-49.05172,-26.86159],[-49.05196,-26.86146],[-49.05212,-26.86137],[-49.0522,-26.86133],[-49.05237,-26.86124],[-49.05245,-26.8612],[-49.05289,-26.86097],[-49.05297,-26.86093],[-49.05327,-26.86077],[-49.05352,-26.86063],[-49.05356,-26.86061],[-49.05358,-26.8606],[-49.05359,-26.8606],[-49.05366,-26.86056],[-49.054,-26.86038],[-49.05408,-26.86034],[-49.05429,-26.86024],[-49.05437,-26.8602],[-49.0545,-26.86014],[-49.05468,-26.86006],[-49.05478,-26.86002],[-49.05486,-26.85998],[-49.05545,-26.85977],[-49.05554,-26.85974],[-49.05561,-26.85971],[-49.05568,-26.85969],[-49.05606,-26.85958],[-49.05615,-26.85956],[-49.05647,-26.85947],[-49.05655,-26.85945],[-49.05691,-26.85938],[-49.057,-26.85936],[-49.05731,-26.85931],[-49.05746,-26.85929],[-49.05752,-26.85928],[-49.0576,-26.85927],[-49.05817,-26.85921],[-49.05826,-26.85921],[-49.05901,-26.85918],[-49.0591,-26.85918],[-49.05989,-26.85921],[-49.06029,-26.85925],[-49.06038,-26.85926],[-49.06081,-26.85931],[-49.06089,-26.85933],[-49.0614,-26.85944],[-49.06169,-26.8595],[-49.06171,-26.8595],[-49.06174,-26.85951],[-49.06182,-26.85953],[-49.06228,-26.85966],[-49.06236,-26.85969],[-49.06256,-26.85975],[-49.06265,-26.85978],[-49.06287,-26.85985],[-49.06295,-26.85988],[-49.06296,-26.85988],[-49.06319,-26.85996],[-49.06328,-26.85999],[-49.0638,-26.86016],[-49.06389,-26.86019],[-49.06397,-26.86021],[-49.06399,-26.86022],[-49.06453,-26.86041],[-49.06462,-26.86044],[-49.06516,-26.86061],[-49.06525,-26.86064],[-49.06541,-26.86069],[-49.0656,-26.86076],[-49.06618,-26.86095],[-49.06626,-26.86098],[-49.06663,-26.8611],[-49.06671,-26.86112],[-49.06676,-26.86114],[-49.06725,-26.8613],[-49.06733,-26.86133],[-49.06782,-26.86149],[-49.0679,-26.86151],[-49.06833,-26.86161],[-49.06842,-26.86163],[-49.06858,-26.86166],[-49.06865,-26.86167],[-49.06874,-26.86167],[-49.06924,-26.86169],[-49.06932,-26.86169],[-49.06974,-26.86164],[-49.06983,-26.86162],[-49.06987,-26.86161],[-49.06993,-26.86159],[-49.06995,-26.86159],[-49.07005,-26.86157],[-49.07033,-26.86149],[-49.0705,-26.86142],[-49.0707,-26.86134],[-49.07071,-26.86133],[-49.07073,-26.86132],[-49.07079,-26.86129],[-49.07104,-26.86116],[-49.07111,-26.86112],[-49.07138,-26.86094],[-49.07144,-26.86091],[-49.07165,-26.86076],[-49.07171,-26.86071],[-49.0722,-26.86039],[-49.07225,-26.86036],[-49.07239,-26.86027],[-49.07256,-26.86017],[-49.07268,-26.8601],[-49.07276,-26.86006],[-49.073,-26.85997],[-49.07324,-26.85988],[-49.07333,-26.85985],[-49.07351,-26.85981],[-49.07359,-26.8598],[-49.07368,-26.85979],[-49.07376,-26.85978],[-49.07387,-26.85976],[-49.07398,-26.85974],[-49.07428,-26.85973],[-49.07436,-26.85973],[-49.07465,-26.85974],[-49.07474,-26.85974],[-49.07498,-26.85975],[-49.07507,-26.85975],[-49.07515,-26.85975],[-49.07519,-26.85975],[-49.07524,-26.85975],[-49.07534,-26.85976],[-49.07546,-26.85976],[-49.07555,-26.85976],[-49.07598,-26.85977],[-49.0761,-26.85977],[-49.07618,-26.85978],[-49.07641,-26.85979],[-49.07649,-26.85979],[-49.07659,-26.85979],[-49.07667,-26.85979],[-49.07693,-26.85981],[-49.07702,-26.85981],[-49.07732,-26.85982],[-49.0774,-26.85982],[-49.0777,-26.85985],[-49.07798,-26.85988],[-49.07816,-26.85991],[-49.07824,-26.85993],[-49.07851,-26.85999],[-49.07874,-26.86008],[-49.07915,-26.86025],[-49.07954,-26.86046],[-49.07959,-26.86048],[-49.07984,-26.86063],[-49.07992,-26.86067],[-49.08011,-26.86078],[-49.08019,-26.86083],[-49.08086,-26.86118],[-49.08092,-26.86121],[-49.08112,-26.8613],[-49.08118,-26.86133],[-49.08132,-26.8614],[-49.0814,-26.86143],[-49.08149,-26.86147],[-49.08158,-26.8615],[-49.08175,-26.86156],[-49.08189,-26.86162],[-49.08203,-26.86167],[-49.08209,-26.86169],[-49.08236,-26.86179],[-49.08245,-26.86181],[-49.0826,-26.86186],[-49.08268,-26.86188],[-49.08308,-26.862],[-49.0835,-26.86213],[-49.0836,-26.86216],[-49.08357,-26.86224],[-49.08353,-26.86246],[-49.08349,-26.86268],[-49.08352,-26.86271],[-49.08354,-26.86275],[-49.08359,-26.86276],[-49.08369,-26.86273]]]}},{"type":"Feature","properties":{"bairro":"ITOUPAVA SECA","codigo":"20"},"geometry":{"type":"Polygon","coordinates":[[[-49.08793,-26.88133],[-49.08838,-26.8803],[-49.08874,-26.87939],[-49.08887,-26.87872],[-49.08889,-26.87744],[-49.08945,-26.87705],[-49.0899,-26.87682],[-49.09078,-26.87661],[-49.0918,-26.87648],[-49.09251,-26.8762],[-49.09287,-26.87602],[-49.09291,-26.876],[-49.09315,-26.87587],[-49.09358,-26.87568],[-49.09398,-26.87565],[-49.09494,-26.8757],[-49.09554,-26.87584],[-49.09631,-26.87612],[-49.09681,-26.87648],[-49.0971,-26.87682],[-49.09731,-26.87729],[-49.09742,-26.8781],[-49.09726,-26.87964],[-49.09723,-26.88076],[-49.09727,-26.8812],[-49.09749,-26.88153],[-49.09661,-26.88179],[-49.09608,-26.8819],[-49.09595,-26.88194],[-49.0958,-26.88195],[-49.09557,-26.88203],[-49.09547,-26.88213],[-49.09542,-26.88223],[-49.0954,-26.8824],[-49.09534,-26.88247],[-49.09484,-26.88248],[-49.09465,-26.88249],[-49.09396,-26.88238],[-49.09376,-26.88261],[-49.09367,-26.88267],[-49.09333,-26.88282],[-49.09319,-26.88303],[-49.093,-26.88322],[-49.09296,-26.88326],[-49.09291,-26.88332],[-49.09286,-26.88339],[-49.09271,-26.88355],[-49.09263,-26.88362],[-49.09243,-26.88381],[-49.09234,-26.8839],[-49.09227,-26.88399],[-49.09223,-26.88403],[-49.0921,-26.88422],[-49.09201,-26.88437],[-49.09191,-26.88445],[-49.09166,-26.8847],[-49.09137,-26.88497],[-49.09102,-26.88519],[-49.09093,-26.88521],[-49.0908,-26.8853],[-49.09069,-26.88545],[-49.09066,-26.88558],[-49.09065,-26.88587],[-49.09066,-26.88605],[-49.09068,-26.88633],[-49.09074,-26.88663],[-49.09072,-26.8868],[-49.09063,-26.88694],[-49.09062,-26.88697],[-49.09031,-26.88725],[-49.09009,-26.88743],[-49.08956,-26.88802],[-49.08906,-26.88835],[-49.08895,-26.88845],[-49.08863,-26.88879],[-49.0886,-26.88883],[-49.08858,-26.88903],[-49.08856,-26.88932],[-49.08854,-26.88938],[-49.08848,-26.88947],[-49.08845,-26.8895],[-49.08832,-26.88958],[-49.0883,-26.88962],[-49.08833,-26.88984],[-49.08833,-26.89012],[-49.08833,-26.89014],[-49.08834,-26.89034],[-49.08834,-26.89038],[-49.08835,-26.89047],[-49.08835,-26.89051],[-49.08836,-26.89062],[-49.08836,-26.89066],[-49.08838,-26.8908],[-49.08839,-26.89083],[-49.08845,-26.89107],[-49.08839,-26.89123],[-49.08838,-26.89126],[-49.08849,-26.89172],[-49.08849,-26.89177],[-49.08847,-26.89199],[-49.08816,-26.89234],[-49.08812,-26.89257],[-49.08812,-26.89258],[-49.08811,-26.89261],[-49.08807,-26.89277],[-49.08817,-26.89303],[-49.08818,-26.89306],[-49.08825,-26.8932],[-49.08841,-26.89344],[-49.0899,-26.89407],[-49.09055,-26.89441],[-49.09149,-26.89472],[-49.09204,-26.89493],[-49.09193,-26.89507],[-49.09182,-26.89523],[-49.09176,-26.89537],[-49.09174,-26.89547],[-49.09176,-26.89581],[-49.09188,-26.89608],[-49.09205,-26.89634],[-49.09222,-26.89653],[-49.09225,-26.89667],[-49.09226,-26.89685],[-49.09228,-26.89689],[-49.0926,-26.89707],[-49.09278,-26.8972],[-49.09285,-26.89725],[-49.09298,-26.89738],[-49.09302,-26.89744],[-49.09302,-26.89744],[-49.093,-26.89746],[-49.09262,-26.89769],[-49.09227,-26.89788],[-49.09202,-26.89797],[-49.09173,-26.89812],[-49.09144,-26.89835],[-49.09121,-26.89848],[-49.09075,-26.89884],[-49.09054,-26.89896],[-49.09048,-26.89901],[-49.09046,-26.89902],[-49.09045,-26.89903],[-49.0904,-26.89909],[-49.09035,-26.89914],[-49.09029,-26.8992],[-49.09016,-26.89933],[-49.09009,-26.89939],[-49.08999,-26.8995],[-49.08992,-26.89956],[-49.0898,-26.89968],[-49.08979,-26.89969],[-49.08972,-26.89963],[-49.08971,-26.89963],[-49.08964,-26.89957],[-49.08929,-26.89928],[-49.08911,-26.89914],[-49.08903,-26.89907],[-49.08891,-26.89897],[-49.08868,-26.89878],[-49.08864,-26.89875],[-49.08832,-26.89849],[-49.08801,-26.89824],[-49.08784,-26.89811],[-49.08772,-26.89801],[-49.08746,-26.8978],[-49.08621,-26.89794],[-49.08568,-26.89804],[-49.08552,-26.89813],[-49.08544,-26.89818],[-49.08539,-26.89826],[-49.08546,-26.89844],[-49.08549,-26.89852],[-49.08554,-26.89864],[-49.08555,-26.89867],[-49.08564,-26.89893],[-49.08565,-26.89908],[-49.08565,-26.89935],[-49.08554,-26.90003],[-49.08553,-26.90025],[-49.08549,-26.90042],[-49.08543,-26.90055],[-49.08527,-26.90065],[-49.08506,-26.90068],[-49.08481,-26.90067],[-49.08467,-26.90069],[-49.08439,-26.90083],[-49.08417,-26.90095],[-49.08413,-26.90097],[-49.08407,-26.90101],[-49.08402,-26.90104],[-49.08398,-26.90107],[-49.08392,-26.90111],[-49.08389,-26.90118],[-49.08447,-26.90192],[-49.08453,-26.90202],[-49.08454,-26.90203],[-49.08455,-26.90206],[-49.08445,-26.90218],[-49.08442,-26.90222],[-49.0844,-26.90223],[-49.08438,-26.90226],[-49.08436,-26.90229],[-49.08432,-26.90234],[-49.08431,-26.90235],[-49.0843,-26.90237],[-49.08428,-26.90239],[-49.08427,-26.90241],[-49.08425,-26.90243],[-49.08424,-26.90244],[-49.08423,-26.90246],[-49.08411,-26.90258],[-49.08402,-26.90264],[-49.08381,-26.90273],[-49.08323,-26.90303],[-49.08315,-26.90311],[-49.08306,-26.90343],[-49.08304,-26.90348],[-49.08285,-26.90403],[-49.08283,-26.90425],[-49.0827,-26.90448],[-49.08233,-26.90503],[-49.08158,-26.90575],[-49.08169,-26.90585],[-49.08173,-26.90587],[-49.08176,-26.9059],[-49.08207,-26.90614],[-49.08212,-26.90618],[-49.08221,-26.90625],[-49.08181,-26.9067],[-49.08177,-26.90683],[-49.08155,-26.90702],[-49.08145,-26.90712],[-49.08113,-26.90733],[-49.08096,-26.90742],[-49.08092,-26.90746],[-49.08087,-26.90751],[-49.08075,-26.90763],[-49.08068,-26.9077],[-49.08058,-26.9078],[-49.08046,-26.90792],[-49.08035,-26.90802],[-49.0802,-26.90816],[-49.0802,-26.90816],[-49.08015,-26.90812],[-49.0801,-26.90808],[-49.08008,-26.90807],[-49.0791,-26.90729],[-49.07848,-26.9068],[-49.07787,-26.90632],[-49.07761,-26.90612],[-49.07743,-26.90598],[-49.07675,-26.90544],[-49.07684,-26.90536],[-49.0769,-26.90528],[-49.0764,-26.90505],[-49.07616,-26.90493],[-49.07636,-26.90471],[-49.07634,-26.90468],[-49.07626,-26.90465],[-49.07619,-26.90462],[-49.07595,-26.90453],[-49.07586,-26.9045],[-49.07564,-26.9044],[-49.07542,-26.90431],[-49.07523,-26.90423],[-49.07342,-26.90291],[-49.0732,-26.90268],[-49.07312,-26.90266],[-49.07305,-26.90255],[-49.07303,-26.90247],[-49.07303,-26.90236],[-49.07314,-26.90202],[-49.07341,-26.90162],[-49.0735,-26.90151],[-49.07365,-26.90126],[-49.07369,-26.90116],[-49.0737,-26.90104],[-49.07369,-26.90086],[-49.07371,-26.9004],[-49.07383,-26.8993],[-49.07384,-26.89926],[-49.07392,-26.89882],[-49.07394,-26.89847],[-49.07431,-26.89842],[-49.07507,-26.89818],[-49.07534,-26.89794],[-49.07581,-26.89762],[-49.07584,-26.89759],[-49.07649,-26.89714],[-49.0771,-26.89636],[-49.0779,-26.89551],[-49.07906,-26.89422],[-49.07927,-26.89398],[-49.08,-26.89309],[-49.08285,-26.8898],[-49.08357,-26.88897],[-49.08453,-26.88787],[-49.08456,-26.88783],[-49.08461,-26.88778],[-49.08464,-26.88774],[-49.08483,-26.88728],[-49.08535,-26.88621],[-49.08659,-26.88415],[-49.08758,-26.88251],[-49.08765,-26.8824],[-49.08793,-26.88133]]]}},{"type":"Feature","properties":{"bairro":"VILA NOVA","codigo":"19"},"geometry":{"type":"Polygon","coordinates":[[[-49.0898,-26.89968],[-49.08992,-26.89956],[-49.08999,-26.8995],[-49.09009,-26.89939],[-49.09016,-26.89933],[-49.09029,-26.8992],[-49.09035,-26.89914],[-49.0904,-26.89909],[-49.09045,-26.89903],[-49.09046,-26.89902],[-49.09048,-26.89901],[-49.09054,-26.89896],[-49.09075,-26.89884],[-49.0909,-26.89872],[-49.09121,-26.89848],[-49.09144,-26.89835],[-49.09173,-26.89812],[-49.09202,-26.89797],[-49.09227,-26.89788],[-49.09262,-26.89769],[-49.093,-26.89746],[-49.09302,-26.89744],[-49.09315,-26.89762],[-49.09319,-26.89765],[-49.09321,-26.89766],[-49.09361,-26.89794],[-49.0941,-26.89832],[-49.09428,-26.89857],[-49.09433,-26.89892],[-49.09433,-26.89956],[-49.0943,-26.89969],[-49.09423,-26.89985],[-49.09427,-26.89996],[-49.09429,-26.9001],[-49.09429,-26.90019],[-49.09429,-26.90026],[-49.0943,-26.9009],[-49.09429,-26.90103],[-49.09418,-26.90155],[-49.09416,-26.90161],[-49.09413,-26.90169],[-49.09414,-26.90181],[-49.09417,-26.90189],[-49.09447,-26.90204],[-49.09483,-26.90219],[-49.09511,-26.90232],[-49.09552,-26.90249],[-49.0956,-26.90253],[-49.0957,-26.90257],[-49.09578,-26.9026],[-49.09592,-26.90263],[-49.09613,-26.90268],[-49.09626,-26.90271],[-49.09641,-26.90275],[-49.09645,-26.90276],[-49.09688,-26.90285],[-49.09711,-26.90288],[-49.09718,-26.90289],[-49.09719,-26.90289],[-49.09719,-26.90289],[-49.09726,-26.9029],[-49.09727,-26.90303],[-49.09727,-26.90309],[-49.09728,-26.90333],[-49.09728,-26.90342],[-49.09728,-26.90347],[-49.09728,-26.90354],[-49.09728,-26.9036],[-49.09743,-26.90372],[-49.09756,-26.90381],[-49.09764,-26.90388],[-49.09775,-26.90398],[-49.09781,-26.90402],[-49.09784,-26.90405],[-49.09803,-26.90414],[-49.09805,-26.9045],[-49.09805,-26.90457],[-49.09805,-26.90462],[-49.098,-26.90486],[-49.09784,-26.90507],[-49.09771,-26.90518],[-49.0975,-26.90529],[-49.09735,-26.90534],[-49.09735,-26.90534],[-49.09709,-26.90522],[-49.09696,-26.90546],[-49.09649,-26.90625],[-49.09647,-26.9063],[-49.09601,-26.90705],[-49.09578,-26.9075],[-49.09576,-26.90756],[-49.09565,-26.9078],[-49.09563,-26.90785],[-49.09561,-26.90797],[-49.09552,-26.90823],[-49.0955,-26.9083],[-49.09528,-26.9089],[-49.09503,-26.90937],[-49.095,-26.90942],[-49.09487,-26.90964],[-49.09485,-26.90964],[-49.09478,-26.90963],[-49.09472,-26.90962],[-49.09465,-26.90963],[-49.0946,-26.90966],[-49.09456,-26.9097],[-49.09442,-26.9098],[-49.09425,-26.90984],[-49.09422,-26.90985],[-49.09416,-26.90987],[-49.09408,-26.90988],[-49.09365,-26.90987],[-49.09358,-26.90988],[-49.09347,-26.9099],[-49.09337,-26.90992],[-49.093,-26.91003],[-49.09301,-26.91017],[-49.09299,-26.91024],[-49.09298,-26.91028],[-49.09297,-26.91032],[-49.09294,-26.91038],[-49.09291,-26.91043],[-49.09286,-26.9105],[-49.09284,-26.91055],[-49.09274,-26.91069],[-49.09271,-26.91074],[-49.09267,-26.91079],[-49.09249,-26.91099],[-49.09243,-26.91102],[-49.09238,-26.91105],[-49.09237,-26.91105],[-49.09219,-26.91111],[-49.09213,-26.91113],[-49.09211,-26.91114],[-49.09206,-26.91115],[-49.09203,-26.91116],[-49.09197,-26.91119],[-49.09189,-26.91122],[-49.09185,-26.9113],[-49.09177,-26.91148],[-49.09175,-26.91154],[-49.09175,-26.91155],[-49.09166,-26.91184],[-49.09165,-26.91189],[-49.09155,-26.91222],[-49.09154,-26.91226],[-49.09148,-26.91261],[-49.09147,-26.91266],[-49.09144,-26.91289],[-49.09144,-26.91293],[-49.09143,-26.91352],[-49.09143,-26.91357],[-49.09143,-26.91357],[-49.09144,-26.91375],[-49.0914,-26.91376],[-49.09118,-26.91376],[-49.0909,-26.91375],[-49.09082,-26.91373],[-49.09064,-26.91357],[-49.0904,-26.91339],[-49.09011,-26.91312],[-49.09002,-26.91293],[-49.08998,-26.91271],[-49.0899,-26.91262],[-49.08987,-26.91258],[-49.08973,-26.91247],[-49.08967,-26.91244],[-49.08958,-26.91238],[-49.08952,-26.91235],[-49.08927,-26.91224],[-49.08909,-26.91219],[-49.08889,-26.9122],[-49.08813,-26.91239],[-49.08789,-26.91239],[-49.08763,-26.91244],[-49.08737,-26.91246],[-49.08705,-26.91242],[-49.08656,-26.91231],[-49.08622,-26.91218],[-49.08598,-26.91201],[-49.08595,-26.91199],[-49.08562,-26.91182],[-49.08551,-26.91178],[-49.0855,-26.91166],[-49.08548,-26.91164],[-49.08543,-26.9116],[-49.08537,-26.91158],[-49.08532,-26.91159],[-49.08498,-26.91173],[-49.0849,-26.91177],[-49.08448,-26.91199],[-49.0841,-26.91222],[-49.08395,-26.91236],[-49.0839,-26.91247],[-49.08388,-26.91261],[-49.08383,-26.91276],[-49.08376,-26.91286],[-49.08368,-26.91303],[-49.08357,-26.91318],[-49.08346,-26.91326],[-49.08333,-26.91331],[-49.08326,-26.91331],[-49.08313,-26.91325],[-49.08308,-26.91319],[-49.08303,-26.91306],[-49.08296,-26.91295],[-49.08286,-26.91278],[-49.08278,-26.9127],[-49.08253,-26.9122],[-49.08234,-26.91192],[-49.08223,-26.91177],[-49.08204,-26.91153],[-49.08196,-26.9114],[-49.0819,-26.91116],[-49.08183,-26.91067],[-49.08179,-26.9106],[-49.08172,-26.91055],[-49.08171,-26.91055],[-49.08222,-26.91002],[-49.08227,-26.90997],[-49.08241,-26.90982],[-49.08214,-26.90963],[-49.0805,-26.90839],[-49.08049,-26.90838],[-49.0802,-26.90816],[-49.08035,-26.90802],[-49.08046,-26.90792],[-49.08058,-26.9078],[-49.08068,-26.9077],[-49.08075,-26.90763],[-49.08087,-26.90751],[-49.08092,-26.90746],[-49.08096,-26.90742],[-49.08113,-26.90733],[-49.08145,-26.90712],[-49.08155,-26.90702],[-49.08177,-26.90683],[-49.08181,-26.9067],[-49.08221,-26.90625],[-49.08212,-26.90618],[-49.08207,-26.90614],[-49.08176,-26.9059],[-49.08173,-26.90587],[-49.08169,-26.90585],[-49.08158,-26.90575],[-49.08233,-26.90503],[-49.0827,-26.90448],[-49.08283,-26.90425],[-49.08285,-26.90403],[-49.08304,-26.90348],[-49.08306,-26.90343],[-49.08315,-26.90311],[-49.08323,-26.90303],[-49.08381,-26.90273],[-49.08402,-26.90264],[-49.08411,-26.90258],[-49.08423,-26.90246],[-49.08424,-26.90244],[-49.08425,-26.90243],[-49.08427,-26.90241],[-49.08428,-26.90239],[-49.0843,-26.90237],[-49.08431,-26.90235],[-49.08432,-26.90234],[-49.08436,-26.90229],[-49.08438,-26.90226],[-49.0844,-26.90223],[-49.08442,-26.90222],[-49.08445,-26.90218],[-49.08455,-26.90206],[-49.08454,-26.90203],[-49.08453,-26.90202],[-49.08447,-26.90192],[-49.08389,-26.90118],[-49.08392,-26.90111],[-49.08398,-26.90107],[-49.08402,-26.90104],[-49.08407,-26.90101],[-49.08413,-26.90097],[-49.08417,-26.90095],[-49.08439,-26.90083],[-49.08467,-26.90069],[-49.08481,-26.90067],[-49.08506,-26.90068],[-49.08527,-26.90065],[-49.08543,-26.90055],[-49.08549,-26.90042],[-49.08553,-26.90025],[-49.08554,-26.90003],[-49.08565,-26.89935],[-49.08565,-26.89908],[-49.08564,-26.89893],[-49.08555,-26.89867],[-49.08554,-26.89864],[-49.08549,-26.89852],[-49.08546,-26.89844],[-49.08539,-26.89826],[-49.08544,-26.89818],[-49.08552,-26.89813],[-49.08568,-26.89804],[-49.08621,-26.89794],[-49.08746,-26.8978],[-49.08772,-26.89801],[-49.08784,-26.89811],[-49.08801,-26.89824],[-49.08832,-26.89849],[-49.08864,-26.89875],[-49.08868,-26.89878],[-49.08891,-26.89897],[-49.08903,-26.89907],[-49.08911,-26.89914],[-49.08929,-26.89928],[-49.08964,-26.89957],[-49.08971,-26.89963],[-49.08972,-26.89963],[-49.08979,-26.89969],[-49.0898,-26.89968]]]}},{"type":"Feature","properties":{"bairro":"ITOUPAVAZINHA","codigo":"33"},"geometry":{"type":"Polygon","coordinates":[[[-49.1361,-26.8539],[-49.13608,-26.85412],[-49.13593,-26.85447],[-49.13588,-26.85463],[-49.13588,-26.85468],[-49.13593,-26.85488],[-49.13594,-26.85493],[-49.1357,-26.85549],[-49.13555,-26.85573],[-49.13549,-26.85598],[-49.1355,-26.85601],[-49.13556,-26.85608],[-49.13553,-26.85622],[-49.13555,-26.85641],[-49.13559,-26.85658],[-49.13553,-26.85705],[-49.1355,-26.85713],[-49.13528,-26.8573],[-49.13499,-26.85746],[-49.13492,-26.85755],[-49.13479,-26.85765],[-49.13466,-26.85772],[-49.13448,-26.85783],[-49.13442,-26.85785],[-49.1344,-26.85786],[-49.13407,-26.85781],[-49.1339,-26.85782],[-49.13318,-26.85791],[-49.13312,-26.85793],[-49.13299,-26.85794],[-49.13247,-26.8579],[-49.13244,-26.8579],[-49.13224,-26.85788],[-49.1319,-26.85791],[-49.13166,-26.85791],[-49.13166,-26.85792],[-49.13167,-26.85802],[-49.13169,-26.85823],[-49.13168,-26.8586],[-49.13169,-26.8587],[-49.13169,-26.85899],[-49.13171,-26.85917],[-49.13172,-26.85921],[-49.13173,-26.85934],[-49.13167,-26.86002],[-49.13162,-26.86014],[-49.13147,-26.86035],[-49.13142,-26.86049],[-49.13141,-26.86052],[-49.13136,-26.86062],[-49.13135,-26.86065],[-49.13128,-26.86083],[-49.13127,-26.86086],[-49.1312,-26.86107],[-49.1312,-26.86111],[-49.13119,-26.86118],[-49.13125,-26.86141],[-49.13138,-26.86177],[-49.13139,-26.86178],[-49.13142,-26.86186],[-49.13144,-26.86199],[-49.13143,-26.8622],[-49.13145,-26.86234],[-49.13161,-26.86271],[-49.13166,-26.86288],[-49.1317,-26.86303],[-49.1317,-26.86314],[-49.13166,-26.86357],[-49.13169,-26.86386],[-49.13171,-26.86397],[-49.13178,-26.86409],[-49.13186,-26.86434],[-49.1319,-26.86455],[-49.13192,-26.86459],[-49.13194,-26.86462],[-49.13206,-26.86492],[-49.13207,-26.86498],[-49.13208,-26.86503],[-49.13209,-26.86517],[-49.13203,-26.86532],[-49.13177,-26.86567],[-49.13173,-26.86578],[-49.13173,-26.86588],[-49.13173,-26.86591],[-49.13173,-26.86659],[-49.13176,-26.86663],[-49.13182,-26.8667],[-49.13169,-26.86696],[-49.13158,-26.86737],[-49.13159,-26.86764],[-49.13153,-26.86811],[-49.13135,-26.86853],[-49.1313,-26.86869],[-49.13112,-26.86894],[-49.13103,-26.869],[-49.13097,-26.86906],[-49.13085,-26.86911],[-49.13075,-26.86908],[-49.13049,-26.86908],[-49.13015,-26.86904],[-49.12993,-26.86904],[-49.12958,-26.86905],[-49.12891,-26.86892],[-49.12893,-26.86891],[-49.12898,-26.86877],[-49.12897,-26.86857],[-49.12892,-26.8685],[-49.12889,-26.8684],[-49.12859,-26.86785],[-49.12853,-26.86769],[-49.12842,-26.86755],[-49.12821,-26.86735],[-49.12808,-26.86719],[-49.12771,-26.86684],[-49.12761,-26.86676],[-49.12746,-26.86672],[-49.1273,-26.86664],[-49.12723,-26.86661],[-49.12695,-26.86656],[-49.12685,-26.86653],[-49.12653,-26.86636],[-49.12631,-26.86622],[-49.12598,-26.86592],[-49.12582,-26.86575],[-49.12576,-26.86564],[-49.12566,-26.86553],[-49.1256,-26.86552],[-49.12527,-26.86534],[-49.12519,-26.86526],[-49.12492,-26.8651],[-49.12475,-26.86503],[-49.1245,-26.86497],[-49.12431,-26.8649],[-49.1242,-26.86483],[-49.12408,-26.86478],[-49.12389,-26.86394],[-49.12229,-26.8642],[-49.12188,-26.86418],[-49.12171,-26.86415],[-49.12107,-26.86415],[-49.12039,-26.86418],[-49.12031,-26.86418],[-49.12009,-26.86418],[-49.11994,-26.86414],[-49.11959,-26.86403],[-49.11951,-26.86397],[-49.11946,-26.86393],[-49.11935,-26.86386],[-49.11902,-26.86375],[-49.11788,-26.8636],[-49.11684,-26.86354],[-49.11588,-26.86344],[-49.11558,-26.86347],[-49.11513,-26.86362],[-49.11502,-26.86365],[-49.11493,-26.86364],[-49.11461,-26.8636],[-49.11403,-26.86344],[-49.11373,-26.86339],[-49.11316,-26.86332],[-49.113,-26.86327],[-49.11284,-26.86319],[-49.11272,-26.86314],[-49.11262,-26.86309],[-49.11215,-26.86287],[-49.11195,-26.86276],[-49.11163,-26.86263],[-49.11132,-26.86256],[-49.11109,-26.86249],[-49.11089,-26.86245],[-49.11043,-26.86233],[-49.11031,-26.86225],[-49.11027,-26.86221],[-49.11022,-26.86215],[-49.10999,-26.862],[-49.10985,-26.86194],[-49.10962,-26.86189],[-49.10909,-26.86176],[-49.109,-26.86174],[-49.10865,-26.86164],[-49.10859,-26.86162],[-49.10825,-26.86152],[-49.10816,-26.86151],[-49.10799,-26.86145],[-49.10771,-26.86133],[-49.10757,-26.86132],[-49.10738,-26.86137],[-49.10673,-26.86138],[-49.10607,-26.86136],[-49.10553,-26.86137],[-49.10547,-26.86136],[-49.10545,-26.86164],[-49.10533,-26.86199],[-49.10518,-26.86221],[-49.10516,-26.86224],[-49.10489,-26.8624],[-49.10484,-26.86242],[-49.10457,-26.8625],[-49.10442,-26.86267],[-49.10438,-26.8629],[-49.10437,-26.8631],[-49.10438,-26.86321],[-49.10428,-26.86352],[-49.10426,-26.86368],[-49.10428,-26.86412],[-49.1043,-26.86439],[-49.10434,-26.86465],[-49.10437,-26.86479],[-49.10431,-26.86488],[-49.10421,-26.86493],[-49.10393,-26.86497],[-49.10328,-26.86489],[-49.1028,-26.86479],[-49.10257,-26.86478],[-49.10226,-26.86472],[-49.10182,-26.86484],[-49.10168,-26.86486],[-49.10139,-26.86483],[-49.1005,-26.86487],[-49.10024,-26.86482],[-49.09949,-26.86474],[-49.09932,-26.86477],[-49.09925,-26.86483],[-49.09921,-26.86492],[-49.09916,-26.86494],[-49.09912,-26.86492],[-49.09897,-26.8648],[-49.09863,-26.8645],[-49.09845,-26.86437],[-49.09834,-26.86428],[-49.09686,-26.86309],[-49.09657,-26.86288],[-49.09632,-26.86273],[-49.09611,-26.86262],[-49.09588,-26.86252],[-49.09562,-26.86242],[-49.09542,-26.86236],[-49.09506,-26.86228],[-49.09472,-26.86225],[-49.09438,-26.86224],[-49.094,-26.86225],[-49.09345,-26.86231],[-49.09302,-26.86237],[-49.09282,-26.86239],[-49.09274,-26.8624],[-49.09227,-26.86246],[-49.09215,-26.86248],[-49.09206,-26.86249],[-49.09204,-26.86249],[-49.09182,-26.86252],[-49.09137,-26.86258],[-49.09106,-26.86262],[-49.09092,-26.86263],[-49.09063,-26.86267],[-49.08976,-26.86278],[-49.08944,-26.86281],[-49.08905,-26.86287],[-49.08897,-26.86288],[-49.08893,-26.86289],[-49.08843,-26.86295],[-49.08791,-26.86299],[-49.08722,-26.863],[-49.08709,-26.86299],[-49.08673,-26.86297],[-49.0864,-26.86291],[-49.0861,-26.86285],[-49.08539,-26.8627],[-49.08495,-26.86255],[-49.08387,-26.86223],[-49.08361,-26.86215],[-49.08362,-26.86211],[-49.08362,-26.86187],[-49.08359,-26.86178],[-49.0835,-26.86166],[-49.08328,-26.8615],[-49.08322,-26.86141],[-49.0832,-26.86127],[-49.08322,-26.86117],[-49.0833,-26.861],[-49.08338,-26.86089],[-49.08347,-26.86065],[-49.08354,-26.86059],[-49.08362,-26.86055],[-49.08382,-26.86051],[-49.08406,-26.86057],[-49.08413,-26.86067],[-49.08422,-26.86091],[-49.08441,-26.86104],[-49.08464,-26.86104],[-49.08476,-26.86094],[-49.08485,-26.86082],[-49.08487,-26.86072],[-49.08482,-26.86058],[-49.08477,-26.86053],[-49.0847,-26.86037],[-49.08459,-26.86028],[-49.0844,-26.86009],[-49.08428,-26.85997],[-49.08408,-26.85988],[-49.08337,-26.85941],[-49.08329,-26.85937],[-49.08306,-26.85937],[-49.08292,-26.85932],[-49.08284,-26.85924],[-49.08281,-26.85917],[-49.08286,-26.8587],[-49.08276,-26.85842],[-49.08263,-26.85819],[-49.08252,-26.85802],[-49.08241,-26.85791],[-49.08233,-26.85781],[-49.08233,-26.85768],[-49.08236,-26.85762],[-49.08241,-26.85759],[-49.08258,-26.85761],[-49.08285,-26.85778],[-49.08307,-26.85788],[-49.08349,-26.85818],[-49.08362,-26.8582],[-49.08369,-26.85815],[-49.08372,-26.8581],[-49.08373,-26.85799],[-49.08374,-26.85756],[-49.08347,-26.85703],[-49.08338,-26.85689],[-49.08329,-26.85682],[-49.0829,-26.85678],[-49.0828,-26.8568],[-49.0827,-26.85684],[-49.08248,-26.85699],[-49.08235,-26.85699],[-49.08229,-26.85697],[-49.08226,-26.85692],[-49.08225,-26.85681],[-49.08246,-26.85642],[-49.08254,-26.85623],[-49.08263,-26.856],[-49.08263,-26.85599],[-49.08269,-26.85579],[-49.08285,-26.8556],[-49.08293,-26.85537],[-49.0829,-26.85528],[-49.08258,-26.85513],[-49.08252,-26.85506],[-49.08255,-26.85499],[-49.08264,-26.85492],[-49.08279,-26.85485],[-49.0829,-26.85482],[-49.08327,-26.85478],[-49.08339,-26.85479],[-49.08352,-26.85485],[-49.08361,-26.85492],[-49.08389,-26.85534],[-49.08398,-26.85545],[-49.08403,-26.85555],[-49.0841,-26.8556],[-49.08419,-26.8556],[-49.08424,-26.85554],[-49.08453,-26.85515],[-49.08427,-26.85486],[-49.08409,-26.85475],[-49.08399,-26.85464],[-49.08392,-26.85441],[-49.08393,-26.85434],[-49.08399,-26.85428],[-49.08424,-26.85408],[-49.08434,-26.85394],[-49.08435,-26.85388],[-49.08441,-26.85378],[-49.08449,-26.85366],[-49.08459,-26.85344],[-49.08465,-26.85329],[-49.08477,-26.85308],[-49.08496,-26.85258],[-49.0851,-26.85216],[-49.08519,-26.85199],[-49.08528,-26.85175],[-49.08535,-26.85159],[-49.08543,-26.85146],[-49.08566,-26.85122],[-49.08619,-26.85083],[-49.08627,-26.85074],[-49.08627,-26.85068],[-49.08646,-26.85061],[-49.08657,-26.85059],[-49.08674,-26.85055],[-49.08683,-26.8505],[-49.08689,-26.85044],[-49.08695,-26.85028],[-49.08697,-26.85019],[-49.08697,-26.84981],[-49.08705,-26.84934],[-49.08709,-26.84924],[-49.08719,-26.849],[-49.08728,-26.84875],[-49.08737,-26.84859],[-49.08762,-26.84831],[-49.08773,-26.84816],[-49.08779,-26.84806],[-49.08782,-26.84784],[-49.0878,-26.8476],[-49.08775,-26.84736],[-49.0877,-26.8472],[-49.0877,-26.84711],[-49.08773,-26.84704],[-49.08786,-26.84692],[-49.08792,-26.84682],[-49.08793,-26.84666],[-49.0879,-26.8466],[-49.08785,-26.84629],[-49.08789,-26.84615],[-49.08796,-26.84603],[-49.08812,-26.84582],[-49.0882,-26.84568],[-49.08833,-26.84537],[-49.08851,-26.84505],[-49.08861,-26.84494],[-49.08881,-26.84484],[-49.08888,-26.84474],[-49.08894,-26.84446],[-49.08904,-26.8443],[-49.08907,-26.84421],[-49.08929,-26.84413],[-49.08937,-26.84408],[-49.08979,-26.84369],[-49.0899,-26.84362],[-49.0901,-26.84345],[-49.09045,-26.84306],[-49.09053,-26.84302],[-49.0906,-26.84296],[-49.09064,-26.84289],[-49.09071,-26.84285],[-49.09078,-26.84278],[-49.09085,-26.84259],[-49.09086,-26.84247],[-49.09132,-26.8425],[-49.09175,-26.84251],[-49.09205,-26.84259],[-49.09237,-26.84273],[-49.09268,-26.84283],[-49.09288,-26.84287],[-49.09301,-26.84286],[-49.09324,-26.84278],[-49.09331,-26.84278],[-49.09333,-26.84278],[-49.09354,-26.84294],[-49.09368,-26.84308],[-49.09377,-26.84321],[-49.09401,-26.84341],[-49.09415,-26.8435],[-49.09417,-26.84351],[-49.09449,-26.84378],[-49.09454,-26.84382],[-49.09469,-26.84388],[-49.09488,-26.84391],[-49.09514,-26.84411],[-49.09534,-26.84418],[-49.09544,-26.8442],[-49.09562,-26.84421],[-49.09581,-26.84414],[-49.09585,-26.84412],[-49.09598,-26.84406],[-49.09604,-26.84403],[-49.09645,-26.84384],[-49.0968,-26.84365],[-49.09692,-26.84363],[-49.09704,-26.84363],[-49.0971,-26.84363],[-49.09719,-26.84364],[-49.09743,-26.84362],[-49.09758,-26.84363],[-49.09783,-26.84356],[-49.09842,-26.84343],[-49.09883,-26.84343],[-49.09899,-26.84346],[-49.0992,-26.84343],[-49.10032,-26.84318],[-49.10051,-26.84312],[-49.10064,-26.84305],[-49.10136,-26.843],[-49.10241,-26.84299],[-49.10257,-26.84282],[-49.10276,-26.84256],[-49.10298,-26.84229],[-49.10302,-26.84225],[-49.1033,-26.84197],[-49.10374,-26.84184],[-49.1039,-26.84183],[-49.10397,-26.84185],[-49.10409,-26.84184],[-49.10494,-26.84169],[-49.10519,-26.84156],[-49.10525,-26.84151],[-49.10529,-26.84148],[-49.10549,-26.84118],[-49.10569,-26.84103],[-49.1058,-26.84078],[-49.10582,-26.84064],[-49.10583,-26.84041],[-49.10591,-26.83989],[-49.10592,-26.83984],[-49.10593,-26.83974],[-49.10598,-26.83969],[-49.10604,-26.83967],[-49.10626,-26.8395],[-49.1064,-26.83943],[-49.10673,-26.83935],[-49.10681,-26.83929],[-49.10705,-26.83912],[-49.10718,-26.839],[-49.1074,-26.83866],[-49.10755,-26.83848],[-49.10766,-26.83839],[-49.10773,-26.8383],[-49.10793,-26.83793],[-49.10801,-26.83774],[-49.10825,-26.83757],[-49.10856,-26.83744],[-49.10894,-26.83733],[-49.10899,-26.83732],[-49.10956,-26.83716],[-49.10966,-26.83709],[-49.11013,-26.83646],[-49.11031,-26.83628],[-49.1106,-26.83606],[-49.11066,-26.83601],[-49.11103,-26.83575],[-49.11141,-26.83557],[-49.1118,-26.83541],[-49.11205,-26.83532],[-49.11236,-26.83531],[-49.11253,-26.83531],[-49.1127,-26.8353],[-49.11278,-26.8353],[-49.11359,-26.83528],[-49.11358,-26.83531],[-49.11358,-26.83532],[-49.11351,-26.83533],[-49.11346,-26.83536],[-49.11344,-26.83559],[-49.1134,-26.83562],[-49.11344,-26.83575],[-49.11349,-26.83581],[-49.11363,-26.83589],[-49.11402,-26.83601],[-49.11403,-26.83602],[-49.11419,-26.83621],[-49.11423,-26.83622],[-49.11426,-26.8362],[-49.11427,-26.83616],[-49.11427,-26.83611],[-49.11435,-26.8361],[-49.11435,-26.83612],[-49.11446,-26.83612],[-49.11462,-26.83606],[-49.11464,-26.836],[-49.11468,-26.83598],[-49.11471,-26.83601],[-49.11477,-26.83613],[-49.11483,-26.83617],[-49.11505,-26.83623],[-49.11525,-26.83623],[-49.11527,-26.83629],[-49.1153,-26.83632],[-49.11534,-26.83639],[-49.11541,-26.83643],[-49.11551,-26.83651],[-49.11564,-26.83666],[-49.11582,-26.83681],[-49.11616,-26.83703],[-49.11639,-26.83711],[-49.11643,-26.83713],[-49.11659,-26.83719],[-49.11675,-26.83736],[-49.11684,-26.83738],[-49.11702,-26.83735],[-49.11706,-26.83735],[-49.11713,-26.83735],[-49.11721,-26.83737],[-49.11742,-26.83749],[-49.11754,-26.83753],[-49.11771,-26.83754],[-49.11792,-26.83751],[-49.11803,-26.83746],[-49.11811,-26.83737],[-49.11819,-26.83719],[-49.11834,-26.83751],[-49.11865,-26.83788],[-49.11874,-26.83796],[-49.11893,-26.83807],[-49.11898,-26.8381],[-49.11941,-26.83829],[-49.11961,-26.83843],[-49.11975,-26.83858],[-49.11998,-26.83898],[-49.12012,-26.83913],[-49.12024,-26.83919],[-49.12043,-26.83919],[-49.12053,-26.83913],[-49.1206,-26.83899],[-49.12075,-26.83893],[-49.12101,-26.83887],[-49.12127,-26.8387],[-49.12151,-26.83845],[-49.12169,-26.8388],[-49.12171,-26.83884],[-49.12183,-26.83908],[-49.12191,-26.83921],[-49.12202,-26.83934],[-49.12214,-26.83946],[-49.12216,-26.8395],[-49.12221,-26.8396],[-49.12227,-26.83965],[-49.12243,-26.83984],[-49.12259,-26.84018],[-49.12275,-26.8404],[-49.12278,-26.84044],[-49.12289,-26.8406],[-49.12309,-26.84081],[-49.12323,-26.841],[-49.12331,-26.84114],[-49.12343,-26.84143],[-49.12344,-26.84158],[-49.12347,-26.84165],[-49.12355,-26.84174],[-49.12375,-26.84188],[-49.12385,-26.84201],[-49.12384,-26.84212],[-49.12379,-26.84218],[-49.12361,-26.8423],[-49.12342,-26.84237],[-49.12282,-26.84257],[-49.12275,-26.84262],[-49.12273,-26.84265],[-49.12272,-26.84273],[-49.12276,-26.84292],[-49.12283,-26.8431],[-49.12292,-26.84324],[-49.12302,-26.84332],[-49.12313,-26.84338],[-49.12326,-26.84338],[-49.12334,-26.84336],[-49.1234,-26.84333],[-49.12354,-26.84326],[-49.12373,-26.84311],[-49.124,-26.84286],[-49.12425,-26.84264],[-49.12439,-26.84257],[-49.12457,-26.84254],[-49.12485,-26.84255],[-49.12533,-26.84265],[-49.12539,-26.84267],[-49.12548,-26.84269],[-49.12581,-26.84277],[-49.12626,-26.84291],[-49.1267,-26.84307],[-49.12721,-26.84323],[-49.12752,-26.84337],[-49.12764,-26.84339],[-49.12784,-26.84339],[-49.12793,-26.84338],[-49.12813,-26.84332],[-49.12831,-26.84323],[-49.12855,-26.84308],[-49.1287,-26.84302],[-49.12879,-26.84294],[-49.12902,-26.84263],[-49.12909,-26.84258],[-49.12922,-26.84253],[-49.12938,-26.84249],[-49.12948,-26.84241],[-49.12952,-26.84235],[-49.12953,-26.84224],[-49.12952,-26.84212],[-49.12949,-26.84201],[-49.12942,-26.8419],[-49.12958,-26.84196],[-49.12972,-26.84203],[-49.12987,-26.84205],[-49.12993,-26.84205],[-49.13026,-26.84203],[-49.13048,-26.84199],[-49.1304,-26.84207],[-49.13031,-26.8422],[-49.13019,-26.8423],[-49.13025,-26.8424],[-49.13015,-26.84255],[-49.13013,-26.84259],[-49.13014,-26.84267],[-49.13012,-26.84271],[-49.12995,-26.84292],[-49.13003,-26.84314],[-49.13006,-26.84325],[-49.13006,-26.84336],[-49.13002,-26.84355],[-49.12998,-26.84333],[-49.12996,-26.8433],[-49.12977,-26.84322],[-49.1297,-26.84309],[-49.12962,-26.843],[-49.12954,-26.84298],[-49.1295,-26.84298],[-49.12944,-26.843],[-49.12939,-26.84304],[-49.12919,-26.8432],[-49.12889,-26.84346],[-49.12873,-26.84352],[-49.12867,-26.84357],[-49.12853,-26.84376],[-49.12847,-26.84388],[-49.12844,-26.84396],[-49.12835,-26.84403],[-49.12792,-26.84417],[-49.12759,-26.84439],[-49.12748,-26.84444],[-49.1272,-26.84452],[-49.12706,-26.8446],[-49.12697,-26.84468],[-49.12686,-26.84484],[-49.12676,-26.84513],[-49.12669,-26.84523],[-49.12647,-26.84545],[-49.1264,-26.84554],[-49.12629,-26.84578],[-49.12622,-26.84604],[-49.12619,-26.84649],[-49.12621,-26.84656],[-49.12626,-26.84662],[-49.12642,-26.84674],[-49.12664,-26.84696],[-49.12666,-26.84703],[-49.12667,-26.84722],[-49.1267,-26.84737],[-49.12675,-26.84751],[-49.12684,-26.8477],[-49.12688,-26.84774],[-49.12708,-26.84804],[-49.12724,-26.84846],[-49.1273,-26.84856],[-49.12732,-26.84859],[-49.12737,-26.84865],[-49.12753,-26.84878],[-49.12805,-26.84908],[-49.12854,-26.84942],[-49.12916,-26.84965],[-49.12937,-26.84977],[-49.12976,-26.85005],[-49.12993,-26.85022],[-49.13013,-26.85051],[-49.1301,-26.85058],[-49.13,-26.85064],[-49.12989,-26.85072],[-49.12974,-26.8509],[-49.12973,-26.85096],[-49.12976,-26.85099],[-49.12988,-26.85103],[-49.12996,-26.85105],[-49.13005,-26.85104],[-49.1301,-26.85103],[-49.13031,-26.85094],[-49.13042,-26.85083],[-49.1305,-26.85074],[-49.13053,-26.85067],[-49.13052,-26.85055],[-49.13068,-26.85044],[-49.13079,-26.85024],[-49.13116,-26.84997],[-49.13137,-26.84985],[-49.13148,-26.84981],[-49.13216,-26.84974],[-49.13236,-26.84967],[-49.13245,-26.8496],[-49.1325,-26.84954],[-49.13251,-26.8495],[-49.13253,-26.84932],[-49.13255,-26.84924],[-49.13262,-26.84924],[-49.13277,-26.84925],[-49.1332,-26.84934],[-49.13343,-26.84936],[-49.13372,-26.84935],[-49.13408,-26.84929],[-49.13424,-26.84925],[-49.13436,-26.8492],[-49.13465,-26.8489],[-49.13463,-26.84908],[-49.13463,-26.84939],[-49.13464,-26.84954],[-49.13471,-26.84976],[-49.13471,-26.84991],[-49.13468,-26.85003],[-49.13467,-26.85007],[-49.13467,-26.85018],[-49.13469,-26.85025],[-49.13476,-26.85035],[-49.13486,-26.85041],[-49.13496,-26.85048],[-49.13501,-26.85054],[-49.13515,-26.85078],[-49.13516,-26.85079],[-49.13512,-26.85082],[-49.13492,-26.85078],[-49.13487,-26.85079],[-49.13485,-26.85081],[-49.13482,-26.85088],[-49.13486,-26.85098],[-49.13488,-26.85102],[-49.13495,-26.85105],[-49.13507,-26.85106],[-49.13516,-26.85101],[-49.13518,-26.85096],[-49.13523,-26.85091],[-49.13539,-26.85105],[-49.13551,-26.85118],[-49.13565,-26.85128],[-49.13566,-26.8513],[-49.1357,-26.85132],[-49.13574,-26.85133],[-49.13591,-26.85124],[-49.13597,-26.85128],[-49.136,-26.85184],[-49.13601,-26.85189],[-49.13606,-26.85206],[-49.13607,-26.8521],[-49.13608,-26.85217],[-49.13609,-26.85274],[-49.13609,-26.85279],[-49.13609,-26.85295],[-49.1361,-26.85318],[-49.1361,-26.85326],[-49.1361,-26.85335],[-49.1361,-26.85371],[-49.1361,-26.85378],[-49.1361,-26.8539]]]}},{"type":"Feature","properties":{"bairro":"TESTO SALTO","codigo":"32"},"geometry":{"type":"Polygon","coordinates":[[[-49.17336,-26.83452],[-49.17341,-26.8345],[-49.17348,-26.83442],[-49.17351,-26.83436],[-49.17353,-26.83429],[-49.1735,-26.83423],[-49.17353,-26.83416],[-49.17369,-26.83406],[-49.17376,-26.83406],[-49.17389,-26.83413],[-49.17399,-26.83426],[-49.17406,-26.83432],[-49.17408,-26.83449],[-49.1741,-26.83454],[-49.17413,-26.83461],[-49.17417,-26.83464],[-49.17422,-26.83465],[-49.17426,-26.83463],[-49.17427,-26.83461],[-49.17423,-26.83458],[-49.17421,-26.83453],[-49.17421,-26.83426],[-49.17421,-26.83422],[-49.17422,-26.83417],[-49.17426,-26.83413],[-49.17433,-26.83412],[-49.17445,-26.83413],[-49.17451,-26.83416],[-49.17458,-26.83424],[-49.17472,-26.8342],[-49.17476,-26.83429],[-49.17479,-26.83433],[-49.1749,-26.83439],[-49.17501,-26.83443],[-49.17513,-26.83448],[-49.17524,-26.83451],[-49.17526,-26.83452],[-49.17527,-26.83453],[-49.1753,-26.83454],[-49.17551,-26.83474],[-49.17565,-26.83501],[-49.17576,-26.83514],[-49.1758,-26.83515],[-49.17584,-26.83513],[-49.17594,-26.83503],[-49.17602,-26.835],[-49.17616,-26.83488],[-49.17621,-26.83484],[-49.17631,-26.83473],[-49.17639,-26.83473],[-49.17643,-26.83476],[-49.17645,-26.83481],[-49.17644,-26.83492],[-49.17647,-26.83503],[-49.1765,-26.83507],[-49.17656,-26.83511],[-49.17676,-26.83518],[-49.17687,-26.83519],[-49.177,-26.83529],[-49.17709,-26.83528],[-49.17713,-26.8353],[-49.17717,-26.83538],[-49.17717,-26.83542],[-49.17712,-26.83552],[-49.17716,-26.83571],[-49.17717,-26.83573],[-49.17724,-26.83574],[-49.17729,-26.83574],[-49.17739,-26.83571],[-49.17751,-26.83568],[-49.17757,-26.83558],[-49.1776,-26.8355],[-49.17761,-26.83548],[-49.17774,-26.83546],[-49.17782,-26.83548],[-49.17789,-26.83557],[-49.17789,-26.8356],[-49.17784,-26.83568],[-49.17786,-26.83574],[-49.17789,-26.83576],[-49.17794,-26.83575],[-49.17801,-26.83573],[-49.1781,-26.83567],[-49.17838,-26.83567],[-49.17847,-26.8356],[-49.17857,-26.83548],[-49.17867,-26.83541],[-49.17872,-26.8354],[-49.17895,-26.83541],[-49.1791,-26.83538],[-49.17955,-26.83523],[-49.17986,-26.83518],[-49.1802,-26.83503],[-49.18034,-26.83502],[-49.18054,-26.83506],[-49.1807,-26.83513],[-49.181,-26.83511],[-49.18115,-26.83512],[-49.18129,-26.83512],[-49.1814,-26.83514],[-49.18152,-26.83519],[-49.18159,-26.83525],[-49.1816,-26.83529],[-49.18168,-26.83535],[-49.18187,-26.83539],[-49.18206,-26.83541],[-49.18214,-26.8354],[-49.18236,-26.8354],[-49.1826,-26.83536],[-49.18271,-26.83536],[-49.18277,-26.83532],[-49.18284,-26.83526],[-49.18293,-26.83509],[-49.18294,-26.83505],[-49.18294,-26.83489],[-49.18296,-26.83484],[-49.183,-26.8348],[-49.1832,-26.83469],[-49.18336,-26.83466],[-49.18347,-26.83455],[-49.1836,-26.83448],[-49.18368,-26.83446],[-49.18383,-26.83449],[-49.184,-26.83441],[-49.18408,-26.83439],[-49.18415,-26.83437],[-49.18415,-26.83435],[-49.18418,-26.83431],[-49.18422,-26.83429],[-49.18425,-26.8343],[-49.1843,-26.83435],[-49.18436,-26.83448],[-49.18443,-26.83449],[-49.18449,-26.83453],[-49.18463,-26.83466],[-49.18471,-26.83476],[-49.1847,-26.83482],[-49.18468,-26.83485],[-49.18459,-26.8349],[-49.18453,-26.83507],[-49.1846,-26.83509],[-49.18465,-26.83516],[-49.18487,-26.83559],[-49.18488,-26.83563],[-49.18486,-26.83567],[-49.18486,-26.83577],[-49.18483,-26.83584],[-49.18481,-26.83595],[-49.1848,-26.83604],[-49.18472,-26.83611],[-49.18465,-26.83613],[-49.18471,-26.83621],[-49.18471,-26.83629],[-49.1848,-26.83634],[-49.18487,-26.83634],[-49.18491,-26.83636],[-49.18492,-26.83646],[-49.18499,-26.83652],[-49.1851,-26.83655],[-49.18516,-26.83659],[-49.18532,-26.83664],[-49.18537,-26.83667],[-49.18557,-26.83672],[-49.18564,-26.83671],[-49.18574,-26.83674],[-49.18585,-26.8368],[-49.18591,-26.83682],[-49.18603,-26.83682],[-49.1861,-26.83685],[-49.18614,-26.83689],[-49.18627,-26.83692],[-49.18629,-26.83695],[-49.18635,-26.83699],[-49.18639,-26.83704],[-49.18636,-26.83705],[-49.18632,-26.83706],[-49.18631,-26.83708],[-49.18618,-26.83708],[-49.18614,-26.83703],[-49.18598,-26.837],[-49.18593,-26.83701],[-49.18587,-26.83705],[-49.18583,-26.83706],[-49.18572,-26.83708],[-49.18565,-26.83712],[-49.18553,-26.83727],[-49.1854,-26.83736],[-49.18537,-26.83734],[-49.18527,-26.83737],[-49.18529,-26.8373],[-49.18537,-26.83717],[-49.18532,-26.83706],[-49.18523,-26.83698],[-49.18477,-26.83676],[-49.1847,-26.83673],[-49.18453,-26.83665],[-49.1844,-26.83664],[-49.18433,-26.83658],[-49.18421,-26.83654],[-49.18424,-26.83649],[-49.18436,-26.83635],[-49.18438,-26.83631],[-49.18437,-26.83624],[-49.18428,-26.83589],[-49.18424,-26.83589],[-49.18424,-26.83574],[-49.18422,-26.83569],[-49.18406,-26.83547],[-49.18391,-26.83533],[-49.18386,-26.83531],[-49.18373,-26.83526],[-49.18362,-26.83526],[-49.18354,-26.83532],[-49.18351,-26.83541],[-49.18345,-26.83548],[-49.18336,-26.8357],[-49.18328,-26.83578],[-49.183,-26.83598],[-49.18293,-26.83609],[-49.18289,-26.83621],[-49.18288,-26.83641],[-49.18296,-26.83658],[-49.18298,-26.83666],[-49.18296,-26.83687],[-49.18306,-26.83711],[-49.18315,-26.83718],[-49.18317,-26.83716],[-49.18327,-26.83723],[-49.18344,-26.83723],[-49.18349,-26.83722],[-49.18354,-26.83727],[-49.18346,-26.83729],[-49.18331,-26.83735],[-49.18329,-26.83738],[-49.18328,-26.83737],[-49.18324,-26.83741],[-49.18314,-26.83734],[-49.18306,-26.83732],[-49.18293,-26.83728],[-49.18281,-26.83729],[-49.18275,-26.83726],[-49.18259,-26.83716],[-49.18242,-26.837],[-49.18231,-26.83695],[-49.18218,-26.83694],[-49.18203,-26.837],[-49.18165,-26.83702],[-49.18145,-26.83707],[-49.18139,-26.83712],[-49.18136,-26.83719],[-49.18114,-26.83726],[-49.18097,-26.83728],[-49.18086,-26.83732],[-49.1808,-26.83738],[-49.18079,-26.83749],[-49.18065,-26.8376],[-49.18047,-26.83739],[-49.18038,-26.83732],[-49.18027,-26.83727],[-49.18014,-26.83728],[-49.18006,-26.8373],[-49.18004,-26.83721],[-49.18,-26.83714],[-49.17997,-26.83711],[-49.17989,-26.83709],[-49.17982,-26.83709],[-49.17957,-26.83714],[-49.17923,-26.83728],[-49.17903,-26.8373],[-49.17878,-26.83728],[-49.17861,-26.83729],[-49.17846,-26.83735],[-49.17829,-26.83737],[-49.1781,-26.83745],[-49.17783,-26.83737],[-49.17766,-26.83725],[-49.17757,-26.83726],[-49.1775,-26.83731],[-49.17742,-26.83739],[-49.17737,-26.83753],[-49.17735,-26.83764],[-49.17737,-26.83771],[-49.17748,-26.83782],[-49.17756,-26.83795],[-49.17764,-26.83801],[-49.17781,-26.8381],[-49.17837,-26.8382],[-49.17844,-26.83821],[-49.17875,-26.83824],[-49.17901,-26.83834],[-49.17901,-26.83837],[-49.17908,-26.83842],[-49.17955,-26.83868],[-49.1796,-26.83873],[-49.17972,-26.83888],[-49.17979,-26.83892],[-49.17987,-26.83895],[-49.17999,-26.83896],[-49.18016,-26.83895],[-49.18049,-26.839],[-49.18062,-26.83901],[-49.18081,-26.83895],[-49.18103,-26.83882],[-49.18105,-26.83889],[-49.1811,-26.83895],[-49.18121,-26.83901],[-49.18136,-26.83907],[-49.18149,-26.83916],[-49.18154,-26.83916],[-49.18161,-26.83913],[-49.18173,-26.83911],[-49.18181,-26.83911],[-49.18193,-26.83915],[-49.18182,-26.83921],[-49.18178,-26.83925],[-49.18179,-26.83931],[-49.18164,-26.83961],[-49.18145,-26.83976],[-49.18143,-26.83982],[-49.18138,-26.83998],[-49.18137,-26.84009],[-49.18142,-26.84027],[-49.18145,-26.84042],[-49.18152,-26.84067],[-49.18165,-26.84086],[-49.18149,-26.84091],[-49.18136,-26.84102],[-49.18125,-26.84091],[-49.18122,-26.84089],[-49.18121,-26.84088],[-49.18103,-26.84078],[-49.18074,-26.84071],[-49.1806,-26.84061],[-49.18055,-26.84056],[-49.18029,-26.84026],[-49.1802,-26.84022],[-49.18008,-26.8402],[-49.17995,-26.84021],[-49.17982,-26.84025],[-49.17968,-26.84034],[-49.17948,-26.8405],[-49.17938,-26.84056],[-49.17926,-26.84058],[-49.17883,-26.84061],[-49.17871,-26.84064],[-49.17863,-26.84066],[-49.1785,-26.84076],[-49.17815,-26.84108],[-49.17811,-26.84115],[-49.17807,-26.8413],[-49.17807,-26.84141],[-49.17817,-26.84175],[-49.17817,-26.8421],[-49.17818,-26.84214],[-49.17818,-26.84229],[-49.17816,-26.84232],[-49.17802,-26.84233],[-49.17768,-26.84217],[-49.17743,-26.84211],[-49.17734,-26.84203],[-49.17726,-26.84201],[-49.17696,-26.84198],[-49.1769,-26.84198],[-49.17676,-26.84199],[-49.17672,-26.84201],[-49.17659,-26.84201],[-49.17646,-26.84206],[-49.17635,-26.84213],[-49.17632,-26.84219],[-49.17622,-26.84224],[-49.17601,-26.8424],[-49.17593,-26.84248],[-49.17587,-26.8426],[-49.17584,-26.84272],[-49.17581,-26.84326],[-49.17579,-26.84342],[-49.17574,-26.84362],[-49.17566,-26.84373],[-49.17564,-26.84374],[-49.1756,-26.84373],[-49.17539,-26.84361],[-49.175,-26.84358],[-49.17491,-26.84358],[-49.17478,-26.84363],[-49.17469,-26.8437],[-49.17466,-26.84385],[-49.1747,-26.84399],[-49.17469,-26.84411],[-49.17473,-26.84422],[-49.17473,-26.84425],[-49.17469,-26.8443],[-49.17467,-26.84432],[-49.17462,-26.84436],[-49.1746,-26.84451],[-49.17448,-26.8446],[-49.17435,-26.84463],[-49.17422,-26.84473],[-49.17397,-26.84475],[-49.17391,-26.84482],[-49.17334,-26.84462],[-49.17327,-26.8446],[-49.17299,-26.84457],[-49.17288,-26.84463],[-49.17283,-26.8447],[-49.17271,-26.84487],[-49.17262,-26.84496],[-49.17245,-26.84507],[-49.17219,-26.84518],[-49.17212,-26.84521],[-49.17194,-26.8453],[-49.17172,-26.84547],[-49.17161,-26.84551],[-49.17145,-26.84561],[-49.1713,-26.8458],[-49.17103,-26.84608],[-49.17094,-26.84615],[-49.17086,-26.84621],[-49.17068,-26.84623],[-49.17009,-26.8462],[-49.16961,-26.84621],[-49.16948,-26.84624],[-49.16945,-26.84629],[-49.16945,-26.84632],[-49.16947,-26.84636],[-49.16983,-26.84666],[-49.16991,-26.84678],[-49.16991,-26.84684],[-49.16987,-26.84693],[-49.16981,-26.84697],[-49.16975,-26.84699],[-49.16944,-26.84704],[-49.16935,-26.84709],[-49.16933,-26.84716],[-49.16924,-26.84716],[-49.16921,-26.84717],[-49.16916,-26.84721],[-49.16907,-26.8474],[-49.16885,-26.84754],[-49.16883,-26.84757],[-49.16883,-26.84761],[-49.1689,-26.84768],[-49.16926,-26.84785],[-49.16951,-26.8479],[-49.16972,-26.84789],[-49.16976,-26.84796],[-49.16977,-26.84801],[-49.16976,-26.84807],[-49.16973,-26.84809],[-49.16965,-26.84811],[-49.16954,-26.84813],[-49.16942,-26.84819],[-49.16925,-26.84823],[-49.1692,-26.84827],[-49.16917,-26.84831],[-49.16913,-26.84841],[-49.16905,-26.8485],[-49.1689,-26.84876],[-49.16884,-26.84881],[-49.16869,-26.84886],[-49.16862,-26.84893],[-49.16854,-26.84913],[-49.16844,-26.8493],[-49.16835,-26.84939],[-49.1683,-26.84942],[-49.1682,-26.84945],[-49.16808,-26.84954],[-49.16805,-26.84965],[-49.16806,-26.8498],[-49.16801,-26.84987],[-49.16761,-26.84994],[-49.16751,-26.84998],[-49.16741,-26.85005],[-49.16736,-26.8501],[-49.16731,-26.85021],[-49.16731,-26.85033],[-49.16738,-26.85058],[-49.16739,-26.85079],[-49.16736,-26.85087],[-49.16727,-26.85104],[-49.16722,-26.8512],[-49.1672,-26.85159],[-49.16725,-26.85182],[-49.16739,-26.85203],[-49.16709,-26.85198],[-49.16683,-26.85196],[-49.16677,-26.85197],[-49.16664,-26.85203],[-49.16655,-26.85218],[-49.16646,-26.85228],[-49.1664,-26.85237],[-49.16635,-26.8525],[-49.16633,-26.85271],[-49.16627,-26.85291],[-49.16626,-26.85329],[-49.16632,-26.85354],[-49.16639,-26.85368],[-49.16651,-26.85385],[-49.16661,-26.85393],[-49.16675,-26.85398],[-49.16692,-26.854],[-49.167,-26.85401],[-49.16713,-26.85399],[-49.16736,-26.85389],[-49.16769,-26.85365],[-49.16825,-26.85314],[-49.16841,-26.85308],[-49.16878,-26.85309],[-49.16908,-26.85314],[-49.16948,-26.85328],[-49.16962,-26.85335],[-49.16976,-26.85343],[-49.16983,-26.85347],[-49.16996,-26.8536],[-49.17008,-26.85368],[-49.17081,-26.85403],[-49.17094,-26.85412],[-49.17105,-26.85416],[-49.17109,-26.8542],[-49.17113,-26.85425],[-49.17121,-26.8543],[-49.17129,-26.85433],[-49.17138,-26.85433],[-49.17146,-26.85431],[-49.17163,-26.85424],[-49.17169,-26.85423],[-49.17178,-26.85425],[-49.17186,-26.85429],[-49.17192,-26.85432],[-49.17201,-26.85436],[-49.1721,-26.85436],[-49.17244,-26.85429],[-49.17268,-26.85423],[-49.17316,-26.85419],[-49.17341,-26.85425],[-49.1735,-26.85428],[-49.17355,-26.85428],[-49.1738,-26.85448],[-49.17395,-26.85462],[-49.17406,-26.85475],[-49.17408,-26.8548],[-49.17401,-26.855],[-49.17401,-26.85521],[-49.17408,-26.85547],[-49.17421,-26.8556],[-49.17417,-26.85572],[-49.17416,-26.85586],[-49.17418,-26.85593],[-49.17423,-26.85599],[-49.17429,-26.85602],[-49.17437,-26.85603],[-49.17455,-26.85604],[-49.1749,-26.85599],[-49.17586,-26.85591],[-49.17634,-26.85584],[-49.17691,-26.85581],[-49.17786,-26.85568],[-49.17791,-26.85566],[-49.17798,-26.85561],[-49.17803,-26.85552],[-49.17807,-26.85534],[-49.1783,-26.85538],[-49.17847,-26.85535],[-49.17857,-26.8553],[-49.17861,-26.8552],[-49.17865,-26.85517],[-49.17877,-26.85512],[-49.17881,-26.85512],[-49.179,-26.85519],[-49.17921,-26.85518],[-49.17933,-26.85514],[-49.17939,-26.85509],[-49.1794,-26.85501],[-49.17929,-26.85465],[-49.17931,-26.85462],[-49.17943,-26.85463],[-49.17958,-26.85458],[-49.17953,-26.85467],[-49.17954,-26.85487],[-49.17966,-26.85498],[-49.17974,-26.85501],[-49.17982,-26.85504],[-49.18011,-26.85507],[-49.18024,-26.85507],[-49.1805,-26.85501],[-49.18068,-26.85509],[-49.1808,-26.85512],[-49.18097,-26.8551],[-49.18112,-26.85502],[-49.1812,-26.85504],[-49.18127,-26.85502],[-49.18144,-26.85518],[-49.18152,-26.85521],[-49.18157,-26.85521],[-49.18181,-26.85525],[-49.18198,-26.85537],[-49.18212,-26.85539],[-49.18231,-26.85536],[-49.18243,-26.8553],[-49.18257,-26.85516],[-49.18279,-26.85482],[-49.18293,-26.85467],[-49.18297,-26.85457],[-49.18298,-26.8544],[-49.18309,-26.85449],[-49.18327,-26.8547],[-49.18333,-26.85475],[-49.1834,-26.85473],[-49.18356,-26.85466],[-49.18369,-26.85464],[-49.18386,-26.85464],[-49.18409,-26.85469],[-49.18425,-26.8547],[-49.18452,-26.85466],[-49.18505,-26.85455],[-49.18506,-26.85464],[-49.18514,-26.8548],[-49.18535,-26.85502],[-49.18538,-26.85504],[-49.18542,-26.85505],[-49.1855,-26.85502],[-49.18579,-26.85495],[-49.18593,-26.85487],[-49.186,-26.85478],[-49.18609,-26.8547],[-49.18624,-26.85463],[-49.18629,-26.85457],[-49.18633,-26.8545],[-49.18635,-26.85423],[-49.18638,-26.85411],[-49.18639,-26.85407],[-49.18642,-26.85389],[-49.18652,-26.85396],[-49.18657,-26.85402],[-49.18657,-26.85424],[-49.18659,-26.85426],[-49.18663,-26.85428],[-49.18671,-26.85427],[-49.18674,-26.85422],[-49.18674,-26.85418],[-49.18668,-26.85397],[-49.18679,-26.85393],[-49.18687,-26.85394],[-49.18703,-26.85391],[-49.18712,-26.85386],[-49.18715,-26.8538],[-49.18727,-26.85383],[-49.1874,-26.85383],[-49.18753,-26.85375],[-49.18761,-26.85375],[-49.18774,-26.85349],[-49.18779,-26.85345],[-49.1878,-26.85366],[-49.18785,-26.8538],[-49.18789,-26.8538],[-49.18788,-26.85384],[-49.18793,-26.8539],[-49.18794,-26.85398],[-49.18805,-26.85403],[-49.18816,-26.85408],[-49.18828,-26.85411],[-49.18846,-26.85415],[-49.1886,-26.85414],[-49.18869,-26.8541],[-49.18878,-26.85403],[-49.18881,-26.85401],[-49.18887,-26.854],[-49.1889,-26.854],[-49.18896,-26.85396],[-49.18903,-26.85387],[-49.18903,-26.85382],[-49.189,-26.85376],[-49.18902,-26.85365],[-49.18901,-26.85357],[-49.18899,-26.85351],[-49.18896,-26.8535],[-49.18894,-26.85348],[-49.18894,-26.85337],[-49.18897,-26.85343],[-49.18899,-26.85344],[-49.18907,-26.85333],[-49.18906,-26.85331],[-49.18899,-26.85325],[-49.18911,-26.85331],[-49.18915,-26.85331],[-49.18922,-26.85336],[-49.1894,-26.85339],[-49.18948,-26.85339],[-49.18957,-26.85341],[-49.18959,-26.85345],[-49.18953,-26.85345],[-49.18946,-26.85347],[-49.18931,-26.85343],[-49.18926,-26.85343],[-49.18919,-26.85345],[-49.18914,-26.85349],[-49.18914,-26.85352],[-49.18918,-26.85364],[-49.18919,-26.85369],[-49.18917,-26.85378],[-49.18918,-26.85383],[-49.18925,-26.85391],[-49.18928,-26.85396],[-49.18931,-26.854],[-49.18934,-26.85401],[-49.18941,-26.85401],[-49.18944,-26.85402],[-49.1894,-26.85406],[-49.18934,-26.85407],[-49.18927,-26.85411],[-49.18923,-26.85415],[-49.18921,-26.85421],[-49.18921,-26.85426],[-49.18924,-26.85436],[-49.18922,-26.85437],[-49.18925,-26.85439],[-49.18923,-26.85445],[-49.18911,-26.85445],[-49.18898,-26.85443],[-49.18894,-26.85443],[-49.18892,-26.85445],[-49.18891,-26.85454],[-49.18891,-26.85459],[-49.18893,-26.85464],[-49.18897,-26.85468],[-49.18912,-26.85472],[-49.18924,-26.85472],[-49.18946,-26.85472],[-49.18948,-26.85473],[-49.18951,-26.85476],[-49.18946,-26.8548],[-49.18945,-26.85484],[-49.18946,-26.85488],[-49.1894,-26.85487],[-49.18932,-26.85487],[-49.18915,-26.85495],[-49.18904,-26.85499],[-49.18898,-26.855],[-49.18885,-26.85501],[-49.18877,-26.855],[-49.18872,-26.85501],[-49.1887,-26.85505],[-49.18867,-26.85529],[-49.18862,-26.85543],[-49.18858,-26.85546],[-49.18854,-26.85557],[-49.18845,-26.8556],[-49.18832,-26.85556],[-49.18829,-26.85558],[-49.18826,-26.85562],[-49.18822,-26.85567],[-49.18825,-26.85578],[-49.18812,-26.8558],[-49.18804,-26.85584],[-49.188,-26.85587],[-49.18798,-26.85597],[-49.18784,-26.85587],[-49.18768,-26.8558],[-49.18755,-26.85581],[-49.18747,-26.85589],[-49.18747,-26.85602],[-49.18772,-26.85655],[-49.18771,-26.85657],[-49.18763,-26.85668],[-49.18762,-26.85678],[-49.18755,-26.85699],[-49.18755,-26.85705],[-49.1875,-26.85706],[-49.18743,-26.8571],[-49.18734,-26.85712],[-49.18716,-26.85716],[-49.18709,-26.85718],[-49.18701,-26.85722],[-49.18694,-26.85718],[-49.18677,-26.85713],[-49.18667,-26.85714],[-49.18653,-26.85721],[-49.18643,-26.85731],[-49.18631,-26.8577],[-49.18632,-26.85781],[-49.18636,-26.85789],[-49.18664,-26.85795],[-49.18624,-26.85812],[-49.18611,-26.8582],[-49.18601,-26.85831],[-49.18597,-26.85838],[-49.18595,-26.85845],[-49.18593,-26.85851],[-49.1859,-26.85864],[-49.18587,-26.85857],[-49.18577,-26.85846],[-49.1856,-26.85838],[-49.18535,-26.85829],[-49.18515,-26.85825],[-49.18497,-26.85823],[-49.18489,-26.85823],[-49.1845,-26.85827],[-49.18437,-26.85831],[-49.18427,-26.85836],[-49.18421,-26.85841],[-49.18414,-26.85849],[-49.1841,-26.8586],[-49.18397,-26.85848],[-49.18391,-26.85843],[-49.1838,-26.8584],[-49.18382,-26.85836],[-49.18383,-26.85821],[-49.1838,-26.85813],[-49.18376,-26.85806],[-49.18364,-26.85799],[-49.18357,-26.85796],[-49.18336,-26.85796],[-49.18328,-26.85797],[-49.18324,-26.85797],[-49.18312,-26.85803],[-49.18307,-26.85808],[-49.18302,-26.85818],[-49.183,-26.85834],[-49.18301,-26.85844],[-49.18305,-26.85856],[-49.18298,-26.85863],[-49.18291,-26.85874],[-49.18289,-26.8588],[-49.18284,-26.85911],[-49.18281,-26.85972],[-49.18274,-26.85966],[-49.18268,-26.85963],[-49.18261,-26.85962],[-49.18254,-26.85964],[-49.18235,-26.85979],[-49.18232,-26.85981],[-49.18228,-26.85978],[-49.18219,-26.85986],[-49.18204,-26.85992],[-49.1819,-26.86003],[-49.18183,-26.86012],[-49.18156,-26.86034],[-49.18139,-26.86048],[-49.18107,-26.86064],[-49.18098,-26.86071],[-49.18095,-26.86073],[-49.1809,-26.86079],[-49.18091,-26.8608],[-49.18109,-26.86078],[-49.18135,-26.86079],[-49.18144,-26.86081],[-49.18158,-26.86087],[-49.18165,-26.86096],[-49.18177,-26.86123],[-49.18186,-26.86133],[-49.18193,-26.86138],[-49.18178,-26.86141],[-49.18165,-26.86144],[-49.18153,-26.86148],[-49.18141,-26.86154],[-49.1813,-26.86164],[-49.18124,-26.86176],[-49.18111,-26.86182],[-49.18094,-26.86195],[-49.18084,-26.86205],[-49.18082,-26.86204],[-49.18078,-26.86205],[-49.18067,-26.8621],[-49.18052,-26.86228],[-49.18046,-26.86234],[-49.18042,-26.86239],[-49.18029,-26.86248],[-49.18013,-26.86266],[-49.18002,-26.86282],[-49.17994,-26.86296],[-49.17981,-26.86331],[-49.17979,-26.86346],[-49.17981,-26.86363],[-49.17968,-26.86365],[-49.17961,-26.86367],[-49.17929,-26.86377],[-49.17901,-26.86395],[-49.17877,-26.86409],[-49.17851,-26.86429],[-49.17839,-26.86441],[-49.17828,-26.86446],[-49.17824,-26.86447],[-49.17803,-26.86445],[-49.17786,-26.86445],[-49.17766,-26.86447],[-49.17749,-26.86451],[-49.17698,-26.8647],[-49.17657,-26.86524],[-49.17649,-26.86532],[-49.1764,-26.86538],[-49.17624,-26.86543],[-49.17576,-26.8656],[-49.17548,-26.86567],[-49.17531,-26.86574],[-49.17522,-26.86577],[-49.17504,-26.86587],[-49.1749,-26.866],[-49.17479,-26.86606],[-49.17451,-26.86615],[-49.17434,-26.86615],[-49.17419,-26.86613],[-49.17407,-26.86609],[-49.1738,-26.86607],[-49.17373,-26.8661],[-49.17367,-26.86615],[-49.17357,-26.86639],[-49.17358,-26.86643],[-49.17365,-26.86652],[-49.17364,-26.86659],[-49.17362,-26.8666],[-49.17354,-26.86658],[-49.17338,-26.86653],[-49.17334,-26.86653],[-49.17328,-26.86659],[-49.17327,-26.86672],[-49.17331,-26.86682],[-49.17337,-26.86691],[-49.17338,-26.86695],[-49.17338,-26.86699],[-49.17335,-26.86701],[-49.17311,-26.86714],[-49.17295,-26.86718],[-49.17282,-26.86717],[-49.1727,-26.86712],[-49.17258,-26.86699],[-49.17248,-26.86695],[-49.1723,-26.86701],[-49.17224,-26.86705],[-49.1722,-26.86711],[-49.17212,-26.86723],[-49.17207,-26.8673],[-49.17201,-26.86744],[-49.17194,-26.8674],[-49.17181,-26.86737],[-49.17158,-26.86736],[-49.1715,-26.86735],[-49.17135,-26.8673],[-49.17121,-26.86722],[-49.1711,-26.86716],[-49.17102,-26.86715],[-49.17094,-26.86717],[-49.17089,-26.86721],[-49.17082,-26.86737],[-49.1708,-26.86738],[-49.17074,-26.86738],[-49.17067,-26.86736],[-49.17055,-26.8673],[-49.17045,-26.86721],[-49.17039,-26.86717],[-49.17031,-26.86716],[-49.17026,-26.86721],[-49.17018,-26.86744],[-49.17016,-26.86746],[-49.17008,-26.86744],[-49.16996,-26.86738],[-49.16984,-26.86723],[-49.16975,-26.8672],[-49.16962,-26.86724],[-49.16958,-26.86726],[-49.16954,-26.86735],[-49.1695,-26.8675],[-49.1695,-26.86752],[-49.16948,-26.86752],[-49.16942,-26.86753],[-49.16929,-26.86751],[-49.16909,-26.86746],[-49.16898,-26.86744],[-49.16888,-26.86745],[-49.16884,-26.86747],[-49.16877,-26.86754],[-49.16874,-26.86761],[-49.16877,-26.86778],[-49.16887,-26.868],[-49.16902,-26.8684],[-49.16878,-26.86851],[-49.16854,-26.86866],[-49.16827,-26.86885],[-49.16801,-26.86906],[-49.16782,-26.86916],[-49.16757,-26.86924],[-49.16733,-26.86944],[-49.16726,-26.86952],[-49.16725,-26.86949],[-49.16711,-26.86943],[-49.16704,-26.86942],[-49.16696,-26.86943],[-49.16694,-26.86946],[-49.16688,-26.86937],[-49.1668,-26.86929],[-49.16665,-26.86923],[-49.16663,-26.86923],[-49.16662,-26.8692],[-49.1666,-26.86915],[-49.16653,-26.86906],[-49.16651,-26.86906],[-49.16659,-26.86891],[-49.16662,-26.86884],[-49.16667,-26.86862],[-49.16666,-26.86851],[-49.16663,-26.86844],[-49.16648,-26.86832],[-49.16633,-26.86827],[-49.16625,-26.86828],[-49.16588,-26.8684],[-49.1658,-26.86845],[-49.1658,-26.8682],[-49.16577,-26.86811],[-49.16573,-26.86805],[-49.16567,-26.86798],[-49.16559,-26.86792],[-49.1655,-26.86786],[-49.16538,-26.86783],[-49.16527,-26.86785],[-49.16516,-26.86795],[-49.16506,-26.8681],[-49.16495,-26.86809],[-49.16485,-26.86806],[-49.16478,-26.86805],[-49.1645,-26.86797],[-49.16431,-26.86793],[-49.16422,-26.86794],[-49.16404,-26.86798],[-49.16382,-26.86811],[-49.16374,-26.86814],[-49.16353,-26.86804],[-49.16346,-26.86792],[-49.1634,-26.86789],[-49.16333,-26.86777],[-49.16327,-26.86769],[-49.1631,-26.86761],[-49.16303,-26.86759],[-49.16285,-26.86758],[-49.16269,-26.86762],[-49.1626,-26.86769],[-49.16258,-26.86773],[-49.16255,-26.86792],[-49.16266,-26.86805],[-49.16259,-26.86813],[-49.1626,-26.86815],[-49.16277,-26.86822],[-49.16285,-26.86829],[-49.1629,-26.86838],[-49.1629,-26.86847],[-49.16286,-26.86854],[-49.16278,-26.86861],[-49.16256,-26.86886],[-49.16238,-26.86902],[-49.16234,-26.86909],[-49.16233,-26.86917],[-49.16235,-26.86926],[-49.16239,-26.86936],[-49.16252,-26.86954],[-49.16254,-26.86961],[-49.1625,-26.86968],[-49.16236,-26.86975],[-49.16232,-26.86979],[-49.16229,-26.86989],[-49.1623,-26.87004],[-49.16225,-26.87018],[-49.16226,-26.8702],[-49.16208,-26.87023],[-49.16194,-26.87024],[-49.16175,-26.87022],[-49.16111,-26.87021],[-49.16078,-26.87018],[-49.1607,-26.87018],[-49.16054,-26.87017],[-49.16034,-26.87012],[-49.16006,-26.8701],[-49.15989,-26.87011],[-49.15962,-26.87014],[-49.15952,-26.87014],[-49.15906,-26.87026],[-49.15866,-26.87031],[-49.15835,-26.87033],[-49.15825,-26.8703],[-49.15798,-26.87016],[-49.1579,-26.87016],[-49.15776,-26.87017],[-49.15762,-26.87016],[-49.15745,-26.87012],[-49.15737,-26.87011],[-49.15707,-26.87003],[-49.15701,-26.87006],[-49.15695,-26.87015],[-49.15669,-26.87038],[-49.15666,-26.8704],[-49.15664,-26.87042],[-49.15639,-26.87067],[-49.15631,-26.87073],[-49.15615,-26.87095],[-49.15591,-26.8712],[-49.15584,-26.87131],[-49.15566,-26.87163],[-49.15554,-26.87178],[-49.15536,-26.87191],[-49.15513,-26.87203],[-49.15485,-26.87224],[-49.15471,-26.87226],[-49.15465,-26.87224],[-49.15425,-26.87196],[-49.15407,-26.87191],[-49.15387,-26.87181],[-49.15376,-26.87178],[-49.15369,-26.87177],[-49.15354,-26.87176],[-49.15346,-26.87179],[-49.15331,-26.87186],[-49.15327,-26.87187],[-49.15311,-26.87192],[-49.15294,-26.87191],[-49.15286,-26.87191],[-49.1527,-26.87188],[-49.15263,-26.87188],[-49.15255,-26.87192],[-49.15239,-26.87213],[-49.15211,-26.87222],[-49.15196,-26.87217],[-49.15172,-26.87189],[-49.1516,-26.87172],[-49.15147,-26.87149],[-49.15136,-26.87136],[-49.15106,-26.87113],[-49.15099,-26.87114],[-49.15073,-26.8712],[-49.15047,-26.87123],[-49.15031,-26.87123],[-49.15009,-26.87119],[-49.15006,-26.87118],[-49.15,-26.87115],[-49.14996,-26.87114],[-49.14987,-26.87112],[-49.14831,-26.87049],[-49.14785,-26.87026],[-49.14764,-26.87018],[-49.14716,-26.87007],[-49.14709,-26.87006],[-49.1462,-26.87022],[-49.14606,-26.87021],[-49.14509,-26.87022],[-49.14503,-26.87021],[-49.14493,-26.8701],[-49.14475,-26.86993],[-49.14462,-26.86983],[-49.14421,-26.86958],[-49.14396,-26.8694],[-49.14392,-26.86937],[-49.1436,-26.86912],[-49.14337,-26.86888],[-49.14329,-26.86882],[-49.14322,-26.86877],[-49.14285,-26.86849],[-49.14271,-26.86842],[-49.14254,-26.86837],[-49.14236,-26.86823],[-49.14232,-26.86822],[-49.14191,-26.86809],[-49.14176,-26.86803],[-49.14138,-26.8678],[-49.14135,-26.86771],[-49.14129,-26.86761],[-49.14099,-26.86734],[-49.1406,-26.86708],[-49.14049,-26.86703],[-49.14027,-26.86698],[-49.14014,-26.86695],[-49.13992,-26.86696],[-49.13951,-26.86681],[-49.1395,-26.8668],[-49.13936,-26.86676],[-49.13918,-26.86674],[-49.13888,-26.86673],[-49.13826,-26.86676],[-49.13808,-26.86678],[-49.13798,-26.86682],[-49.13739,-26.86688],[-49.13719,-26.86693],[-49.13699,-26.86702],[-49.13684,-26.86712],[-49.13675,-26.8672],[-49.13654,-26.86746],[-49.13644,-26.86757],[-49.13621,-26.86778],[-49.13611,-26.86785],[-49.13594,-26.86802],[-49.13583,-26.86815],[-49.13578,-26.8683],[-49.13578,-26.86838],[-49.13439,-26.86795],[-49.13342,-26.86753],[-49.1324,-26.86704],[-49.13218,-26.86693],[-49.13182,-26.8667],[-49.13176,-26.86663],[-49.13173,-26.86659],[-49.13173,-26.86591],[-49.13173,-26.86588],[-49.13173,-26.86578],[-49.13177,-26.86567],[-49.13203,-26.86532],[-49.13209,-26.86517],[-49.13208,-26.86503],[-49.13207,-26.86498],[-49.13206,-26.86492],[-49.13194,-26.86462],[-49.13192,-26.86459],[-49.1319,-26.86455],[-49.13186,-26.86434],[-49.13178,-26.86409],[-49.13171,-26.86397],[-49.13169,-26.86386],[-49.13166,-26.86357],[-49.1317,-26.86314],[-49.1317,-26.86303],[-49.13166,-26.86288],[-49.13161,-26.86271],[-49.13145,-26.86234],[-49.13143,-26.8622],[-49.13144,-26.86199],[-49.13142,-26.86186],[-49.13139,-26.86178],[-49.13138,-26.86177],[-49.13125,-26.86141],[-49.13119,-26.86118],[-49.1312,-26.86111],[-49.1312,-26.86107],[-49.13127,-26.86086],[-49.13128,-26.86083],[-49.13135,-26.86065],[-49.13136,-26.86062],[-49.13141,-26.86052],[-49.13142,-26.86049],[-49.13147,-26.86035],[-49.13162,-26.86014],[-49.13167,-26.86002],[-49.13173,-26.85934],[-49.13172,-26.85921],[-49.13171,-26.85917],[-49.13169,-26.85899],[-49.13169,-26.8587],[-49.13168,-26.8586],[-49.13169,-26.85823],[-49.13167,-26.85802],[-49.13166,-26.85792],[-49.13166,-26.85791],[-49.1319,-26.85791],[-49.13224,-26.85788],[-49.13244,-26.8579],[-49.13247,-26.8579],[-49.13299,-26.85794],[-49.13312,-26.85793],[-49.13318,-26.85791],[-49.1339,-26.85782],[-49.13407,-26.85781],[-49.1344,-26.85786],[-49.13442,-26.85785],[-49.13448,-26.85783],[-49.13466,-26.85772],[-49.13479,-26.85765],[-49.13492,-26.85755],[-49.13499,-26.85746],[-49.13528,-26.8573],[-49.1355,-26.85713],[-49.13553,-26.85705],[-49.13559,-26.85658],[-49.13555,-26.85641],[-49.13553,-26.85622],[-49.13556,-26.85608],[-49.1355,-26.85601],[-49.13549,-26.85598],[-49.13555,-26.85573],[-49.1357,-26.85549],[-49.13594,-26.85493],[-49.13593,-26.85488],[-49.13588,-26.85468],[-49.13588,-26.85463],[-49.13593,-26.85447],[-49.13608,-26.85412],[-49.1361,-26.8539],[-49.1361,-26.85378],[-49.1361,-26.85371],[-49.1361,-26.85335],[-49.1361,-26.85326],[-49.1361,-26.85318],[-49.13609,-26.85295],[-49.13609,-26.85279],[-49.13609,-26.85274],[-49.13608,-26.85217],[-49.13607,-26.8521],[-49.13606,-26.85206],[-49.13601,-26.85189],[-49.136,-26.85184],[-49.13597,-26.85128],[-49.13612,-26.85114],[-49.13621,-26.8512],[-49.13627,-26.85119],[-49.13639,-26.85106],[-49.13654,-26.85087],[-49.13657,-26.8508],[-49.13657,-26.85073],[-49.13657,-26.85061],[-49.13653,-26.85047],[-49.13653,-26.8504],[-49.1366,-26.85015],[-49.13678,-26.8499],[-49.13686,-26.84981],[-49.13693,-26.84977],[-49.13701,-26.84976],[-49.13722,-26.84976],[-49.13741,-26.84982],[-49.13786,-26.85004],[-49.13798,-26.85007],[-49.1381,-26.85005],[-49.13818,-26.85002],[-49.13866,-26.84979],[-49.13872,-26.8497],[-49.13867,-26.84967],[-49.1387,-26.84959],[-49.13869,-26.84933],[-49.13864,-26.84911],[-49.13862,-26.84896],[-49.13862,-26.84889],[-49.13864,-26.84886],[-49.13887,-26.84874],[-49.13894,-26.84869],[-49.13901,-26.84863],[-49.13907,-26.84862],[-49.13909,-26.84859],[-49.13907,-26.84837],[-49.13904,-26.84836],[-49.13905,-26.84831],[-49.13886,-26.84821],[-49.13869,-26.84799],[-49.13851,-26.8479],[-49.13842,-26.84782],[-49.13837,-26.84773],[-49.13836,-26.84766],[-49.13836,-26.84761],[-49.13836,-26.84754],[-49.13839,-26.84749],[-49.1385,-26.84749],[-49.13854,-26.84729],[-49.13854,-26.84721],[-49.13842,-26.8471],[-49.13833,-26.84698],[-49.13832,-26.84689],[-49.13835,-26.84683],[-49.13842,-26.84678],[-49.1385,-26.84677],[-49.13862,-26.84679],[-49.13874,-26.84676],[-49.13878,-26.84672],[-49.1388,-26.84665],[-49.13877,-26.84651],[-49.13882,-26.84651],[-49.13897,-26.84642],[-49.13913,-26.84625],[-49.1392,-26.84622],[-49.1393,-26.84622],[-49.13933,-26.84619],[-49.13937,-26.84613],[-49.13936,-26.84591],[-49.1394,-26.84576],[-49.13939,-26.84564],[-49.13936,-26.84528],[-49.13935,-26.84523],[-49.13933,-26.84521],[-49.13927,-26.84516],[-49.13903,-26.84511],[-49.13896,-26.84507],[-49.13894,-26.84504],[-49.1389,-26.8449],[-49.13884,-26.84485],[-49.13876,-26.84485],[-49.13863,-26.84487],[-49.13869,-26.84475],[-49.13867,-26.8446],[-49.13869,-26.84451],[-49.13868,-26.84449],[-49.13871,-26.84448],[-49.13872,-26.84444],[-49.13875,-26.84435],[-49.13879,-26.84431],[-49.1388,-26.84427],[-49.13878,-26.8442],[-49.13878,-26.84406],[-49.13875,-26.84403],[-49.13878,-26.84401],[-49.13881,-26.84397],[-49.13883,-26.84386],[-49.13874,-26.84369],[-49.13868,-26.84367],[-49.13872,-26.8436],[-49.13871,-26.84352],[-49.1388,-26.84353],[-49.13897,-26.84351],[-49.13904,-26.84348],[-49.13909,-26.84342],[-49.13912,-26.84335],[-49.13912,-26.84318],[-49.1391,-26.84315],[-49.13904,-26.8431],[-49.13884,-26.84303],[-49.13866,-26.84293],[-49.13881,-26.84284],[-49.13888,-26.84277],[-49.1389,-26.84271],[-49.13886,-26.84249],[-49.13887,-26.84238],[-49.13889,-26.84231],[-49.13888,-26.84216],[-49.13882,-26.84186],[-49.13881,-26.8416],[-49.13879,-26.84153],[-49.13867,-26.84138],[-49.13849,-26.84123],[-49.13842,-26.8412],[-49.13826,-26.84121],[-49.13812,-26.84115],[-49.13809,-26.84111],[-49.13803,-26.84094],[-49.13819,-26.84098],[-49.13835,-26.84098],[-49.13858,-26.84091],[-49.13862,-26.84089],[-49.13866,-26.84074],[-49.13873,-26.84065],[-49.13873,-26.84054],[-49.13867,-26.84043],[-49.1386,-26.84024],[-49.13861,-26.84014],[-49.13846,-26.83992],[-49.13829,-26.83981],[-49.13797,-26.83971],[-49.13793,-26.83967],[-49.13791,-26.83962],[-49.13795,-26.83944],[-49.13799,-26.83933],[-49.13814,-26.8391],[-49.13823,-26.83902],[-49.1384,-26.83899],[-49.13857,-26.83899],[-49.13866,-26.83889],[-49.13875,-26.83872],[-49.13877,-26.83865],[-49.13875,-26.83854],[-49.13864,-26.83851],[-49.13841,-26.83841],[-49.13811,-26.83824],[-49.13799,-26.8382],[-49.13793,-26.83816],[-49.13782,-26.83805],[-49.13783,-26.83801],[-49.13789,-26.83796],[-49.13786,-26.8379],[-49.13786,-26.83784],[-49.13786,-26.83775],[-49.13791,-26.83765],[-49.13801,-26.83753],[-49.13806,-26.83735],[-49.13811,-26.8373],[-49.1382,-26.83729],[-49.13823,-26.83728],[-49.13826,-26.83725],[-49.13831,-26.83715],[-49.13834,-26.83697],[-49.1384,-26.83687],[-49.13873,-26.83649],[-49.13883,-26.83632],[-49.13886,-26.83617],[-49.1388,-26.83607],[-49.13875,-26.83601],[-49.13862,-26.83593],[-49.13851,-26.83593],[-49.13837,-26.83596],[-49.13826,-26.83601],[-49.1382,-26.83606],[-49.13805,-26.83613],[-49.13777,-26.83634],[-49.13766,-26.83638],[-49.13765,-26.83631],[-49.13768,-26.83621],[-49.13772,-26.83611],[-49.13786,-26.8359],[-49.13792,-26.83573],[-49.13811,-26.8356],[-49.13825,-26.83546],[-49.13835,-26.83539],[-49.13837,-26.83536],[-49.13838,-26.83524],[-49.13852,-26.83506],[-49.13859,-26.83485],[-49.13861,-26.83481],[-49.13869,-26.83476],[-49.13873,-26.8347],[-49.13875,-26.83465],[-49.13876,-26.83455],[-49.13883,-26.83439],[-49.13885,-26.83431],[-49.13887,-26.83425],[-49.13958,-26.83436],[-49.14063,-26.83452],[-49.14115,-26.8346],[-49.14392,-26.83504],[-49.14442,-26.83512],[-49.14834,-26.83574],[-49.15132,-26.83621],[-49.15155,-26.83624],[-49.15458,-26.83674],[-49.15686,-26.83708],[-49.16102,-26.83775],[-49.16308,-26.83808],[-49.16314,-26.83809],[-49.16361,-26.83816],[-49.16377,-26.83819],[-49.16389,-26.83795],[-49.1639,-26.83788],[-49.16386,-26.83737],[-49.16385,-26.83734],[-49.16381,-26.8373],[-49.16383,-26.83724],[-49.16373,-26.8372],[-49.16369,-26.83715],[-49.16367,-26.83711],[-49.16358,-26.83703],[-49.1636,-26.83697],[-49.16363,-26.83689],[-49.16365,-26.83689],[-49.16369,-26.83685],[-49.16386,-26.83679],[-49.16399,-26.8367],[-49.16403,-26.83664],[-49.16416,-26.83661],[-49.16426,-26.83663],[-49.16436,-26.8367],[-49.16438,-26.83672],[-49.16442,-26.83672],[-49.16444,-26.83671],[-49.16442,-26.83656],[-49.16437,-26.83649],[-49.16437,-26.83638],[-49.16444,-26.8363],[-49.16459,-26.83625],[-49.16471,-26.83619],[-49.16477,-26.83615],[-49.16503,-26.83601],[-49.16511,-26.83593],[-49.16518,-26.83581],[-49.16528,-26.83577],[-49.16533,-26.83573],[-49.16545,-26.83551],[-49.16551,-26.83543],[-49.16557,-26.83539],[-49.16563,-26.83538],[-49.16584,-26.83546],[-49.16589,-26.83546],[-49.16593,-26.83543],[-49.16593,-26.83535],[-49.1659,-26.83509],[-49.16586,-26.83503],[-49.16586,-26.83497],[-49.16595,-26.83492],[-49.16606,-26.83489],[-49.16625,-26.83503],[-49.16635,-26.83507],[-49.16652,-26.83519],[-49.1667,-26.83536],[-49.16675,-26.83553],[-49.16675,-26.83559],[-49.16664,-26.83572],[-49.16652,-26.83578],[-49.1665,-26.83581],[-49.1665,-26.83584],[-49.16653,-26.83584],[-49.16679,-26.83584],[-49.16685,-26.83586],[-49.16693,-26.83587],[-49.16716,-26.83596],[-49.1672,-26.83595],[-49.16732,-26.8359],[-49.16743,-26.83588],[-49.16748,-26.83589],[-49.16753,-26.83594],[-49.16755,-26.83598],[-49.16755,-26.83618],[-49.16753,-26.83635],[-49.16759,-26.83637],[-49.16767,-26.83635],[-49.16779,-26.83627],[-49.16784,-26.8362],[-49.16774,-26.83588],[-49.16772,-26.83579],[-49.16773,-26.83563],[-49.16778,-26.83558],[-49.16787,-26.83554],[-49.16788,-26.8355],[-49.16786,-26.83537],[-49.1679,-26.83513],[-49.16795,-26.83508],[-49.16803,-26.83505],[-49.16849,-26.83498],[-49.16899,-26.83493],[-49.16914,-26.83493],[-49.16919,-26.83494],[-49.16927,-26.83502],[-49.16969,-26.83503],[-49.1698,-26.83501],[-49.16993,-26.83498],[-49.17006,-26.83485],[-49.17025,-26.83474],[-49.17044,-26.83466],[-49.17055,-26.83466],[-49.17102,-26.83462],[-49.17116,-26.83463],[-49.17133,-26.83479],[-49.17147,-26.83481],[-49.17156,-26.83481],[-49.17165,-26.83479],[-49.17174,-26.83473],[-49.17189,-26.83452],[-49.17199,-26.83421],[-49.17206,-26.83412],[-49.17216,-26.83408],[-49.17225,-26.83409],[-49.17232,-26.83414],[-49.17242,-26.83417],[-49.17247,-26.83427],[-49.17276,-26.83444],[-49.17291,-26.83451],[-49.173,-26.83452],[-49.1733,-26.83453],[-49.17336,-26.83452]]]}},{"type":"Feature","properties":{"bairro":"FIDELIS","codigo":"29"},"geometry":{"type":"Polygon","coordinates":[[[-49.08657,-26.85059],[-49.08646,-26.85061],[-49.08627,-26.85068],[-49.08627,-26.85074],[-49.08619,-26.85083],[-49.08566,-26.85122],[-49.08543,-26.85146],[-49.08535,-26.85159],[-49.08528,-26.85175],[-49.08519,-26.85199],[-49.0851,-26.85216],[-49.08496,-26.85258],[-49.08477,-26.85308],[-49.08465,-26.85329],[-49.08459,-26.85344],[-49.08449,-26.85366],[-49.08441,-26.85378],[-49.08435,-26.85388],[-49.08434,-26.85394],[-49.08424,-26.85408],[-49.08399,-26.85428],[-49.08393,-26.85434],[-49.08392,-26.85441],[-49.08399,-26.85464],[-49.08409,-26.85475],[-49.08427,-26.85486],[-49.08453,-26.85515],[-49.08424,-26.85554],[-49.08419,-26.8556],[-49.0841,-26.8556],[-49.08403,-26.85555],[-49.08398,-26.85545],[-49.08389,-26.85534],[-49.08361,-26.85492],[-49.08352,-26.85485],[-49.08339,-26.85479],[-49.08327,-26.85478],[-49.0829,-26.85482],[-49.08279,-26.85485],[-49.08264,-26.85492],[-49.08255,-26.85499],[-49.08252,-26.85506],[-49.08258,-26.85513],[-49.0829,-26.85528],[-49.08293,-26.85537],[-49.08285,-26.8556],[-49.08269,-26.85579],[-49.08263,-26.85599],[-49.08263,-26.856],[-49.08254,-26.85623],[-49.08246,-26.85642],[-49.08225,-26.85681],[-49.08226,-26.85692],[-49.08229,-26.85697],[-49.08235,-26.85699],[-49.08248,-26.85699],[-49.0827,-26.85684],[-49.0828,-26.8568],[-49.0829,-26.85678],[-49.08329,-26.85682],[-49.08338,-26.85689],[-49.08347,-26.85703],[-49.08374,-26.85756],[-49.08373,-26.85799],[-49.08372,-26.8581],[-49.08369,-26.85815],[-49.08362,-26.8582],[-49.08349,-26.85818],[-49.08307,-26.85788],[-49.08285,-26.85778],[-49.08258,-26.85761],[-49.08241,-26.85759],[-49.08236,-26.85762],[-49.08233,-26.85768],[-49.08233,-26.85781],[-49.08241,-26.85791],[-49.08252,-26.85802],[-49.08263,-26.85819],[-49.08276,-26.85842],[-49.08286,-26.8587],[-49.08281,-26.85917],[-49.08284,-26.85924],[-49.08292,-26.85932],[-49.08306,-26.85937],[-49.08329,-26.85937],[-49.08337,-26.85941],[-49.08408,-26.85988],[-49.08428,-26.85997],[-49.0844,-26.86009],[-49.08459,-26.86028],[-49.0847,-26.86037],[-49.08477,-26.86053],[-49.08482,-26.86058],[-49.08487,-26.86072],[-49.08485,-26.86082],[-49.08476,-26.86094],[-49.08464,-26.86104],[-49.08441,-26.86104],[-49.08422,-26.86091],[-49.08413,-26.86067],[-49.08406,-26.86057],[-49.08382,-26.86051],[-49.08362,-26.86055],[-49.08354,-26.86059],[-49.08347,-26.86065],[-49.08338,-26.86089],[-49.0833,-26.861],[-49.08322,-26.86117],[-49.0832,-26.86127],[-49.08322,-26.86141],[-49.08328,-26.8615],[-49.0835,-26.86166],[-49.08359,-26.86178],[-49.08362,-26.86187],[-49.08362,-26.86211],[-49.08361,-26.86215],[-49.0836,-26.86216],[-49.0835,-26.86213],[-49.08308,-26.862],[-49.08268,-26.86188],[-49.0826,-26.86186],[-49.08245,-26.86181],[-49.08236,-26.86179],[-49.08209,-26.86169],[-49.08203,-26.86167],[-49.08189,-26.86162],[-49.08175,-26.86156],[-49.08158,-26.8615],[-49.08149,-26.86147],[-49.0814,-26.86143],[-49.08132,-26.8614],[-49.08118,-26.86133],[-49.08112,-26.8613],[-49.08092,-26.86121],[-49.08086,-26.86118],[-49.08019,-26.86083],[-49.08011,-26.86078],[-49.07992,-26.86067],[-49.07984,-26.86063],[-49.07959,-26.86048],[-49.07954,-26.86046],[-49.07915,-26.86025],[-49.07874,-26.86008],[-49.07851,-26.85999],[-49.07824,-26.85993],[-49.07816,-26.85991],[-49.07798,-26.85988],[-49.0777,-26.85985],[-49.0774,-26.85982],[-49.07732,-26.85982],[-49.07702,-26.85981],[-49.07693,-26.85981],[-49.07667,-26.85979],[-49.07659,-26.85979],[-49.07649,-26.85979],[-49.07641,-26.85979],[-49.07618,-26.85978],[-49.0761,-26.85977],[-49.07598,-26.85977],[-49.07555,-26.85976],[-49.07546,-26.85976],[-49.07534,-26.85976],[-49.07524,-26.85975],[-49.07519,-26.85975],[-49.07515,-26.85975],[-49.07507,-26.85975],[-49.07498,-26.85975],[-49.07474,-26.85974],[-49.07465,-26.85974],[-49.07436,-26.85973],[-49.07428,-26.85973],[-49.07398,-26.85974],[-49.07387,-26.85976],[-49.07376,-26.85978],[-49.07368,-26.85979],[-49.07359,-26.8598],[-49.07351,-26.85981],[-49.07333,-26.85985],[-49.07324,-26.85988],[-49.073,-26.85997],[-49.07306,-26.85984],[-49.07319,-26.85966],[-49.07332,-26.85958],[-49.07334,-26.85956],[-49.07347,-26.85947],[-49.07355,-26.85938],[-49.07363,-26.85925],[-49.07376,-26.85896],[-49.07398,-26.85869],[-49.07426,-26.85839],[-49.07429,-26.85829],[-49.07429,-26.85824],[-49.07428,-26.8581],[-49.07421,-26.85793],[-49.07418,-26.85781],[-49.07416,-26.8575],[-49.07416,-26.85746],[-49.07418,-26.85727],[-49.07424,-26.85713],[-49.07425,-26.85708],[-49.07429,-26.85691],[-49.0743,-26.85679],[-49.07442,-26.85627],[-49.07444,-26.85615],[-49.0744,-26.85586],[-49.0743,-26.85556],[-49.07428,-26.85551],[-49.07416,-26.85523],[-49.07413,-26.85518],[-49.07387,-26.85479],[-49.07384,-26.85475],[-49.07373,-26.85463],[-49.07367,-26.85459],[-49.07345,-26.85443],[-49.07329,-26.85435],[-49.07321,-26.85422],[-49.07311,-26.85412],[-49.07291,-26.85386],[-49.07286,-26.85382],[-49.07279,-26.85379],[-49.07261,-26.8537],[-49.07254,-26.85367],[-49.07225,-26.85356],[-49.07174,-26.85343],[-49.0715,-26.85339],[-49.07079,-26.85322],[-49.07076,-26.85322],[-49.07041,-26.85313],[-49.0702,-26.8531],[-49.0701,-26.85309],[-49.06962,-26.85304],[-49.06937,-26.85292],[-49.06889,-26.85266],[-49.06875,-26.85261],[-49.06837,-26.85251],[-49.06821,-26.85249],[-49.06809,-26.85249],[-49.0679,-26.85251],[-49.06774,-26.85258],[-49.06757,-26.85259],[-49.06744,-26.85263],[-49.06724,-26.85273],[-49.0672,-26.8528],[-49.06718,-26.85288],[-49.06717,-26.85292],[-49.06714,-26.8531],[-49.06716,-26.85366],[-49.06716,-26.8537],[-49.0672,-26.85395],[-49.0672,-26.85405],[-49.06712,-26.85414],[-49.06706,-26.85418],[-49.06698,-26.85419],[-49.06693,-26.8542],[-49.06463,-26.85406],[-49.06461,-26.85406],[-49.06294,-26.85402],[-49.06217,-26.85395],[-49.06174,-26.85394],[-49.06059,-26.854],[-49.06057,-26.85399],[-49.06056,-26.85397],[-49.06063,-26.85387],[-49.06066,-26.85377],[-49.06064,-26.85361],[-49.06063,-26.85357],[-49.06059,-26.85345],[-49.06054,-26.85337],[-49.06045,-26.85329],[-49.06038,-26.85325],[-49.0602,-26.85314],[-49.05999,-26.85306],[-49.05988,-26.85308],[-49.05963,-26.85307],[-49.0594,-26.853],[-49.05925,-26.85294],[-49.05918,-26.8529],[-49.05914,-26.85286],[-49.05898,-26.8527],[-49.05855,-26.85243],[-49.05839,-26.85236],[-49.05814,-26.85229],[-49.05775,-26.85222],[-49.05758,-26.85215],[-49.0575,-26.85208],[-49.05734,-26.85198],[-49.05719,-26.85191],[-49.05699,-26.85176],[-49.05694,-26.85169],[-49.05679,-26.85121],[-49.05677,-26.85091],[-49.0568,-26.85073],[-49.05683,-26.85061],[-49.05693,-26.85047],[-49.05707,-26.85037],[-49.05721,-26.85033],[-49.0575,-26.85019],[-49.05763,-26.85008],[-49.05768,-26.84998],[-49.0577,-26.8498],[-49.05773,-26.84972],[-49.05776,-26.84965],[-49.05782,-26.8496],[-49.05801,-26.84951],[-49.05829,-26.84947],[-49.05839,-26.84942],[-49.05852,-26.84929],[-49.05862,-26.84914],[-49.05867,-26.84897],[-49.05862,-26.84859],[-49.05862,-26.84812],[-49.05865,-26.84804],[-49.05875,-26.84796],[-49.05887,-26.84792],[-49.0589,-26.84792],[-49.05951,-26.84775],[-49.05965,-26.84768],[-49.06009,-26.8476],[-49.06026,-26.84756],[-49.0605,-26.84754],[-49.06118,-26.84737],[-49.06137,-26.84734],[-49.06209,-26.84729],[-49.06259,-26.84732],[-49.06268,-26.84732],[-49.06274,-26.84731],[-49.06284,-26.84723],[-49.06295,-26.8471],[-49.0631,-26.84677],[-49.06317,-26.84671],[-49.06335,-26.84661],[-49.06348,-26.84645],[-49.06367,-26.84628],[-49.06355,-26.84608],[-49.06349,-26.84589],[-49.06349,-26.84582],[-49.06355,-26.84562],[-49.06365,-26.84552],[-49.06365,-26.84546],[-49.06363,-26.84536],[-49.0636,-26.8453],[-49.06336,-26.84511],[-49.06317,-26.845],[-49.06294,-26.84493],[-49.06238,-26.84482],[-49.06186,-26.84478],[-49.06078,-26.84485],[-49.06044,-26.84495],[-49.06025,-26.8451],[-49.06013,-26.84518],[-49.05948,-26.8453],[-49.05916,-26.84533],[-49.05911,-26.84534],[-49.05894,-26.84537],[-49.05889,-26.84538],[-49.05874,-26.84541],[-49.05869,-26.84542],[-49.05828,-26.84554],[-49.05788,-26.84561],[-49.05726,-26.84567],[-49.05667,-26.84577],[-49.05663,-26.84578],[-49.05579,-26.84588],[-49.0551,-26.8459],[-49.05467,-26.84564],[-49.05457,-26.84557],[-49.05418,-26.84554],[-49.05411,-26.84553],[-49.05396,-26.8455],[-49.05386,-26.84545],[-49.0537,-26.84531],[-49.05365,-26.84527],[-49.05332,-26.84504],[-49.05311,-26.84494],[-49.05308,-26.84492],[-49.05261,-26.84461],[-49.05254,-26.84442],[-49.05249,-26.84417],[-49.05248,-26.84412],[-49.05247,-26.84406],[-49.05246,-26.84402],[-49.05242,-26.84375],[-49.05236,-26.84358],[-49.05231,-26.84349],[-49.05229,-26.8434],[-49.05221,-26.84317],[-49.0522,-26.84313],[-49.05215,-26.84302],[-49.05207,-26.84291],[-49.052,-26.84285],[-49.05187,-26.84279],[-49.05173,-26.84261],[-49.05167,-26.84209],[-49.0516,-26.84199],[-49.05156,-26.84194],[-49.05152,-26.8419],[-49.05137,-26.84172],[-49.05128,-26.84166],[-49.05102,-26.84138],[-49.05086,-26.84096],[-49.05085,-26.84092],[-49.05085,-26.84088],[-49.05083,-26.84057],[-49.05083,-26.84053],[-49.05084,-26.84033],[-49.05085,-26.84029],[-49.05084,-26.84004],[-49.0508,-26.8399],[-49.05072,-26.83977],[-49.05054,-26.83954],[-49.0502,-26.83863],[-49.05016,-26.83852],[-49.0501,-26.83825],[-49.05009,-26.83821],[-49.0499,-26.83753],[-49.04987,-26.83728],[-49.04987,-26.83709],[-49.04996,-26.83692],[-49.05012,-26.83682],[-49.05018,-26.83679],[-49.05034,-26.83665],[-49.05055,-26.83627],[-49.05074,-26.836],[-49.05078,-26.83594],[-49.05093,-26.83584],[-49.05103,-26.83581],[-49.05133,-26.83578],[-49.05137,-26.83564],[-49.05137,-26.83532],[-49.05137,-26.83528],[-49.05137,-26.83525],[-49.05137,-26.83521],[-49.05138,-26.83516],[-49.05139,-26.83512],[-49.05139,-26.83507],[-49.0514,-26.83503],[-49.0514,-26.83499],[-49.05141,-26.83496],[-49.05142,-26.83488],[-49.05142,-26.83484],[-49.05143,-26.83476],[-49.05144,-26.83473],[-49.05144,-26.83447],[-49.05147,-26.83415],[-49.05171,-26.83421],[-49.05177,-26.83421],[-49.05186,-26.83417],[-49.05195,-26.83409],[-49.05199,-26.83404],[-49.05205,-26.83394],[-49.05232,-26.83393],[-49.05242,-26.83394],[-49.05246,-26.83397],[-49.05252,-26.83404],[-49.05258,-26.83416],[-49.05271,-26.8343],[-49.05275,-26.83433],[-49.05284,-26.83434],[-49.05299,-26.83433],[-49.05322,-26.83424],[-49.05361,-26.83416],[-49.05385,-26.83408],[-49.05413,-26.83399],[-49.05439,-26.83385],[-49.05448,-26.83381],[-49.05459,-26.83371],[-49.0546,-26.83367],[-49.05461,-26.83351],[-49.05461,-26.83349],[-49.0546,-26.8334],[-49.05457,-26.83331],[-49.0545,-26.83325],[-49.05428,-26.83315],[-49.0542,-26.83303],[-49.05409,-26.83295],[-49.05408,-26.83291],[-49.05406,-26.83283],[-49.05408,-26.83274],[-49.05424,-26.83231],[-49.05427,-26.83218],[-49.05426,-26.83203],[-49.05423,-26.83195],[-49.05415,-26.83182],[-49.05411,-26.83148],[-49.05409,-26.83141],[-49.05402,-26.83132],[-49.05385,-26.83115],[-49.05336,-26.83093],[-49.05333,-26.83091],[-49.05332,-26.83071],[-49.05326,-26.83063],[-49.05318,-26.8306],[-49.05313,-26.83061],[-49.05295,-26.83073],[-49.05287,-26.83067],[-49.05279,-26.83055],[-49.05268,-26.83045],[-49.05256,-26.8303],[-49.0524,-26.8302],[-49.05235,-26.83019],[-49.05226,-26.83022],[-49.05203,-26.83046],[-49.05189,-26.83052],[-49.0517,-26.83067],[-49.05164,-26.83069],[-49.05158,-26.8307],[-49.05125,-26.83061],[-49.05105,-26.83041],[-49.05092,-26.83034],[-49.05074,-26.83027],[-49.05044,-26.83025],[-49.05035,-26.83021],[-49.0503,-26.83016],[-49.05019,-26.83003],[-49.05006,-26.82997],[-49.04994,-26.82982],[-49.0499,-26.82979],[-49.04977,-26.82976],[-49.04968,-26.82972],[-49.04947,-26.82949],[-49.04932,-26.82935],[-49.04906,-26.82921],[-49.04896,-26.82919],[-49.04876,-26.82923],[-49.04852,-26.82917],[-49.04844,-26.82917],[-49.04836,-26.8292],[-49.04822,-26.8293],[-49.04821,-26.82918],[-49.04823,-26.82903],[-49.04822,-26.82893],[-49.04819,-26.82882],[-49.04804,-26.82858],[-49.0479,-26.82845],[-49.04783,-26.82836],[-49.04778,-26.82834],[-49.04776,-26.82833],[-49.04788,-26.82833],[-49.04791,-26.82831],[-49.04805,-26.82837],[-49.04826,-26.82841],[-49.04836,-26.8284],[-49.0485,-26.82835],[-49.04869,-26.82831],[-49.04914,-26.82831],[-49.04925,-26.82827],[-49.04952,-26.82805],[-49.04957,-26.82802],[-49.04983,-26.82794],[-49.04997,-26.82788],[-49.05005,-26.82782],[-49.05014,-26.82767],[-49.05029,-26.82755],[-49.05053,-26.82749],[-49.05064,-26.8274],[-49.05074,-26.82738],[-49.05084,-26.82728],[-49.05085,-26.82723],[-49.05083,-26.82716],[-49.05094,-26.8272],[-49.05125,-26.82733],[-49.05133,-26.82739],[-49.0514,-26.82743],[-49.05147,-26.82744],[-49.05176,-26.82745],[-49.05182,-26.82742],[-49.0519,-26.82734],[-49.05193,-26.82731],[-49.05216,-26.82693],[-49.05224,-26.82675],[-49.0523,-26.82669],[-49.05266,-26.8266],[-49.05284,-26.82647],[-49.0531,-26.82626],[-49.0532,-26.82615],[-49.05331,-26.826],[-49.05339,-26.82584],[-49.0534,-26.82548],[-49.05343,-26.82535],[-49.05345,-26.82532],[-49.05355,-26.82527],[-49.05362,-26.82521],[-49.05366,-26.82508],[-49.05365,-26.82485],[-49.05376,-26.82474],[-49.05376,-26.82435],[-49.0538,-26.82406],[-49.05384,-26.82391],[-49.05387,-26.82381],[-49.05399,-26.82356],[-49.05418,-26.82325],[-49.0542,-26.82314],[-49.05419,-26.82303],[-49.05417,-26.82293],[-49.05407,-26.82287],[-49.05396,-26.82274],[-49.05386,-26.82243],[-49.05387,-26.82228],[-49.05392,-26.82222],[-49.05398,-26.82221],[-49.05431,-26.82229],[-49.05443,-26.82229],[-49.05462,-26.82227],[-49.0548,-26.82219],[-49.05481,-26.82215],[-49.05476,-26.82205],[-49.0547,-26.82199],[-49.05468,-26.82193],[-49.05466,-26.82177],[-49.05462,-26.82167],[-49.05462,-26.82163],[-49.05464,-26.82155],[-49.05471,-26.82151],[-49.05477,-26.8215],[-49.05498,-26.82153],[-49.05508,-26.82152],[-49.05513,-26.82149],[-49.05516,-26.82146],[-49.05518,-26.82141],[-49.05521,-26.82139],[-49.05527,-26.82127],[-49.05525,-26.82122],[-49.05495,-26.82089],[-49.05496,-26.8207],[-49.05504,-26.82062],[-49.05507,-26.82054],[-49.0551,-26.82047],[-49.0552,-26.82036],[-49.05531,-26.82031],[-49.05544,-26.8202],[-49.05554,-26.82005],[-49.05554,-26.82003],[-49.05551,-26.82001],[-49.05554,-26.81994],[-49.05554,-26.81988],[-49.05553,-26.81986],[-49.05544,-26.81979],[-49.05523,-26.81968],[-49.05493,-26.81934],[-49.0549,-26.8193],[-49.05482,-26.81921],[-49.05477,-26.81915],[-49.05466,-26.81912],[-49.05464,-26.81908],[-49.05463,-26.81903],[-49.05466,-26.81887],[-49.05465,-26.81878],[-49.05461,-26.81874],[-49.05456,-26.81872],[-49.05439,-26.81868],[-49.05422,-26.81855],[-49.05446,-26.81848],[-49.05463,-26.81845],[-49.05484,-26.8184],[-49.05485,-26.8184],[-49.055,-26.81838],[-49.05534,-26.81841],[-49.05546,-26.81839],[-49.05564,-26.81833],[-49.05572,-26.81832],[-49.05584,-26.81833],[-49.05595,-26.8183],[-49.05613,-26.81833],[-49.05621,-26.81831],[-49.05629,-26.81823],[-49.05635,-26.81805],[-49.0564,-26.81799],[-49.05647,-26.81794],[-49.05658,-26.81789],[-49.05671,-26.81785],[-49.05672,-26.81776],[-49.05681,-26.81773],[-49.05687,-26.81772],[-49.05693,-26.81772],[-49.05711,-26.81771],[-49.05722,-26.81768],[-49.05739,-26.81763],[-49.0575,-26.81742],[-49.05775,-26.81738],[-49.05786,-26.81734],[-49.05793,-26.81728],[-49.05794,-26.8172],[-49.05787,-26.81706],[-49.05786,-26.81695],[-49.05787,-26.8169],[-49.05794,-26.81677],[-49.05809,-26.81675],[-49.05826,-26.81667],[-49.05835,-26.8166],[-49.05839,-26.81653],[-49.05845,-26.81644],[-49.05854,-26.81632],[-49.05857,-26.81625],[-49.05855,-26.81623],[-49.05853,-26.81613],[-49.05839,-26.81586],[-49.05829,-26.81572],[-49.05815,-26.81544],[-49.0581,-26.81518],[-49.05808,-26.81511],[-49.05801,-26.81499],[-49.05775,-26.81481],[-49.05758,-26.81464],[-49.05751,-26.81458],[-49.0574,-26.81451],[-49.05735,-26.81438],[-49.05724,-26.81428],[-49.05707,-26.81418],[-49.05691,-26.81406],[-49.05665,-26.81393],[-49.05653,-26.81382],[-49.05651,-26.81381],[-49.05637,-26.81372],[-49.05611,-26.81371],[-49.05628,-26.8136],[-49.05631,-26.81355],[-49.0562,-26.8134],[-49.05621,-26.81338],[-49.05637,-26.81331],[-49.05645,-26.81329],[-49.05647,-26.81323],[-49.05653,-26.81317],[-49.05654,-26.81307],[-49.0565,-26.81292],[-49.05643,-26.81283],[-49.0564,-26.81281],[-49.0562,-26.81265],[-49.05642,-26.81264],[-49.05662,-26.81258],[-49.05678,-26.81259],[-49.05682,-26.81258],[-49.05692,-26.81249],[-49.05698,-26.81237],[-49.05705,-26.81227],[-49.05711,-26.81222],[-49.05719,-26.8122],[-49.05726,-26.81223],[-49.0574,-26.81232],[-49.05751,-26.81237],[-49.05763,-26.8124],[-49.0578,-26.8124],[-49.0589,-26.81233],[-49.05896,-26.81232],[-49.05908,-26.8123],[-49.05936,-26.81223],[-49.05957,-26.81219],[-49.05968,-26.81214],[-49.05993,-26.81209],[-49.06012,-26.81201],[-49.06045,-26.81199],[-49.0607,-26.81187],[-49.06086,-26.8117],[-49.0609,-26.81166],[-49.06101,-26.8116],[-49.06123,-26.81146],[-49.06143,-26.81139],[-49.06159,-26.8112],[-49.06164,-26.81111],[-49.06167,-26.81055],[-49.06167,-26.81048],[-49.06159,-26.81015],[-49.0616,-26.80999],[-49.06163,-26.80989],[-49.06165,-26.80984],[-49.06166,-26.8098],[-49.06165,-26.80967],[-49.0617,-26.80958],[-49.06183,-26.80941],[-49.06184,-26.80936],[-49.06182,-26.80929],[-49.06185,-26.80924],[-49.06186,-26.80921],[-49.06189,-26.80906],[-49.06187,-26.80892],[-49.06186,-26.80885],[-49.06187,-26.80874],[-49.06211,-26.80889],[-49.06222,-26.80894],[-49.06227,-26.80893],[-49.06245,-26.8088],[-49.0627,-26.80872],[-49.06276,-26.80864],[-49.06284,-26.80863],[-49.06307,-26.80844],[-49.06316,-26.80833],[-49.0632,-26.80816],[-49.06324,-26.80819],[-49.06327,-26.80846],[-49.06335,-26.80868],[-49.06352,-26.80899],[-49.06355,-26.80909],[-49.06355,-26.80922],[-49.0635,-26.80954],[-49.06344,-26.80966],[-49.06336,-26.80975],[-49.06332,-26.80982],[-49.06333,-26.80993],[-49.06334,-26.81005],[-49.06349,-26.81002],[-49.0635,-26.81004],[-49.06355,-26.81004],[-49.06355,-26.81011],[-49.06369,-26.81011],[-49.0637,-26.81027],[-49.06391,-26.81026],[-49.06392,-26.81027],[-49.06405,-26.81027],[-49.06405,-26.81034],[-49.06411,-26.81035],[-49.06414,-26.81035],[-49.0642,-26.81035],[-49.0643,-26.81031],[-49.06433,-26.81029],[-49.06434,-26.81025],[-49.06447,-26.81021],[-49.06451,-26.81018],[-49.06456,-26.81006],[-49.06463,-26.81001],[-49.06462,-26.80997],[-49.0647,-26.80996],[-49.06474,-26.80992],[-49.06485,-26.80986],[-49.06499,-26.80984],[-49.06515,-26.80988],[-49.06521,-26.80987],[-49.06538,-26.80983],[-49.06562,-26.8098],[-49.06581,-26.80972],[-49.06589,-26.8097],[-49.0659,-26.80968],[-49.0659,-26.80951],[-49.06597,-26.80955],[-49.06603,-26.80962],[-49.0662,-26.80969],[-49.06627,-26.80976],[-49.0663,-26.80986],[-49.06628,-26.80996],[-49.06622,-26.81006],[-49.06605,-26.81028],[-49.066,-26.81033],[-49.06598,-26.81039],[-49.06601,-26.81041],[-49.06599,-26.81046],[-49.066,-26.81047],[-49.06601,-26.81051],[-49.06601,-26.81058],[-49.06604,-26.81064],[-49.0661,-26.81066],[-49.06625,-26.81066],[-49.06629,-26.81067],[-49.06632,-26.81072],[-49.06632,-26.81078],[-49.06629,-26.81083],[-49.06609,-26.81095],[-49.06612,-26.811],[-49.06607,-26.81107],[-49.06587,-26.81115],[-49.06581,-26.81128],[-49.06574,-26.81133],[-49.06559,-26.81136],[-49.06549,-26.8114],[-49.06536,-26.81151],[-49.06533,-26.81156],[-49.06521,-26.8116],[-49.06517,-26.81165],[-49.06506,-26.81178],[-49.06483,-26.81201],[-49.06483,-26.81202],[-49.06487,-26.81204],[-49.06484,-26.81209],[-49.06485,-26.81211],[-49.06478,-26.8122],[-49.06463,-26.81233],[-49.06459,-26.81237],[-49.06446,-26.81252],[-49.06443,-26.81262],[-49.06446,-26.81273],[-49.06453,-26.81288],[-49.06462,-26.81301],[-49.06466,-26.81317],[-49.06462,-26.81322],[-49.06455,-26.81324],[-49.06445,-26.81325],[-49.06427,-26.81322],[-49.06409,-26.81322],[-49.06399,-26.81327],[-49.06391,-26.81335],[-49.06389,-26.8134],[-49.06391,-26.81351],[-49.06394,-26.81361],[-49.06407,-26.81373],[-49.06417,-26.81379],[-49.06434,-26.81386],[-49.06447,-26.81396],[-49.06457,-26.81401],[-49.06474,-26.81405],[-49.06486,-26.81406],[-49.06492,-26.81405],[-49.06509,-26.81399],[-49.06515,-26.814],[-49.06525,-26.81406],[-49.06532,-26.81418],[-49.06542,-26.81443],[-49.0655,-26.81449],[-49.06556,-26.8145],[-49.06601,-26.81451],[-49.06616,-26.81455],[-49.06609,-26.81477],[-49.0661,-26.81504],[-49.06609,-26.81509],[-49.06613,-26.81525],[-49.06584,-26.81527],[-49.06573,-26.8153],[-49.06557,-26.81539],[-49.06532,-26.81539],[-49.06526,-26.81541],[-49.0651,-26.81549],[-49.06497,-26.81563],[-49.06488,-26.81593],[-49.06476,-26.81605],[-49.06472,-26.81612],[-49.06469,-26.81622],[-49.06469,-26.81634],[-49.06464,-26.81639],[-49.06453,-26.81642],[-49.06447,-26.81646],[-49.06443,-26.81649],[-49.06438,-26.81658],[-49.06436,-26.81672],[-49.06438,-26.81703],[-49.06431,-26.81715],[-49.06429,-26.81735],[-49.06424,-26.81739],[-49.06417,-26.8174],[-49.0641,-26.8174],[-49.06398,-26.81738],[-49.06388,-26.81738],[-49.06383,-26.8174],[-49.06378,-26.81746],[-49.06373,-26.81766],[-49.06373,-26.8177],[-49.06369,-26.81779],[-49.06362,-26.81783],[-49.06349,-26.81789],[-49.06341,-26.81796],[-49.06323,-26.81818],[-49.06321,-26.81822],[-49.06321,-26.81839],[-49.06324,-26.8185],[-49.06338,-26.81864],[-49.06342,-26.81876],[-49.06345,-26.81889],[-49.06347,-26.81938],[-49.0635,-26.81964],[-49.06351,-26.81969],[-49.06358,-26.81996],[-49.06361,-26.82018],[-49.06369,-26.82038],[-49.06371,-26.82066],[-49.0637,-26.82092],[-49.06367,-26.8211],[-49.06366,-26.82115],[-49.06365,-26.82151],[-49.06368,-26.82216],[-49.0637,-26.82227],[-49.0637,-26.82238],[-49.06379,-26.8228],[-49.0638,-26.82312],[-49.06377,-26.82328],[-49.06372,-26.82338],[-49.06372,-26.82342],[-49.06373,-26.82344],[-49.06381,-26.82346],[-49.06391,-26.8234],[-49.06395,-26.82351],[-49.06402,-26.82358],[-49.06405,-26.82365],[-49.06405,-26.82374],[-49.06409,-26.82377],[-49.06404,-26.82385],[-49.06402,-26.82393],[-49.06403,-26.82398],[-49.06419,-26.82419],[-49.0642,-26.82424],[-49.06421,-26.82446],[-49.06425,-26.8246],[-49.06425,-26.8249],[-49.06423,-26.82494],[-49.0642,-26.82509],[-49.06416,-26.82513],[-49.06398,-26.8252],[-49.06395,-26.82523],[-49.06391,-26.82531],[-49.06388,-26.82545],[-49.06388,-26.82554],[-49.06393,-26.82564],[-49.06402,-26.82572],[-49.06401,-26.82581],[-49.06399,-26.82585],[-49.06389,-26.82588],[-49.06372,-26.82584],[-49.06347,-26.82586],[-49.06329,-26.82579],[-49.06324,-26.82581],[-49.06321,-26.82584],[-49.06318,-26.82588],[-49.06316,-26.82592],[-49.06317,-26.82601],[-49.06333,-26.82618],[-49.06342,-26.82635],[-49.0634,-26.82639],[-49.06337,-26.82643],[-49.0631,-26.82669],[-49.06303,-26.82681],[-49.063,-26.82699],[-49.06302,-26.82717],[-49.06301,-26.82735],[-49.06311,-26.82756],[-49.0633,-26.82782],[-49.06349,-26.82803],[-49.06353,-26.82805],[-49.06378,-26.82806],[-49.06383,-26.82808],[-49.06389,-26.82814],[-49.06396,-26.82827],[-49.06405,-26.82835],[-49.06411,-26.82846],[-49.06414,-26.82847],[-49.06423,-26.82856],[-49.06427,-26.82859],[-49.06445,-26.82875],[-49.06458,-26.82881],[-49.06478,-26.82884],[-49.06489,-26.82893],[-49.06492,-26.82902],[-49.06497,-26.82938],[-49.0651,-26.8297],[-49.06523,-26.83002],[-49.06542,-26.83023],[-49.06566,-26.83039],[-49.06583,-26.83039],[-49.06597,-26.8304],[-49.06608,-26.8304],[-49.06616,-26.83045],[-49.06619,-26.83049],[-49.06637,-26.83067],[-49.06647,-26.83073],[-49.06653,-26.83074],[-49.06665,-26.83074],[-49.06682,-26.83069],[-49.06688,-26.83066],[-49.06698,-26.83061],[-49.06704,-26.83062],[-49.0671,-26.83064],[-49.06718,-26.83071],[-49.06734,-26.83094],[-49.06749,-26.83111],[-49.06758,-26.83131],[-49.0678,-26.83163],[-49.06792,-26.83176],[-49.06818,-26.83198],[-49.06832,-26.83216],[-49.06851,-26.83237],[-49.0686,-26.83244],[-49.069,-26.83291],[-49.06915,-26.83315],[-49.06929,-26.8335],[-49.06935,-26.8336],[-49.0694,-26.83363],[-49.06952,-26.83364],[-49.06969,-26.83362],[-49.07012,-26.83341],[-49.07031,-26.83329],[-49.07058,-26.83316],[-49.07066,-26.83308],[-49.07072,-26.83306],[-49.07078,-26.83306],[-49.07083,-26.83309],[-49.07095,-26.8332],[-49.07124,-26.8334],[-49.07145,-26.83348],[-49.07151,-26.8335],[-49.072,-26.83372],[-49.07239,-26.83397],[-49.07272,-26.83421],[-49.07283,-26.83427],[-49.07294,-26.83429],[-49.07318,-26.83428],[-49.07336,-26.83431],[-49.07342,-26.83433],[-49.07367,-26.83448],[-49.07422,-26.83467],[-49.07452,-26.83485],[-49.0746,-26.83493],[-49.07483,-26.8351],[-49.07495,-26.83511],[-49.0751,-26.83502],[-49.07527,-26.83496],[-49.07569,-26.83475],[-49.07582,-26.83464],[-49.07585,-26.83449],[-49.07585,-26.83439],[-49.07641,-26.83438],[-49.07687,-26.83443],[-49.07709,-26.83448],[-49.07716,-26.83456],[-49.0772,-26.83466],[-49.07721,-26.83486],[-49.07709,-26.83592],[-49.07708,-26.83622],[-49.07712,-26.8364],[-49.07716,-26.83689],[-49.07721,-26.83725],[-49.07736,-26.83762],[-49.07742,-26.83766],[-49.07749,-26.83787],[-49.07755,-26.83795],[-49.07756,-26.83802],[-49.07754,-26.83817],[-49.07741,-26.83838],[-49.07729,-26.83861],[-49.07722,-26.8387],[-49.0772,-26.83889],[-49.07717,-26.83909],[-49.07717,-26.83919],[-49.07721,-26.83927],[-49.07733,-26.83934],[-49.07769,-26.83944],[-49.07818,-26.83951],[-49.07847,-26.83957],[-49.07871,-26.83967],[-49.07891,-26.83983],[-49.07899,-26.83997],[-49.07905,-26.84027],[-49.07913,-26.84053],[-49.07919,-26.84065],[-49.07933,-26.84084],[-49.07934,-26.84092],[-49.0793,-26.84095],[-49.07923,-26.84103],[-49.07905,-26.84114],[-49.07878,-26.84124],[-49.07871,-26.8413],[-49.07861,-26.84139],[-49.07853,-26.8415],[-49.07846,-26.84164],[-49.07799,-26.84212],[-49.07796,-26.84216],[-49.07777,-26.84233],[-49.07766,-26.8424],[-49.07727,-26.8428],[-49.07716,-26.84301],[-49.07716,-26.84306],[-49.07715,-26.8431],[-49.07715,-26.84322],[-49.07717,-26.84362],[-49.07723,-26.84373],[-49.07769,-26.84397],[-49.07818,-26.84435],[-49.07843,-26.84448],[-49.07847,-26.84451],[-49.07851,-26.84453],[-49.07823,-26.84479],[-49.07815,-26.84493],[-49.07813,-26.8451],[-49.07824,-26.84567],[-49.07832,-26.8459],[-49.07843,-26.8461],[-49.07878,-26.84656],[-49.07936,-26.84706],[-49.07939,-26.84708],[-49.08012,-26.84772],[-49.08037,-26.84796],[-49.0804,-26.84801],[-49.0806,-26.84803],[-49.0807,-26.84806],[-49.08099,-26.84823],[-49.08114,-26.84844],[-49.08131,-26.84861],[-49.08139,-26.84865],[-49.08147,-26.84877],[-49.08149,-26.8488],[-49.08154,-26.84885],[-49.08205,-26.8491],[-49.08232,-26.84918],[-49.0824,-26.8492],[-49.08253,-26.84924],[-49.0826,-26.84926],[-49.08297,-26.84935],[-49.08302,-26.84936],[-49.0838,-26.84958],[-49.08389,-26.8496],[-49.08396,-26.84962],[-49.08409,-26.84966],[-49.08511,-26.84995],[-49.08515,-26.84996],[-49.08568,-26.8501],[-49.08574,-26.85012],[-49.08583,-26.85014],[-49.08599,-26.85021],[-49.08634,-26.85039],[-49.0864,-26.85044],[-49.0865,-26.85053],[-49.08656,-26.85057],[-49.08657,-26.85059]]]}},{"type":"Feature","properties":{"bairro":"VILA ITOUPAVA","codigo":"35"},"geometry":{"type":"Polygon","coordinates":[[[-49.08628,-26.73824],[-49.08628,-26.73829],[-49.08623,-26.73882],[-49.08619,-26.73912],[-49.08606,-26.73973],[-49.08602,-26.74013],[-49.08595,-26.74041],[-49.08593,-26.74054],[-49.08597,-26.74102],[-49.08597,-26.74108],[-49.08598,-26.74114],[-49.08601,-26.74126],[-49.08601,-26.74141],[-49.086,-26.74148],[-49.08572,-26.74198],[-49.08566,-26.74209],[-49.08564,-26.7422],[-49.08563,-26.74241],[-49.08566,-26.74274],[-49.08564,-26.74303],[-49.0856,-26.74317],[-49.08543,-26.74349],[-49.08541,-26.74353],[-49.0853,-26.74372],[-49.08527,-26.74377],[-49.08524,-26.74382],[-49.08505,-26.74402],[-49.08497,-26.74416],[-49.08473,-26.74482],[-49.08466,-26.74495],[-49.0845,-26.74522],[-49.08441,-26.74547],[-49.0844,-26.74551],[-49.0843,-26.74576],[-49.08425,-26.74583],[-49.08374,-26.74621],[-49.08349,-26.74635],[-49.08273,-26.7466],[-49.08247,-26.74667],[-49.08216,-26.74674],[-49.08203,-26.74682],[-49.08194,-26.74689],[-49.08164,-26.74727],[-49.08158,-26.7471],[-49.0815,-26.74698],[-49.08146,-26.74693],[-49.08107,-26.74641],[-49.0809,-26.74631],[-49.08075,-26.74618],[-49.08069,-26.74594],[-49.08035,-26.74542],[-49.08024,-26.74519],[-49.0802,-26.74506],[-49.08015,-26.745],[-49.07992,-26.74485],[-49.07984,-26.7448],[-49.07978,-26.74479],[-49.07959,-26.7448],[-49.07947,-26.7448],[-49.07892,-26.74465],[-49.07845,-26.74455],[-49.07834,-26.74454],[-49.07827,-26.74464],[-49.07823,-26.74469],[-49.07818,-26.74475],[-49.07809,-26.7448],[-49.07804,-26.7448],[-49.07792,-26.74477],[-49.07779,-26.7447],[-49.07774,-26.74464],[-49.07761,-26.74443],[-49.07753,-26.74428],[-49.07751,-26.74423],[-49.07735,-26.74396],[-49.07726,-26.74388],[-49.07712,-26.74382],[-49.07677,-26.74371],[-49.0763,-26.74349],[-49.07599,-26.74328],[-49.07558,-26.74291],[-49.07548,-26.74288],[-49.07521,-26.7429],[-49.07512,-26.7429],[-49.07506,-26.74288],[-49.07492,-26.74279],[-49.07431,-26.74236],[-49.07413,-26.74221],[-49.07401,-26.74213],[-49.07373,-26.74202],[-49.07331,-26.74202],[-49.07285,-26.74193],[-49.0728,-26.74173],[-49.07271,-26.74153],[-49.07262,-26.74143],[-49.07252,-26.74136],[-49.07233,-26.74129],[-49.07192,-26.74119],[-49.07154,-26.74114],[-49.07136,-26.74114],[-49.07133,-26.74114],[-49.07078,-26.74113],[-49.07039,-26.7411],[-49.07004,-26.74112],[-49.06939,-26.74104],[-49.06928,-26.74149],[-49.06894,-26.74252],[-49.06889,-26.74277],[-49.06882,-26.743],[-49.06876,-26.74311],[-49.06871,-26.74336],[-49.0687,-26.74347],[-49.06879,-26.74404],[-49.06879,-26.7442],[-49.06872,-26.74431],[-49.06848,-26.74451],[-49.0682,-26.74482],[-49.06814,-26.74495],[-49.06805,-26.74535],[-49.068,-26.74546],[-49.06777,-26.74566],[-49.06756,-26.74575],[-49.06716,-26.74589],[-49.06705,-26.74591],[-49.06695,-26.74591],[-49.06657,-26.74579],[-49.06623,-26.74573],[-49.06605,-26.74572],[-49.06576,-26.74572],[-49.06537,-26.74574],[-49.06518,-26.74577],[-49.06501,-26.74582],[-49.06483,-26.74593],[-49.06467,-26.74607],[-49.06447,-26.74629],[-49.06427,-26.74642],[-49.06407,-26.74646],[-49.06345,-26.74648],[-49.06328,-26.74653],[-49.06318,-26.74659],[-49.06306,-26.74672],[-49.06296,-26.74696],[-49.06292,-26.7471],[-49.06285,-26.74748],[-49.06282,-26.74768],[-49.06282,-26.74773],[-49.06282,-26.74792],[-49.06282,-26.74797],[-49.06282,-26.74811],[-49.06281,-26.74816],[-49.0628,-26.74825],[-49.06279,-26.7483],[-49.06274,-26.74844],[-49.06267,-26.74867],[-49.06272,-26.74886],[-49.06273,-26.749],[-49.06262,-26.74945],[-49.06255,-26.74944],[-49.06251,-26.74941],[-49.06232,-26.74914],[-49.06218,-26.74902],[-49.06209,-26.749],[-49.06201,-26.74899],[-49.06177,-26.74902],[-49.06145,-26.74917],[-49.06052,-26.74934],[-49.06032,-26.74941],[-49.06016,-26.7495],[-49.06002,-26.74962],[-49.05994,-26.74974],[-49.05986,-26.74988],[-49.05949,-26.75074],[-49.05947,-26.75078],[-49.05939,-26.75101],[-49.05938,-26.75106],[-49.05936,-26.75117],[-49.0594,-26.75151],[-49.0594,-26.75156],[-49.05938,-26.75163],[-49.05934,-26.75166],[-49.05929,-26.75168],[-49.05877,-26.75178],[-49.0585,-26.75186],[-49.05814,-26.75198],[-49.05707,-26.75243],[-49.05694,-26.7525],[-49.05661,-26.75271],[-49.05657,-26.75275],[-49.05636,-26.75293],[-49.05634,-26.75294],[-49.05633,-26.75295],[-49.0556,-26.75241],[-49.05506,-26.75199],[-49.0548,-26.75181],[-49.0547,-26.75177],[-49.05458,-26.75174],[-49.05445,-26.75175],[-49.05391,-26.75171],[-49.05267,-26.75171],[-49.05216,-26.75174],[-49.05213,-26.75172],[-49.05205,-26.75161],[-49.05187,-26.75108],[-49.05172,-26.75047],[-49.0517,-26.75024],[-49.05167,-26.75015],[-49.05164,-26.7501],[-49.05154,-26.75003],[-49.05143,-26.74999],[-49.0512,-26.74996],[-49.05074,-26.74994],[-49.04954,-26.74999],[-49.04947,-26.75002],[-49.04939,-26.75004],[-49.04919,-26.75005],[-49.04905,-26.75003],[-49.04867,-26.7499],[-49.04815,-26.74985],[-49.04729,-26.74975],[-49.04732,-26.74973],[-49.04735,-26.74968],[-49.04742,-26.74958],[-49.0475,-26.74934],[-49.04755,-26.74911],[-49.04758,-26.74884],[-49.04756,-26.74872],[-49.0475,-26.74855],[-49.0474,-26.74842],[-49.04721,-26.74823],[-49.04701,-26.748],[-49.04693,-26.74787],[-49.04679,-26.74754],[-49.04674,-26.74735],[-49.04783,-26.7472],[-49.04803,-26.74719],[-49.04852,-26.74721],[-49.04856,-26.7472],[-49.04861,-26.74715],[-49.04871,-26.74697],[-49.04873,-26.74693],[-49.04877,-26.74683],[-49.04883,-26.74659],[-49.04893,-26.74609],[-49.04893,-26.746],[-49.04893,-26.74586],[-49.04889,-26.74552],[-49.0488,-26.7453],[-49.04879,-26.74519],[-49.04882,-26.74494],[-49.04885,-26.74489],[-49.04894,-26.74483],[-49.04937,-26.74467],[-49.04956,-26.74458],[-49.04967,-26.74451],[-49.0498,-26.74438],[-49.04994,-26.74418],[-49.05003,-26.74402],[-49.05014,-26.74373],[-49.05022,-26.74341],[-49.05028,-26.74295],[-49.05027,-26.74279],[-49.05052,-26.74307],[-49.05059,-26.74317],[-49.05094,-26.74381],[-49.05156,-26.74469],[-49.05183,-26.745],[-49.0522,-26.74555],[-49.05257,-26.74596],[-49.05263,-26.74595],[-49.05266,-26.74597],[-49.05272,-26.74602],[-49.05275,-26.74612],[-49.05282,-26.74615],[-49.05295,-26.74615],[-49.053,-26.7461],[-49.05316,-26.74605],[-49.05325,-26.74606],[-49.0534,-26.74611],[-49.05357,-26.74621],[-49.05401,-26.74655],[-49.05405,-26.74656],[-49.05409,-26.74655],[-49.05432,-26.74664],[-49.05444,-26.74666],[-49.0546,-26.74666],[-49.05472,-26.74662],[-49.05497,-26.74641],[-49.05515,-26.74621],[-49.0552,-26.74614],[-49.05524,-26.74604],[-49.05526,-26.74592],[-49.0552,-26.74582],[-49.05514,-26.74576],[-49.05515,-26.74572],[-49.05512,-26.74562],[-49.05515,-26.74556],[-49.0552,-26.74551],[-49.05524,-26.74544],[-49.05529,-26.74529],[-49.0553,-26.74518],[-49.05529,-26.74499],[-49.05525,-26.7448],[-49.05523,-26.74476],[-49.05516,-26.7447],[-49.05518,-26.74466],[-49.05515,-26.74463],[-49.05447,-26.74463],[-49.05435,-26.74466],[-49.05413,-26.74477],[-49.05405,-26.74478],[-49.05398,-26.74475],[-49.05393,-26.74469],[-49.0539,-26.74451],[-49.05386,-26.74448],[-49.05376,-26.74443],[-49.0537,-26.74439],[-49.05363,-26.74432],[-49.05361,-26.74417],[-49.05356,-26.74407],[-49.05355,-26.74402],[-49.05358,-26.74397],[-49.05369,-26.74392],[-49.05374,-26.74386],[-49.05374,-26.74379],[-49.05373,-26.74373],[-49.05368,-26.74368],[-49.05387,-26.74363],[-49.05423,-26.74349],[-49.05442,-26.74339],[-49.05444,-26.74337],[-49.05448,-26.7433],[-49.05448,-26.74322],[-49.05432,-26.74274],[-49.05427,-26.74264],[-49.05421,-26.74261],[-49.05413,-26.74261],[-49.05393,-26.74269],[-49.05373,-26.74271],[-49.05374,-26.74255],[-49.05373,-26.74247],[-49.05365,-26.74233],[-49.05354,-26.74228],[-49.05334,-26.74225],[-49.0532,-26.74221],[-49.05328,-26.74199],[-49.05328,-26.74187],[-49.05323,-26.74173],[-49.05311,-26.74165],[-49.0531,-26.74159],[-49.05304,-26.74148],[-49.05296,-26.74145],[-49.05283,-26.74143],[-49.05274,-26.74139],[-49.05296,-26.74117],[-49.053,-26.7411],[-49.05301,-26.74095],[-49.053,-26.74084],[-49.05295,-26.74073],[-49.0529,-26.74067],[-49.05278,-26.74063],[-49.05261,-26.74062],[-49.05244,-26.74066],[-49.05225,-26.74065],[-49.05219,-26.7406],[-49.05201,-26.74011],[-49.052,-26.73992],[-49.05197,-26.73985],[-49.05194,-26.73978],[-49.05188,-26.7396],[-49.05181,-26.73951],[-49.05178,-26.7394],[-49.05172,-26.73931],[-49.05172,-26.73926],[-49.05177,-26.7392],[-49.05181,-26.73914],[-49.05181,-26.7391],[-49.05168,-26.73872],[-49.05165,-26.73865],[-49.0515,-26.73851],[-49.05121,-26.7383],[-49.051,-26.73816],[-49.05105,-26.738],[-49.05113,-26.73793],[-49.05117,-26.73787],[-49.05114,-26.73779],[-49.05108,-26.73773],[-49.05104,-26.73771],[-49.05114,-26.7377],[-49.05135,-26.73772],[-49.05139,-26.73769],[-49.05142,-26.73758],[-49.05137,-26.73734],[-49.05121,-26.73712],[-49.05131,-26.73712],[-49.05138,-26.73709],[-49.05147,-26.73692],[-49.05166,-26.73676],[-49.05167,-26.73667],[-49.05159,-26.73656],[-49.05159,-26.7365],[-49.05189,-26.73625],[-49.05204,-26.73601],[-49.05213,-26.73593],[-49.05212,-26.73588],[-49.05216,-26.73587],[-49.05215,-26.7358],[-49.05211,-26.73572],[-49.05188,-26.73538],[-49.05181,-26.73499],[-49.05173,-26.73475],[-49.05166,-26.73443],[-49.05163,-26.7341],[-49.05166,-26.73404],[-49.05184,-26.73386],[-49.05186,-26.73377],[-49.05186,-26.7337],[-49.05305,-26.73357],[-49.05319,-26.73356],[-49.05338,-26.73358],[-49.05384,-26.73345],[-49.0539,-26.73344],[-49.05401,-26.73348],[-49.05439,-26.73375],[-49.05506,-26.73413],[-49.0552,-26.73418],[-49.05526,-26.73419],[-49.05538,-26.73418],[-49.05546,-26.73416],[-49.05557,-26.73406],[-49.05572,-26.73385],[-49.05588,-26.73337],[-49.05598,-26.73312],[-49.05621,-26.73273],[-49.05636,-26.73237],[-49.05646,-26.73221],[-49.05679,-26.73188],[-49.05685,-26.73178],[-49.05685,-26.73175],[-49.05671,-26.73161],[-49.05663,-26.73151],[-49.05659,-26.73148],[-49.05639,-26.7312],[-49.05628,-26.73101],[-49.05617,-26.73072],[-49.05608,-26.7303],[-49.05608,-26.73024],[-49.05608,-26.7302],[-49.0561,-26.72937],[-49.05617,-26.72915],[-49.05619,-26.72869],[-49.0562,-26.72863],[-49.05624,-26.72854],[-49.05629,-26.72848],[-49.05637,-26.72844],[-49.05649,-26.72841],[-49.05601,-26.72791],[-49.05596,-26.72786],[-49.05581,-26.72771],[-49.05524,-26.72722],[-49.05514,-26.72708],[-49.05514,-26.72705],[-49.05519,-26.727],[-49.05525,-26.72695],[-49.05536,-26.72684],[-49.05554,-26.72672],[-49.05604,-26.72644],[-49.05642,-26.72614],[-49.05684,-26.72584],[-49.05707,-26.72572],[-49.05716,-26.72565],[-49.05723,-26.72556],[-49.05727,-26.72547],[-49.05738,-26.72515],[-49.05745,-26.72488],[-49.05745,-26.72482],[-49.05753,-26.72422],[-49.0576,-26.724],[-49.05773,-26.7238],[-49.05801,-26.72353],[-49.05805,-26.72347],[-49.0581,-26.72337],[-49.05826,-26.72269],[-49.05825,-26.72259],[-49.05816,-26.72217],[-49.05794,-26.7213],[-49.05792,-26.72129],[-49.05764,-26.72097],[-49.05735,-26.72055],[-49.0571,-26.72012],[-49.05689,-26.71995],[-49.05619,-26.71956],[-49.0561,-26.71948],[-49.05601,-26.71933],[-49.05559,-26.71838],[-49.05535,-26.71776],[-49.05532,-26.71761],[-49.05533,-26.71755],[-49.05542,-26.71747],[-49.05658,-26.71725],[-49.05668,-26.71719],[-49.0568,-26.71675],[-49.05686,-26.71661],[-49.05701,-26.71637],[-49.05724,-26.71609],[-49.05739,-26.71594],[-49.05744,-26.7158],[-49.05745,-26.71561],[-49.05791,-26.71546],[-49.05772,-26.71491],[-49.05773,-26.71484],[-49.05779,-26.7147],[-49.05782,-26.71465],[-49.05785,-26.71459],[-49.05787,-26.71454],[-49.05796,-26.71447],[-49.058,-26.71444],[-49.05817,-26.71437],[-49.05836,-26.71437],[-49.05849,-26.71434],[-49.05876,-26.71416],[-49.05901,-26.71374],[-49.05933,-26.71339],[-49.06038,-26.71257],[-49.06062,-26.71243],[-49.06087,-26.71231],[-49.06115,-26.71217],[-49.06138,-26.71212],[-49.06178,-26.71198],[-49.0619,-26.71191],[-49.06205,-26.7118],[-49.06207,-26.71178],[-49.06224,-26.71157],[-49.06229,-26.71148],[-49.06233,-26.71129],[-49.06238,-26.7109],[-49.06236,-26.71032],[-49.06239,-26.71015],[-49.06243,-26.71009],[-49.0625,-26.70982],[-49.06256,-26.70973],[-49.06262,-26.70967],[-49.06284,-26.70952],[-49.06331,-26.70908],[-49.06341,-26.70896],[-49.06344,-26.70889],[-49.06344,-26.70866],[-49.06352,-26.70832],[-49.06354,-26.70826],[-49.06371,-26.70798],[-49.06374,-26.70788],[-49.06379,-26.70755],[-49.06385,-26.70732],[-49.06411,-26.70696],[-49.0643,-26.70662],[-49.06435,-26.70655],[-49.06468,-26.70629],[-49.06487,-26.70607],[-49.06491,-26.70603],[-49.06507,-26.70579],[-49.06516,-26.7057],[-49.06521,-26.70566],[-49.06543,-26.70553],[-49.06548,-26.70551],[-49.0657,-26.70543],[-49.06576,-26.70543],[-49.06597,-26.70547],[-49.06659,-26.70546],[-49.06845,-26.7054],[-49.06979,-26.70542],[-49.07005,-26.70545],[-49.07012,-26.70546],[-49.07021,-26.70548],[-49.07032,-26.70553],[-49.0708,-26.70592],[-49.07089,-26.70607],[-49.07098,-26.70627],[-49.07103,-26.70641],[-49.07105,-26.70654],[-49.07102,-26.7069],[-49.07097,-26.70709],[-49.07101,-26.70714],[-49.07136,-26.70717],[-49.07173,-26.70717],[-49.07201,-26.70715],[-49.07237,-26.70708],[-49.07256,-26.70709],[-49.07269,-26.70712],[-49.07284,-26.70719],[-49.07304,-26.70734],[-49.07309,-26.70738],[-49.07402,-26.70811],[-49.07474,-26.70848],[-49.07541,-26.70895],[-49.07587,-26.7096],[-49.07617,-26.71004],[-49.07637,-26.7104],[-49.07651,-26.71079],[-49.07656,-26.71097],[-49.07653,-26.71114],[-49.07642,-26.7113],[-49.07631,-26.71138],[-49.0762,-26.71143],[-49.07602,-26.71148],[-49.07592,-26.71155],[-49.07587,-26.71159],[-49.0758,-26.71174],[-49.07576,-26.71195],[-49.07576,-26.71207],[-49.07578,-26.71221],[-49.07577,-26.71224],[-49.07565,-26.71235],[-49.07536,-26.71247],[-49.07533,-26.71251],[-49.0753,-26.71258],[-49.07529,-26.7127],[-49.07529,-26.71275],[-49.07531,-26.71281],[-49.07545,-26.71313],[-49.07582,-26.7138],[-49.07606,-26.71433],[-49.07607,-26.71442],[-49.07599,-26.71485],[-49.07595,-26.71499],[-49.07583,-26.71519],[-49.07574,-26.71529],[-49.07548,-26.7155],[-49.07552,-26.71553],[-49.07658,-26.71574],[-49.07661,-26.71578],[-49.07661,-26.71583],[-49.07638,-26.71605],[-49.07632,-26.71615],[-49.07626,-26.7163],[-49.07623,-26.71643],[-49.07622,-26.71662],[-49.07624,-26.71686],[-49.07625,-26.7169],[-49.07651,-26.71735],[-49.07662,-26.7176],[-49.07676,-26.71818],[-49.07686,-26.71845],[-49.07696,-26.71861],[-49.07721,-26.71894],[-49.0773,-26.71909],[-49.07738,-26.71925],[-49.07742,-26.7194],[-49.0775,-26.7196],[-49.07752,-26.71965],[-49.07767,-26.71983],[-49.07774,-26.71989],[-49.07779,-26.71993],[-49.07795,-26.72011],[-49.07804,-26.72027],[-49.07808,-26.72058],[-49.07809,-26.72063],[-49.07824,-26.72126],[-49.07827,-26.72144],[-49.07828,-26.72157],[-49.07831,-26.72174],[-49.07835,-26.72183],[-49.07874,-26.72236],[-49.07905,-26.723],[-49.07911,-26.7231],[-49.07922,-26.72325],[-49.0797,-26.72372],[-49.07976,-26.72382],[-49.07979,-26.72387],[-49.07989,-26.72401],[-49.07993,-26.72406],[-49.08009,-26.7242],[-49.08027,-26.72427],[-49.08046,-26.72437],[-49.08062,-26.72452],[-49.08063,-26.72456],[-49.08057,-26.72498],[-49.0805,-26.72516],[-49.08033,-26.72542],[-49.08008,-26.7256],[-49.08002,-26.72564],[-49.07983,-26.72577],[-49.07979,-26.72582],[-49.07978,-26.72587],[-49.07978,-26.72621],[-49.07976,-26.72655],[-49.07982,-26.72676],[-49.07984,-26.7268],[-49.07988,-26.72689],[-49.08,-26.72706],[-49.08005,-26.72716],[-49.08014,-26.72773],[-49.08015,-26.72776],[-49.08017,-26.72784],[-49.08023,-26.72791],[-49.081,-26.72861],[-49.08107,-26.72871],[-49.08113,-26.7289],[-49.08114,-26.72907],[-49.08112,-26.7292],[-49.08095,-26.72947],[-49.08084,-26.72961],[-49.08062,-26.72983],[-49.0806,-26.72986],[-49.0806,-26.72993],[-49.08062,-26.72998],[-49.08069,-26.73009],[-49.0808,-26.73016],[-49.08098,-26.73024],[-49.08127,-26.73028],[-49.08152,-26.73039],[-49.0819,-26.73065],[-49.08236,-26.73103],[-49.08242,-26.73108],[-49.08256,-26.73115],[-49.08265,-26.73119],[-49.08275,-26.73122],[-49.08312,-26.73138],[-49.08332,-26.73138],[-49.08336,-26.73138],[-49.08355,-26.73139],[-49.08363,-26.73141],[-49.08402,-26.73163],[-49.08436,-26.73191],[-49.0846,-26.7322],[-49.08462,-26.73224],[-49.08457,-26.73246],[-49.08456,-26.73261],[-49.08458,-26.73275],[-49.08464,-26.73295],[-49.08489,-26.73334],[-49.08507,-26.7337],[-49.08517,-26.73405],[-49.08517,-26.73425],[-49.08519,-26.73437],[-49.0854,-26.7347],[-49.08568,-26.7351],[-49.08573,-26.73521],[-49.08575,-26.73528],[-49.08576,-26.73533],[-49.08578,-26.73543],[-49.08579,-26.73548],[-49.0858,-26.73553],[-49.08581,-26.73558],[-49.08584,-26.73572],[-49.08586,-26.73577],[-49.08588,-26.73589],[-49.08589,-26.73594],[-49.08598,-26.73628],[-49.08609,-26.73656],[-49.08614,-26.73675],[-49.08616,-26.7368],[-49.08622,-26.73707],[-49.08623,-26.73712],[-49.08628,-26.7375],[-49.08628,-26.73755],[-49.08629,-26.73774],[-49.08628,-26.73824]]]}},{"type":"Feature","properties":{"bairro":"ITOUPAVA CENTRAL","codigo":"34"},"geometry":{"type":"Polygon","coordinates":[[[-49.0845,-26.74522],[-49.08466,-26.74495],[-49.08473,-26.74482],[-49.08497,-26.74416],[-49.08505,-26.74402],[-49.08524,-26.74382],[-49.08527,-26.74377],[-49.0853,-26.74372],[-49.08541,-26.74353],[-49.08543,-26.74349],[-49.0856,-26.74317],[-49.08564,-26.74303],[-49.08566,-26.74274],[-49.08563,-26.74241],[-49.08564,-26.7422],[-49.08566,-26.74209],[-49.08572,-26.74198],[-49.086,-26.74148],[-49.08601,-26.74141],[-49.08601,-26.74126],[-49.08598,-26.74114],[-49.08784,-26.74277],[-49.0884,-26.74331],[-49.08871,-26.74382],[-49.08884,-26.74408],[-49.08907,-26.74431],[-49.08911,-26.74435],[-49.08939,-26.74467],[-49.08936,-26.74474],[-49.08937,-26.74492],[-49.08953,-26.74522],[-49.08961,-26.74532],[-49.08974,-26.7454],[-49.08975,-26.74537],[-49.0899,-26.74531],[-49.09023,-26.74521],[-49.09037,-26.74513],[-49.09043,-26.74508],[-49.09044,-26.745],[-49.09037,-26.74486],[-49.09034,-26.74475],[-49.09033,-26.74468],[-49.09036,-26.74457],[-49.09047,-26.74452],[-49.09072,-26.74452],[-49.09075,-26.7445],[-49.09077,-26.74446],[-49.09078,-26.74439],[-49.09077,-26.74428],[-49.0908,-26.74426],[-49.09089,-26.74426],[-49.09096,-26.74417],[-49.09099,-26.74416],[-49.091,-26.7442],[-49.09103,-26.74423],[-49.09118,-26.74428],[-49.09122,-26.74427],[-49.09135,-26.74417],[-49.09139,-26.74411],[-49.09148,-26.74402],[-49.09151,-26.74401],[-49.09155,-26.74399],[-49.09157,-26.74391],[-49.09171,-26.74373],[-49.09184,-26.74362],[-49.0919,-26.74353],[-49.09209,-26.74346],[-49.09216,-26.74338],[-49.09232,-26.74368],[-49.09235,-26.7437],[-49.09248,-26.74369],[-49.0926,-26.7436],[-49.09264,-26.74356],[-49.09273,-26.74349],[-49.09285,-26.74334],[-49.09287,-26.74327],[-49.09286,-26.74316],[-49.09295,-26.74295],[-49.09306,-26.7426],[-49.09309,-26.74273],[-49.09322,-26.74275],[-49.09335,-26.7429],[-49.09347,-26.743],[-49.09352,-26.7431],[-49.09374,-26.7434],[-49.09389,-26.74355],[-49.09389,-26.74359],[-49.09387,-26.74366],[-49.0939,-26.74373],[-49.09396,-26.7438],[-49.09402,-26.7438],[-49.09409,-26.74379],[-49.09414,-26.74384],[-49.09415,-26.74389],[-49.09413,-26.74397],[-49.09415,-26.74404],[-49.09427,-26.74409],[-49.09432,-26.74419],[-49.09439,-26.74423],[-49.09446,-26.74427],[-49.09455,-26.74428],[-49.09458,-26.7443],[-49.09458,-26.74434],[-49.09444,-26.74448],[-49.09443,-26.74456],[-49.09444,-26.74459],[-49.09462,-26.74483],[-49.09465,-26.74494],[-49.09465,-26.74499],[-49.09466,-26.74513],[-49.09455,-26.74529],[-49.09451,-26.74541],[-49.09449,-26.7456],[-49.09444,-26.74574],[-49.09436,-26.74583],[-49.09417,-26.7459],[-49.09411,-26.74595],[-49.09405,-26.74605],[-49.09398,-26.74627],[-49.09396,-26.74653],[-49.0939,-26.74661],[-49.0939,-26.74666],[-49.09391,-26.74669],[-49.09397,-26.74675],[-49.09408,-26.74677],[-49.09414,-26.74682],[-49.09416,-26.74686],[-49.09414,-26.74692],[-49.094,-26.74713],[-49.09397,-26.74722],[-49.094,-26.7474],[-49.09399,-26.74743],[-49.09396,-26.74744],[-49.09376,-26.74754],[-49.09351,-26.74772],[-49.09334,-26.74798],[-49.09333,-26.74805],[-49.09336,-26.7481],[-49.09342,-26.74812],[-49.09343,-26.74818],[-49.09335,-26.74823],[-49.0933,-26.74827],[-49.09326,-26.74831],[-49.09324,-26.7486],[-49.09326,-26.74868],[-49.0934,-26.74885],[-49.09356,-26.74894],[-49.09359,-26.74928],[-49.0936,-26.74933],[-49.09356,-26.74965],[-49.09357,-26.74973],[-49.09359,-26.7498],[-49.09365,-26.74986],[-49.09372,-26.74989],[-49.0938,-26.74991],[-49.09392,-26.74992],[-49.09423,-26.74992],[-49.09446,-26.7499],[-49.09477,-26.74997],[-49.09489,-26.74999],[-49.09495,-26.74998],[-49.09505,-26.74996],[-49.09523,-26.74985],[-49.09534,-26.74976],[-49.09546,-26.74972],[-49.09552,-26.74962],[-49.09559,-26.74963],[-49.09567,-26.74969],[-49.09571,-26.74968],[-49.09572,-26.74965],[-49.0958,-26.7495],[-49.09587,-26.74947],[-49.096,-26.74947],[-49.0961,-26.74945],[-49.09669,-26.74928],[-49.09694,-26.74926],[-49.09709,-26.74924],[-49.09717,-26.74923],[-49.09728,-26.74924],[-49.09774,-26.74914],[-49.09775,-26.74915],[-49.09781,-26.74927],[-49.09791,-26.74963],[-49.09786,-26.74965],[-49.09783,-26.7497],[-49.09786,-26.7498],[-49.09784,-26.74982],[-49.09799,-26.75011],[-49.09793,-26.75012],[-49.0979,-26.75009],[-49.09778,-26.7499],[-49.09777,-26.74989],[-49.09774,-26.74985],[-49.09762,-26.7498],[-49.09749,-26.74967],[-49.09746,-26.74966],[-49.09731,-26.74976],[-49.09729,-26.74977],[-49.09695,-26.75006],[-49.09685,-26.7501],[-49.09676,-26.75016],[-49.09667,-26.75026],[-49.09672,-26.75027],[-49.09672,-26.75035],[-49.09675,-26.75042],[-49.09694,-26.75058],[-49.09696,-26.75064],[-49.097,-26.75069],[-49.09702,-26.75075],[-49.09701,-26.75077],[-49.09695,-26.75078],[-49.09662,-26.75069],[-49.09658,-26.75069],[-49.09652,-26.75072],[-49.09647,-26.75077],[-49.09645,-26.75082],[-49.09648,-26.75102],[-49.09645,-26.75108],[-49.09633,-26.75117],[-49.09628,-26.75123],[-49.09621,-26.75128],[-49.09605,-26.75132],[-49.09573,-26.75151],[-49.09543,-26.75161],[-49.09522,-26.75174],[-49.09518,-26.75178],[-49.09509,-26.75193],[-49.09497,-26.75212],[-49.09494,-26.75245],[-49.0949,-26.7526],[-49.09483,-26.75274],[-49.09463,-26.75299],[-49.09457,-26.7531],[-49.09454,-26.75321],[-49.09453,-26.75336],[-49.09456,-26.75347],[-49.09467,-26.75364],[-49.09479,-26.75374],[-49.09496,-26.75384],[-49.09501,-26.75391],[-49.09502,-26.75398],[-49.09503,-26.75421],[-49.09509,-26.75455],[-49.09509,-26.75466],[-49.09506,-26.75478],[-49.09498,-26.75491],[-49.09465,-26.75515],[-49.09454,-26.75527],[-49.09449,-26.75542],[-49.09444,-26.75574],[-49.09443,-26.75579],[-49.0944,-26.75594],[-49.09427,-26.75635],[-49.09426,-26.75646],[-49.0943,-26.75653],[-49.09441,-26.75658],[-49.09454,-26.7566],[-49.09471,-26.75659],[-49.0948,-26.75657],[-49.09495,-26.7565],[-49.0953,-26.75626],[-49.09554,-26.75604],[-49.09567,-26.75589],[-49.09574,-26.75579],[-49.0959,-26.75552],[-49.09606,-26.75539],[-49.09618,-26.75537],[-49.09635,-26.75537],[-49.09652,-26.7554],[-49.09664,-26.75545],[-49.0967,-26.7555],[-49.09678,-26.75563],[-49.09679,-26.75571],[-49.09665,-26.7567],[-49.0966,-26.75681],[-49.09644,-26.75711],[-49.09644,-26.75722],[-49.09651,-26.75732],[-49.09661,-26.75739],[-49.09668,-26.75742],[-49.09677,-26.75742],[-49.09681,-26.75741],[-49.09688,-26.75738],[-49.0973,-26.75705],[-49.09762,-26.75695],[-49.09766,-26.75696],[-49.09776,-26.75703],[-49.09784,-26.75703],[-49.09795,-26.75697],[-49.09808,-26.75682],[-49.09815,-26.75672],[-49.09831,-26.75639],[-49.09839,-26.75613],[-49.09845,-26.75603],[-49.09858,-26.75584],[-49.09875,-26.75566],[-49.09889,-26.75543],[-49.09893,-26.75527],[-49.09893,-26.75505],[-49.09899,-26.75491],[-49.0992,-26.75468],[-49.09933,-26.75458],[-49.09953,-26.7545],[-49.0996,-26.75458],[-49.0998,-26.75492],[-49.09993,-26.7554],[-49.09999,-26.7555],[-49.10005,-26.75555],[-49.10013,-26.75557],[-49.1003,-26.75557],[-49.1003,-26.75565],[-49.10038,-26.75583],[-49.10042,-26.75589],[-49.10053,-26.75598],[-49.1005,-26.75617],[-49.1005,-26.75627],[-49.10052,-26.75632],[-49.10055,-26.75636],[-49.10064,-26.75644],[-49.10094,-26.75655],[-49.10099,-26.75659],[-49.10101,-26.75665],[-49.10101,-26.75679],[-49.10106,-26.75682],[-49.10105,-26.75694],[-49.10109,-26.757],[-49.10116,-26.75702],[-49.10125,-26.75702],[-49.10135,-26.75695],[-49.10139,-26.75694],[-49.10151,-26.75702],[-49.10154,-26.75707],[-49.10155,-26.75722],[-49.10161,-26.75736],[-49.10165,-26.7574],[-49.10182,-26.75744],[-49.10189,-26.75747],[-49.10191,-26.7575],[-49.10193,-26.75765],[-49.10197,-26.75779],[-49.10209,-26.758],[-49.10211,-26.75808],[-49.10211,-26.75819],[-49.10209,-26.75826],[-49.10203,-26.75832],[-49.10193,-26.75837],[-49.10184,-26.75845],[-49.10175,-26.75857],[-49.10173,-26.75862],[-49.10171,-26.75872],[-49.10163,-26.75893],[-49.10163,-26.759],[-49.10168,-26.75914],[-49.10168,-26.75937],[-49.10175,-26.75951],[-49.10184,-26.75958],[-49.10201,-26.75969],[-49.10206,-26.75974],[-49.10186,-26.75984],[-49.1017,-26.75989],[-49.10152,-26.75988],[-49.10136,-26.7599],[-49.1011,-26.75991],[-49.10097,-26.75999],[-49.10098,-26.76003],[-49.10094,-26.76006],[-49.10095,-26.76013],[-49.10103,-26.76025],[-49.10108,-26.76027],[-49.10134,-26.76033],[-49.10202,-26.76013],[-49.1021,-26.76013],[-49.10208,-26.76024],[-49.10196,-26.76043],[-49.10193,-26.76054],[-49.10194,-26.76061],[-49.10203,-26.76074],[-49.10212,-26.76081],[-49.1022,-26.76084],[-49.10232,-26.76085],[-49.10245,-26.76083],[-49.10247,-26.76082],[-49.10252,-26.76079],[-49.10268,-26.76081],[-49.10277,-26.76079],[-49.10302,-26.76068],[-49.10312,-26.76062],[-49.10314,-26.76067],[-49.10318,-26.7607],[-49.10347,-26.76078],[-49.10371,-26.7608],[-49.10391,-26.76078],[-49.10389,-26.76089],[-49.1039,-26.761],[-49.10394,-26.76107],[-49.10398,-26.76113],[-49.1041,-26.76124],[-49.10413,-26.76131],[-49.10414,-26.76157],[-49.1042,-26.7617],[-49.10451,-26.76191],[-49.1046,-26.76199],[-49.10462,-26.76203],[-49.10464,-26.76214],[-49.10471,-26.76235],[-49.10459,-26.76255],[-49.10444,-26.76273],[-49.10439,-26.76284],[-49.10437,-26.76299],[-49.10438,-26.76307],[-49.10441,-26.76309],[-49.10445,-26.7631],[-49.1045,-26.76316],[-49.1045,-26.76345],[-49.10459,-26.76391],[-49.10456,-26.76411],[-49.10446,-26.76432],[-49.10445,-26.76444],[-49.10442,-26.76457],[-49.10433,-26.76474],[-49.10434,-26.76481],[-49.10441,-26.76495],[-49.10449,-26.76504],[-49.10459,-26.76517],[-49.10471,-26.76528],[-49.10496,-26.76533],[-49.10522,-26.76536],[-49.10564,-26.76546],[-49.10568,-26.76552],[-49.1057,-26.76559],[-49.1057,-26.76566],[-49.10566,-26.7657],[-49.10565,-26.76574],[-49.10566,-26.76585],[-49.10571,-26.76593],[-49.10578,-26.76597],[-49.10586,-26.76601],[-49.10595,-26.76601],[-49.10603,-26.766],[-49.10618,-26.76591],[-49.1063,-26.7658],[-49.10633,-26.76578],[-49.10639,-26.76582],[-49.10644,-26.76604],[-49.10649,-26.7661],[-49.10658,-26.76618],[-49.1067,-26.76622],[-49.10674,-26.76622],[-49.1071,-26.76611],[-49.10721,-26.76604],[-49.10736,-26.76591],[-49.1074,-26.76589],[-49.10744,-26.76591],[-49.10747,-26.76594],[-49.10747,-26.76597],[-49.10746,-26.76605],[-49.10743,-26.76612],[-49.10735,-26.76621],[-49.10727,-26.76635],[-49.10713,-26.76667],[-49.10713,-26.76674],[-49.1072,-26.76689],[-49.10727,-26.76699],[-49.10734,-26.76703],[-49.10753,-26.76694],[-49.10757,-26.76694],[-49.10773,-26.76697],[-49.10784,-26.76703],[-49.10788,-26.76702],[-49.10803,-26.76694],[-49.10807,-26.76687],[-49.10809,-26.7668],[-49.10802,-26.76646],[-49.10803,-26.76631],[-49.10808,-26.76625],[-49.10825,-26.76611],[-49.10836,-26.76603],[-49.10841,-26.766],[-49.10845,-26.76597],[-49.1085,-26.76589],[-49.10853,-26.76581],[-49.10854,-26.76573],[-49.10849,-26.76566],[-49.10836,-26.76555],[-49.10829,-26.76544],[-49.10828,-26.76542],[-49.10826,-26.76531],[-49.10823,-26.76527],[-49.10798,-26.76526],[-49.10799,-26.7652],[-49.10796,-26.76518],[-49.10779,-26.76516],[-49.10763,-26.76511],[-49.10728,-26.76508],[-49.10716,-26.76511],[-49.10699,-26.76509],[-49.10666,-26.76511],[-49.10654,-26.76516],[-49.10648,-26.76516],[-49.10645,-26.76511],[-49.10645,-26.765],[-49.10655,-26.76475],[-49.10658,-26.76449],[-49.1066,-26.76448],[-49.10664,-26.76449],[-49.10671,-26.76458],[-49.10679,-26.76458],[-49.1069,-26.76456],[-49.10695,-26.76454],[-49.10708,-26.76449],[-49.10718,-26.76441],[-49.10734,-26.76409],[-49.10741,-26.76387],[-49.10742,-26.76379],[-49.10738,-26.7636],[-49.10725,-26.76331],[-49.1071,-26.76305],[-49.10707,-26.763],[-49.10703,-26.76291],[-49.107,-26.7628],[-49.10696,-26.76273],[-49.1068,-26.76256],[-49.10669,-26.76251],[-49.10658,-26.76239],[-49.10644,-26.7622],[-49.10634,-26.76203],[-49.10632,-26.76195],[-49.10633,-26.76183],[-49.10638,-26.76173],[-49.10647,-26.76164],[-49.10659,-26.76165],[-49.10676,-26.76175],[-49.10685,-26.76179],[-49.1069,-26.76179],[-49.10693,-26.76176],[-49.10695,-26.76167],[-49.10706,-26.76191],[-49.10704,-26.76206],[-49.10711,-26.76209],[-49.1072,-26.76209],[-49.10732,-26.76205],[-49.10744,-26.76209],[-49.10752,-26.7621],[-49.10759,-26.76206],[-49.10762,-26.76203],[-49.10765,-26.76188],[-49.10775,-26.76182],[-49.10795,-26.76178],[-49.10813,-26.76179],[-49.10825,-26.76182],[-49.10836,-26.76188],[-49.10842,-26.76194],[-49.10843,-26.76197],[-49.10849,-26.76216],[-49.10857,-26.76259],[-49.10859,-26.76262],[-49.1087,-26.76268],[-49.10886,-26.76273],[-49.10899,-26.76274],[-49.10909,-26.76272],[-49.10915,-26.76271],[-49.1092,-26.76271],[-49.10923,-26.76274],[-49.10929,-26.7627],[-49.10943,-26.76256],[-49.10953,-26.76249],[-49.10971,-26.76233],[-49.1098,-26.76221],[-49.10985,-26.76219],[-49.10987,-26.76227],[-49.10989,-26.7623],[-49.1099,-26.76243],[-49.10988,-26.76263],[-49.10991,-26.7627],[-49.10998,-26.76275],[-49.11009,-26.76281],[-49.11038,-26.76289],[-49.11044,-26.7629],[-49.11053,-26.76285],[-49.11064,-26.76274],[-49.11078,-26.76266],[-49.11087,-26.76258],[-49.1109,-26.76251],[-49.1109,-26.76232],[-49.11091,-26.76228],[-49.11105,-26.76209],[-49.11105,-26.76204],[-49.11113,-26.76202],[-49.11119,-26.76197],[-49.11122,-26.7619],[-49.11123,-26.76182],[-49.11123,-26.76179],[-49.11119,-26.76172],[-49.11108,-26.76165],[-49.111,-26.76162],[-49.11092,-26.76162],[-49.11084,-26.76158],[-49.11072,-26.76156],[-49.11068,-26.76154],[-49.1106,-26.76145],[-49.11092,-26.76146],[-49.11126,-26.76139],[-49.11137,-26.76134],[-49.11151,-26.7612],[-49.11162,-26.76091],[-49.11166,-26.76065],[-49.11173,-26.7604],[-49.11184,-26.76029],[-49.11189,-26.76018],[-49.11189,-26.76003],[-49.11187,-26.75996],[-49.11198,-26.75992],[-49.11202,-26.75986],[-49.11207,-26.75972],[-49.11216,-26.75955],[-49.11223,-26.75937],[-49.11226,-26.75937],[-49.11227,-26.75934],[-49.11226,-26.75927],[-49.11224,-26.75924],[-49.1121,-26.75906],[-49.11206,-26.759],[-49.11203,-26.75889],[-49.11204,-26.75874],[-49.11199,-26.75869],[-49.11182,-26.75858],[-49.11173,-26.75857],[-49.11153,-26.75857],[-49.11137,-26.75852],[-49.11127,-26.75851],[-49.11121,-26.7585],[-49.111,-26.75838],[-49.11086,-26.75825],[-49.11075,-26.75811],[-49.1107,-26.75808],[-49.11066,-26.75808],[-49.11054,-26.75809],[-49.11046,-26.75808],[-49.1104,-26.75811],[-49.11032,-26.75816],[-49.11028,-26.75822],[-49.11027,-26.75821],[-49.11022,-26.75818],[-49.11011,-26.7581],[-49.11008,-26.75809],[-49.11014,-26.75805],[-49.11016,-26.75804],[-49.11021,-26.758],[-49.11021,-26.75795],[-49.11032,-26.75795],[-49.11039,-26.75791],[-49.11056,-26.75774],[-49.11064,-26.7577],[-49.11058,-26.75766],[-49.11066,-26.75761],[-49.11068,-26.75758],[-49.11068,-26.75754],[-49.11077,-26.75752],[-49.11083,-26.75746],[-49.11086,-26.75741],[-49.11097,-26.7572],[-49.11098,-26.75715],[-49.1109,-26.75706],[-49.1108,-26.757],[-49.11106,-26.75703],[-49.11117,-26.75719],[-49.1112,-26.75729],[-49.11133,-26.75753],[-49.11141,-26.75761],[-49.11155,-26.75767],[-49.11167,-26.7577],[-49.11175,-26.75769],[-49.11181,-26.75768],[-49.11194,-26.75761],[-49.112,-26.75756],[-49.11201,-26.75753],[-49.11204,-26.75716],[-49.11219,-26.75682],[-49.11219,-26.75675],[-49.11217,-26.75667],[-49.11217,-26.75652],[-49.11224,-26.75643],[-49.11231,-26.75637],[-49.11231,-26.75625],[-49.11236,-26.75619],[-49.11238,-26.75616],[-49.11244,-26.75606],[-49.11254,-26.756],[-49.11256,-26.75597],[-49.1125,-26.75586],[-49.11263,-26.75586],[-49.11268,-26.75581],[-49.11276,-26.75579],[-49.11278,-26.75566],[-49.11279,-26.75564],[-49.11286,-26.75557],[-49.11289,-26.75558],[-49.11292,-26.75557],[-49.11301,-26.75545],[-49.11314,-26.75548],[-49.11318,-26.75546],[-49.11319,-26.75542],[-49.11336,-26.75543],[-49.1134,-26.75541],[-49.11345,-26.75527],[-49.1135,-26.75527],[-49.11351,-26.75525],[-49.11352,-26.75514],[-49.11351,-26.755],[-49.11356,-26.75502],[-49.11361,-26.75509],[-49.11365,-26.75508],[-49.1137,-26.75508],[-49.11376,-26.75508],[-49.11384,-26.75503],[-49.11381,-26.75508],[-49.11379,-26.75515],[-49.11381,-26.75527],[-49.11391,-26.75531],[-49.11402,-26.75542],[-49.11409,-26.75545],[-49.11417,-26.75544],[-49.1142,-26.75522],[-49.11425,-26.75517],[-49.1143,-26.75516],[-49.11424,-26.75522],[-49.11422,-26.75529],[-49.11427,-26.75554],[-49.11431,-26.75561],[-49.1143,-26.75565],[-49.11422,-26.75575],[-49.1142,-26.75586],[-49.11426,-26.75596],[-49.11431,-26.75601],[-49.11435,-26.75601],[-49.11447,-26.75597],[-49.11449,-26.75601],[-49.11449,-26.75611],[-49.11446,-26.75626],[-49.11448,-26.75637],[-49.1145,-26.75641],[-49.11466,-26.75667],[-49.11469,-26.75669],[-49.11477,-26.75671],[-49.11464,-26.7569],[-49.11458,-26.75689],[-49.11452,-26.75697],[-49.11446,-26.75701],[-49.11441,-26.75702],[-49.11429,-26.75707],[-49.11416,-26.75716],[-49.11408,-26.75714],[-49.11404,-26.75716],[-49.11392,-26.75727],[-49.11388,-26.75741],[-49.11376,-26.75765],[-49.11376,-26.75776],[-49.1137,-26.7579],[-49.11374,-26.75794],[-49.11362,-26.75809],[-49.11361,-26.75815],[-49.1136,-26.75817],[-49.11355,-26.75817],[-49.11353,-26.75819],[-49.11346,-26.7584],[-49.11346,-26.75848],[-49.11349,-26.75855],[-49.11352,-26.75856],[-49.11359,-26.75856],[-49.11365,-26.75864],[-49.11358,-26.75868],[-49.11356,-26.75874],[-49.11356,-26.75879],[-49.11357,-26.75886],[-49.11371,-26.759],[-49.11363,-26.75911],[-49.11361,-26.75922],[-49.11363,-26.75925],[-49.11363,-26.75928],[-49.11362,-26.75962],[-49.11366,-26.75976],[-49.11366,-26.75991],[-49.11363,-26.76002],[-49.11365,-26.76009],[-49.11369,-26.76011],[-49.11386,-26.76013],[-49.11397,-26.7602],[-49.11383,-26.76034],[-49.11385,-26.76038],[-49.11396,-26.76043],[-49.11399,-26.7605],[-49.11404,-26.76056],[-49.11411,-26.76059],[-49.11415,-26.7606],[-49.11431,-26.76057],[-49.11429,-26.76067],[-49.1144,-26.76079],[-49.11467,-26.76088],[-49.11453,-26.76092],[-49.11424,-26.76093],[-49.11416,-26.76095],[-49.11412,-26.76101],[-49.11412,-26.76108],[-49.11419,-26.76134],[-49.1142,-26.76136],[-49.11422,-26.76141],[-49.11427,-26.76147],[-49.1145,-26.76162],[-49.11445,-26.76167],[-49.11442,-26.76179],[-49.11425,-26.76168],[-49.11409,-26.76166],[-49.11404,-26.7618],[-49.11409,-26.76205],[-49.11408,-26.76218],[-49.114,-26.76214],[-49.11395,-26.76214],[-49.11385,-26.7622],[-49.11381,-26.76219],[-49.11379,-26.76216],[-49.11376,-26.76213],[-49.11372,-26.76207],[-49.11376,-26.76202],[-49.11374,-26.76195],[-49.11359,-26.76182],[-49.11343,-26.76175],[-49.11339,-26.76174],[-49.11318,-26.76177],[-49.11308,-26.76184],[-49.11296,-26.76187],[-49.11281,-26.76194],[-49.11277,-26.76201],[-49.11269,-26.76222],[-49.11265,-26.76233],[-49.11265,-26.76252],[-49.11264,-26.76278],[-49.11252,-26.76312],[-49.11248,-26.76331],[-49.11249,-26.76365],[-49.11254,-26.76371],[-49.11266,-26.76374],[-49.11273,-26.76378],[-49.11285,-26.7638],[-49.11307,-26.76393],[-49.11308,-26.76404],[-49.11316,-26.7643],[-49.11332,-26.76448],[-49.11343,-26.76453],[-49.11355,-26.76455],[-49.11329,-26.76483],[-49.11319,-26.765],[-49.11316,-26.76508],[-49.11317,-26.76515],[-49.11323,-26.76521],[-49.1132,-26.76522],[-49.11312,-26.7652],[-49.11304,-26.76521],[-49.11299,-26.76528],[-49.11294,-26.76546],[-49.11293,-26.76558],[-49.11299,-26.76592],[-49.11302,-26.766],[-49.11301,-26.76611],[-49.11299,-26.76614],[-49.11295,-26.76615],[-49.11283,-26.76613],[-49.11271,-26.76607],[-49.11258,-26.76597],[-49.1125,-26.76596],[-49.11244,-26.76596],[-49.11242,-26.76597],[-49.1124,-26.766],[-49.11241,-26.76612],[-49.11243,-26.76619],[-49.11246,-26.76622],[-49.11254,-26.76639],[-49.11267,-26.76659],[-49.11277,-26.76665],[-49.11283,-26.76672],[-49.11264,-26.76674],[-49.11248,-26.7667],[-49.1124,-26.76667],[-49.11238,-26.76664],[-49.1123,-26.76667],[-49.1123,-26.76686],[-49.11232,-26.76693],[-49.11237,-26.76703],[-49.11247,-26.76712],[-49.11249,-26.76716],[-49.11249,-26.76722],[-49.11246,-26.76724],[-49.11235,-26.7673],[-49.11229,-26.76735],[-49.11225,-26.76741],[-49.11223,-26.76753],[-49.11214,-26.7675],[-49.11204,-26.76737],[-49.11196,-26.76745],[-49.11177,-26.7673],[-49.11162,-26.76725],[-49.11145,-26.76727],[-49.11096,-26.76748],[-49.11088,-26.76756],[-49.11084,-26.76767],[-49.11085,-26.76774],[-49.11092,-26.76785],[-49.11103,-26.76791],[-49.11135,-26.76801],[-49.11143,-26.76805],[-49.11147,-26.76808],[-49.11153,-26.76816],[-49.11157,-26.76826],[-49.11157,-26.76861],[-49.11152,-26.76902],[-49.11153,-26.76914],[-49.11159,-26.76941],[-49.11171,-26.76964],[-49.11174,-26.76969],[-49.1118,-26.76976],[-49.11187,-26.76981],[-49.11199,-26.76979],[-49.11207,-26.76976],[-49.1121,-26.76969],[-49.11211,-26.76962],[-49.11207,-26.76938],[-49.11207,-26.76931],[-49.11212,-26.76916],[-49.11218,-26.76911],[-49.11255,-26.76903],[-49.11297,-26.769],[-49.11329,-26.76891],[-49.11336,-26.76889],[-49.11372,-26.76862],[-49.11403,-26.76834],[-49.11413,-26.76821],[-49.11416,-26.76816],[-49.11426,-26.76796],[-49.11443,-26.76719],[-49.11443,-26.76712],[-49.11441,-26.76704],[-49.11442,-26.76697],[-49.11447,-26.76685],[-49.11452,-26.76678],[-49.1146,-26.76675],[-49.1147,-26.76669],[-49.11482,-26.76666],[-49.11486,-26.76664],[-49.11489,-26.76661],[-49.11491,-26.76658],[-49.11492,-26.76654],[-49.11488,-26.76639],[-49.11483,-26.76628],[-49.11465,-26.76606],[-49.11463,-26.76603],[-49.11462,-26.76599],[-49.11462,-26.76595],[-49.11465,-26.76587],[-49.11473,-26.76574],[-49.11477,-26.76563],[-49.1149,-26.7654],[-49.11495,-26.76536],[-49.11497,-26.76533],[-49.11503,-26.7654],[-49.11505,-26.76549],[-49.11506,-26.76567],[-49.11508,-26.76571],[-49.11512,-26.76572],[-49.11516,-26.7657],[-49.11518,-26.76567],[-49.11519,-26.76559],[-49.11523,-26.76556],[-49.11527,-26.76554],[-49.11536,-26.76555],[-49.1154,-26.76554],[-49.11542,-26.76551],[-49.11546,-26.7655],[-49.1155,-26.7655],[-49.11558,-26.76553],[-49.1157,-26.76554],[-49.11573,-26.76554],[-49.11574,-26.76549],[-49.1159,-26.76549],[-49.11598,-26.76551],[-49.11607,-26.76559],[-49.1161,-26.76561],[-49.11614,-26.76563],[-49.11624,-26.7657],[-49.11629,-26.76576],[-49.11637,-26.76579],[-49.11653,-26.76581],[-49.11662,-26.76582],[-49.11666,-26.76581],[-49.1167,-26.76578],[-49.11682,-26.76575],[-49.11686,-26.76577],[-49.11688,-26.7658],[-49.11692,-26.76582],[-49.11701,-26.76582],[-49.1171,-26.76577],[-49.11713,-26.76578],[-49.11717,-26.76578],[-49.11716,-26.76579],[-49.11722,-26.76581],[-49.11725,-26.76588],[-49.11727,-26.76592],[-49.11738,-26.76598],[-49.1174,-26.76602],[-49.11742,-26.76604],[-49.1175,-26.76614],[-49.11754,-26.76615],[-49.11758,-26.76614],[-49.11769,-26.76609],[-49.1177,-26.76611],[-49.11769,-26.76615],[-49.11764,-26.76622],[-49.11765,-26.76626],[-49.11766,-26.76629],[-49.1177,-26.76631],[-49.11778,-26.76633],[-49.11784,-26.76637],[-49.11787,-26.76644],[-49.11789,-26.76647],[-49.11795,-26.76652],[-49.11812,-26.76666],[-49.11819,-26.7667],[-49.11823,-26.76671],[-49.11831,-26.76672],[-49.11835,-26.76673],[-49.11847,-26.76684],[-49.11851,-26.76686],[-49.11855,-26.76687],[-49.11859,-26.76687],[-49.11863,-26.76686],[-49.11865,-26.76683],[-49.11868,-26.76681],[-49.11875,-26.76672],[-49.11885,-26.76671],[-49.11888,-26.7667],[-49.11899,-26.76663],[-49.11901,-26.76661],[-49.119,-26.76675],[-49.119,-26.76684],[-49.11899,-26.76689],[-49.11898,-26.76693],[-49.1189,-26.76697],[-49.11884,-26.76704],[-49.11883,-26.76708],[-49.11883,-26.76715],[-49.11882,-26.76719],[-49.11876,-26.76725],[-49.11861,-26.76731],[-49.1182,-26.76738],[-49.1179,-26.7676],[-49.11789,-26.76772],[-49.11789,-26.76777],[-49.11792,-26.76785],[-49.11801,-26.76793],[-49.11808,-26.76795],[-49.11812,-26.76794],[-49.11819,-26.7679],[-49.11827,-26.76788],[-49.11835,-26.76784],[-49.11835,-26.768],[-49.11837,-26.76807],[-49.11849,-26.76822],[-49.11859,-26.76828],[-49.11865,-26.7683],[-49.11879,-26.76835],[-49.11898,-26.76849],[-49.11902,-26.76856],[-49.11899,-26.76863],[-49.11882,-26.76874],[-49.11877,-26.76881],[-49.11866,-26.76897],[-49.11864,-26.76904],[-49.11861,-26.76916],[-49.11865,-26.76938],[-49.11863,-26.76949],[-49.11863,-26.76961],[-49.11846,-26.76983],[-49.11838,-26.76991],[-49.11835,-26.76998],[-49.11836,-26.77005],[-49.11845,-26.77018],[-49.11868,-26.77034],[-49.11882,-26.77047],[-49.11885,-26.77054],[-49.11888,-26.77072],[-49.11888,-26.77077],[-49.11886,-26.77103],[-49.1188,-26.77129],[-49.11879,-26.77156],[-49.1188,-26.77171],[-49.11892,-26.77212],[-49.11875,-26.77218],[-49.1187,-26.77225],[-49.11863,-26.77248],[-49.11857,-26.77257],[-49.11856,-26.77269],[-49.11854,-26.77276],[-49.11859,-26.77286],[-49.11871,-26.77296],[-49.11875,-26.77302],[-49.11875,-26.7731],[-49.11867,-26.77327],[-49.11865,-26.77336],[-49.11865,-26.77339],[-49.11856,-26.77351],[-49.11854,-26.77358],[-49.11849,-26.77364],[-49.1184,-26.77371],[-49.11826,-26.77375],[-49.11818,-26.77383],[-49.11812,-26.77392],[-49.11811,-26.77397],[-49.11812,-26.77446],[-49.11825,-26.7747],[-49.11831,-26.77489],[-49.1183,-26.77494],[-49.11803,-26.77521],[-49.11792,-26.77554],[-49.11779,-26.77575],[-49.1177,-26.77583],[-49.11736,-26.77597],[-49.1173,-26.77604],[-49.11713,-26.77614],[-49.11704,-26.77625],[-49.11706,-26.77653],[-49.11684,-26.7767],[-49.11672,-26.77674],[-49.11644,-26.77688],[-49.11641,-26.7769],[-49.11621,-26.77709],[-49.11595,-26.77721],[-49.11577,-26.77726],[-49.11572,-26.77728],[-49.11559,-26.77733],[-49.11551,-26.77742],[-49.1155,-26.77745],[-49.11555,-26.77756],[-49.11555,-26.77764],[-49.11554,-26.77767],[-49.11548,-26.7778],[-49.11546,-26.77807],[-49.11538,-26.77825],[-49.11535,-26.77844],[-49.11528,-26.77851],[-49.11512,-26.77853],[-49.11501,-26.77863],[-49.11495,-26.77873],[-49.11492,-26.77882],[-49.11488,-26.77912],[-49.1149,-26.77931],[-49.11472,-26.77969],[-49.11441,-26.77995],[-49.11418,-26.7801],[-49.11412,-26.78011],[-49.11399,-26.78011],[-49.11388,-26.78016],[-49.11383,-26.78022],[-49.11373,-26.78043],[-49.11365,-26.78052],[-49.11346,-26.78062],[-49.11326,-26.78066],[-49.11317,-26.78072],[-49.11314,-26.78083],[-49.11312,-26.78094],[-49.11313,-26.78098],[-49.11327,-26.78116],[-49.11331,-26.78131],[-49.1133,-26.78138],[-49.11326,-26.78149],[-49.11318,-26.78158],[-49.11308,-26.78165],[-49.11306,-26.78171],[-49.11306,-26.7819],[-49.11302,-26.78201],[-49.11294,-26.7821],[-49.11286,-26.78211],[-49.1128,-26.78212],[-49.11274,-26.78214],[-49.11266,-26.78231],[-49.11252,-26.78249],[-49.11246,-26.78267],[-49.11246,-26.78278],[-49.11226,-26.78279],[-49.1121,-26.78283],[-49.11203,-26.78287],[-49.112,-26.78294],[-49.11201,-26.78309],[-49.11205,-26.78327],[-49.1121,-26.78332],[-49.11217,-26.78336],[-49.1123,-26.78337],[-49.11231,-26.78339],[-49.11234,-26.78339],[-49.11242,-26.78337],[-49.11245,-26.78335],[-49.11249,-26.78315],[-49.11254,-26.78306],[-49.1126,-26.7831],[-49.11263,-26.78317],[-49.11274,-26.78322],[-49.11279,-26.78326],[-49.11277,-26.78327],[-49.11271,-26.78348],[-49.11273,-26.78374],[-49.11274,-26.78377],[-49.11276,-26.78389],[-49.11284,-26.78402],[-49.11294,-26.78409],[-49.11305,-26.78413],[-49.11307,-26.78416],[-49.11309,-26.78419],[-49.11308,-26.78449],[-49.1131,-26.7846],[-49.11323,-26.78479],[-49.11326,-26.7849],[-49.11336,-26.78505],[-49.11341,-26.78515],[-49.11342,-26.78523],[-49.11346,-26.7853],[-49.11359,-26.78542],[-49.11356,-26.78542],[-49.11341,-26.78554],[-49.11339,-26.78558],[-49.1134,-26.78565],[-49.11344,-26.78573],[-49.11351,-26.7858],[-49.11372,-26.78592],[-49.11371,-26.78597],[-49.11367,-26.78607],[-49.11367,-26.78615],[-49.11375,-26.78636],[-49.11377,-26.78641],[-49.11381,-26.78653],[-49.11381,-26.78665],[-49.11387,-26.78674],[-49.11396,-26.78679],[-49.11422,-26.7868],[-49.11429,-26.78682],[-49.11448,-26.78706],[-49.11462,-26.78713],[-49.11468,-26.78719],[-49.11455,-26.78726],[-49.11441,-26.78742],[-49.1143,-26.78763],[-49.11419,-26.7877],[-49.11411,-26.7878],[-49.11411,-26.78785],[-49.11412,-26.78796],[-49.11416,-26.78804],[-49.11416,-26.78808],[-49.11411,-26.78815],[-49.1141,-26.7882],[-49.11417,-26.78834],[-49.11417,-26.78841],[-49.11403,-26.7885],[-49.11401,-26.78852],[-49.11396,-26.78866],[-49.11388,-26.78871],[-49.11381,-26.78874],[-49.11368,-26.78884],[-49.11349,-26.78918],[-49.11344,-26.78925],[-49.11338,-26.78929],[-49.11329,-26.78935],[-49.11317,-26.7894],[-49.11306,-26.7894],[-49.11301,-26.78941],[-49.11291,-26.78949],[-49.11274,-26.78958],[-49.11271,-26.78961],[-49.1127,-26.7897],[-49.11273,-26.78977],[-49.11271,-26.78986],[-49.11253,-26.78996],[-49.11239,-26.79],[-49.1124,-26.79003],[-49.11244,-26.79003],[-49.11244,-26.79005],[-49.11238,-26.79008],[-49.11231,-26.79009],[-49.11223,-26.79011],[-49.11219,-26.79017],[-49.11209,-26.79016],[-49.11205,-26.79019],[-49.11204,-26.79042],[-49.11208,-26.7908],[-49.11191,-26.79081],[-49.11186,-26.79083],[-49.11171,-26.79103],[-49.11165,-26.79123],[-49.11161,-26.79126],[-49.1115,-26.79129],[-49.11145,-26.79134],[-49.11144,-26.79138],[-49.11146,-26.79141],[-49.11165,-26.79155],[-49.11166,-26.79159],[-49.11173,-26.79168],[-49.11173,-26.79174],[-49.11157,-26.79192],[-49.11155,-26.79197],[-49.11155,-26.792],[-49.11156,-26.79201],[-49.11151,-26.79203],[-49.11152,-26.79204],[-49.11157,-26.79216],[-49.1116,-26.79218],[-49.11166,-26.79221],[-49.11176,-26.79234],[-49.11177,-26.79245],[-49.11179,-26.79249],[-49.11185,-26.79253],[-49.11196,-26.79257],[-49.1121,-26.79268],[-49.11212,-26.79272],[-49.11215,-26.79276],[-49.11231,-26.79301],[-49.11217,-26.7932],[-49.11216,-26.79335],[-49.11218,-26.79336],[-49.11211,-26.79341],[-49.11199,-26.79354],[-49.11181,-26.7937],[-49.1116,-26.79383],[-49.11152,-26.79394],[-49.11146,-26.7941],[-49.11144,-26.79423],[-49.1114,-26.79457],[-49.11117,-26.79455],[-49.11105,-26.79451],[-49.11095,-26.79446],[-49.11082,-26.79443],[-49.11074,-26.79445],[-49.11071,-26.79452],[-49.11078,-26.79464],[-49.11083,-26.7947],[-49.11101,-26.79484],[-49.11105,-26.79493],[-49.11089,-26.79498],[-49.11086,-26.79501],[-49.11082,-26.79511],[-49.11073,-26.79515],[-49.11063,-26.79525],[-49.1106,-26.79534],[-49.11059,-26.79542],[-49.11062,-26.79549],[-49.11071,-26.79562],[-49.11072,-26.79565],[-49.11071,-26.79571],[-49.1107,-26.79585],[-49.11073,-26.79603],[-49.11086,-26.79627],[-49.11098,-26.79635],[-49.111,-26.79639],[-49.11103,-26.79653],[-49.11104,-26.79662],[-49.11101,-26.7967],[-49.11091,-26.79685],[-49.11085,-26.79698],[-49.11084,-26.7972],[-49.11081,-26.79733],[-49.11073,-26.79745],[-49.11064,-26.79756],[-49.11062,-26.7976],[-49.11062,-26.79769],[-49.11066,-26.79782],[-49.11072,-26.79789],[-49.11092,-26.79809],[-49.11124,-26.79844],[-49.11135,-26.79853],[-49.11157,-26.79878],[-49.11173,-26.79895],[-49.11181,-26.799],[-49.11197,-26.79913],[-49.11224,-26.79938],[-49.11244,-26.79952],[-49.11233,-26.79965],[-49.1122,-26.79987],[-49.11201,-26.80006],[-49.11195,-26.80021],[-49.11192,-26.80036],[-49.11196,-26.80049],[-49.11202,-26.80065],[-49.11211,-26.80079],[-49.11212,-26.80082],[-49.11211,-26.80088],[-49.11193,-26.80109],[-49.11191,-26.80116],[-49.1119,-26.80122],[-49.11191,-26.8013],[-49.11187,-26.80152],[-49.11178,-26.80166],[-49.1117,-26.80175],[-49.11166,-26.80176],[-49.1116,-26.80175],[-49.11153,-26.80179],[-49.11155,-26.80208],[-49.11153,-26.80215],[-49.11149,-26.80219],[-49.11132,-26.80228],[-49.11124,-26.80234],[-49.11122,-26.80237],[-49.11121,-26.80242],[-49.11122,-26.80253],[-49.11125,-26.80259],[-49.11137,-26.80267],[-49.11147,-26.80276],[-49.1115,-26.80283],[-49.11148,-26.80292],[-49.11143,-26.80296],[-49.11119,-26.80307],[-49.11086,-26.80319],[-49.11086,-26.80324],[-49.11082,-26.8033],[-49.11083,-26.80334],[-49.11089,-26.80336],[-49.11099,-26.80333],[-49.11109,-26.80332],[-49.11124,-26.80332],[-49.11128,-26.80333],[-49.11139,-26.80341],[-49.11151,-26.80344],[-49.11156,-26.80346],[-49.11164,-26.80366],[-49.11161,-26.80375],[-49.11155,-26.80385],[-49.11145,-26.80396],[-49.11139,-26.80409],[-49.11139,-26.80424],[-49.11144,-26.80439],[-49.11147,-26.80456],[-49.11149,-26.80459],[-49.11158,-26.80459],[-49.11173,-26.80454],[-49.11214,-26.80454],[-49.11218,-26.80455],[-49.11224,-26.8046],[-49.1124,-26.80482],[-49.11246,-26.80489],[-49.11254,-26.80494],[-49.1127,-26.80506],[-49.11274,-26.80507],[-49.11282,-26.80506],[-49.11313,-26.80496],[-49.1132,-26.80487],[-49.11325,-26.80475],[-49.11333,-26.80465],[-49.1134,-26.80461],[-49.11352,-26.80465],[-49.11373,-26.80477],[-49.11403,-26.80486],[-49.11438,-26.80493],[-49.11444,-26.80494],[-49.11449,-26.80495],[-49.1147,-26.80488],[-49.11498,-26.80472],[-49.11511,-26.80462],[-49.11525,-26.80445],[-49.11553,-26.80412],[-49.11562,-26.80394],[-49.11569,-26.80385],[-49.11576,-26.80386],[-49.11582,-26.80391],[-49.11586,-26.80398],[-49.11595,-26.80411],[-49.11607,-26.80439],[-49.11613,-26.80448],[-49.11632,-26.80469],[-49.11642,-26.80477],[-49.11653,-26.80483],[-49.11676,-26.80491],[-49.11693,-26.80494],[-49.11714,-26.80495],[-49.11745,-26.80498],[-49.11764,-26.80497],[-49.1179,-26.80493],[-49.11814,-26.80491],[-49.11812,-26.80496],[-49.11814,-26.805],[-49.1181,-26.80501],[-49.11806,-26.80504],[-49.118,-26.80515],[-49.11793,-26.80534],[-49.11787,-26.80542],[-49.11756,-26.80553],[-49.11732,-26.80563],[-49.11724,-26.80573],[-49.11721,-26.8059],[-49.11719,-26.80623],[-49.11712,-26.80644],[-49.11703,-26.80652],[-49.117,-26.80653],[-49.11694,-26.80651],[-49.11685,-26.80646],[-49.11664,-26.80628],[-49.11648,-26.80621],[-49.11627,-26.80618],[-49.11623,-26.80617],[-49.11585,-26.80617],[-49.1156,-26.8062],[-49.1154,-26.80626],[-49.11508,-26.80642],[-49.11504,-26.80646],[-49.11502,-26.8065],[-49.11502,-26.80658],[-49.11495,-26.80671],[-49.11493,-26.80681],[-49.11492,-26.80692],[-49.11494,-26.80703],[-49.11497,-26.80711],[-49.11504,-26.8072],[-49.11529,-26.80734],[-49.11531,-26.80737],[-49.11534,-26.80744],[-49.11534,-26.80755],[-49.11532,-26.80766],[-49.11524,-26.80788],[-49.11522,-26.80804],[-49.11519,-26.80831],[-49.1152,-26.80908],[-49.11522,-26.80927],[-49.11528,-26.80949],[-49.11526,-26.80962],[-49.11532,-26.80983],[-49.11535,-26.81003],[-49.11522,-26.81001],[-49.11498,-26.80993],[-49.11467,-26.8099],[-49.11451,-26.80989],[-49.11434,-26.80986],[-49.11423,-26.8098],[-49.11396,-26.80961],[-49.11345,-26.80928],[-49.11328,-26.80917],[-49.11318,-26.80911],[-49.11305,-26.80909],[-49.113,-26.80912],[-49.11296,-26.80916],[-49.11289,-26.8093],[-49.11277,-26.8094],[-49.11273,-26.80947],[-49.11272,-26.80969],[-49.11272,-26.80995],[-49.11273,-26.81002],[-49.11278,-26.81012],[-49.11295,-26.81034],[-49.11311,-26.81046],[-49.11326,-26.81051],[-49.11333,-26.81056],[-49.11335,-26.81059],[-49.11333,-26.81085],[-49.11333,-26.81092],[-49.11337,-26.81102],[-49.1134,-26.81105],[-49.11346,-26.81105],[-49.11349,-26.81109],[-49.11368,-26.81115],[-49.11399,-26.8112],[-49.1139,-26.81129],[-49.11384,-26.81143],[-49.11382,-26.81155],[-49.11382,-26.81167],[-49.11388,-26.81178],[-49.11391,-26.81189],[-49.1139,-26.81219],[-49.11392,-26.81231],[-49.11396,-26.81243],[-49.1138,-26.81248],[-49.11328,-26.81272],[-49.11308,-26.81288],[-49.11305,-26.81292],[-49.11301,-26.81302],[-49.11303,-26.81348],[-49.11302,-26.81359],[-49.11299,-26.81368],[-49.1129,-26.81386],[-49.11288,-26.81397],[-49.11292,-26.81403],[-49.11302,-26.8141],[-49.11334,-26.8142],[-49.1135,-26.8142],[-49.11368,-26.81411],[-49.11382,-26.81396],[-49.11387,-26.81391],[-49.11401,-26.81383],[-49.11412,-26.81378],[-49.11441,-26.81369],[-49.1145,-26.81367],[-49.11464,-26.81359],[-49.11475,-26.81348],[-49.11478,-26.81339],[-49.11479,-26.81309],[-49.11471,-26.81289],[-49.11494,-26.81298],[-49.11503,-26.81298],[-49.11519,-26.81296],[-49.11538,-26.81287],[-49.11553,-26.81285],[-49.11578,-26.81284],[-49.11584,-26.81284],[-49.11635,-26.81268],[-49.11661,-26.81255],[-49.11691,-26.81235],[-49.11694,-26.81233],[-49.1171,-26.8121],[-49.11714,-26.81207],[-49.1172,-26.81201],[-49.11713,-26.81235],[-49.11711,-26.81242],[-49.1171,-26.81262],[-49.11713,-26.8128],[-49.11712,-26.81291],[-49.11708,-26.81305],[-49.11706,-26.81328],[-49.11707,-26.81335],[-49.11715,-26.81361],[-49.11717,-26.81375],[-49.11717,-26.81381],[-49.11717,-26.81391],[-49.1172,-26.81402],[-49.11728,-26.8142],[-49.11754,-26.81451],[-49.11771,-26.81463],[-49.11793,-26.81481],[-49.11807,-26.81491],[-49.11834,-26.8152],[-49.11846,-26.8153],[-49.11858,-26.81535],[-49.11883,-26.8154],[-49.11858,-26.81565],[-49.1185,-26.81579],[-49.11848,-26.81586],[-49.11848,-26.81598],[-49.11851,-26.81614],[-49.11854,-26.81632],[-49.11856,-26.81635],[-49.11865,-26.81636],[-49.1187,-26.81653],[-49.1187,-26.8166],[-49.11864,-26.81665],[-49.11852,-26.81673],[-49.11845,-26.81685],[-49.11844,-26.81697],[-49.11851,-26.81706],[-49.11862,-26.81712],[-49.11869,-26.81721],[-49.1185,-26.81719],[-49.11842,-26.81721],[-49.11835,-26.81725],[-49.11822,-26.81734],[-49.11797,-26.8174],[-49.11771,-26.81737],[-49.11765,-26.81737],[-49.11741,-26.81741],[-49.11728,-26.81748],[-49.11704,-26.81769],[-49.11688,-26.81782],[-49.11677,-26.81793],[-49.11672,-26.81803],[-49.11665,-26.81827],[-49.11659,-26.81835],[-49.11629,-26.81822],[-49.11579,-26.81807],[-49.11536,-26.81805],[-49.11481,-26.81797],[-49.11447,-26.81798],[-49.11424,-26.8179],[-49.11415,-26.81788],[-49.11398,-26.8179],[-49.11367,-26.81802],[-49.11362,-26.81805],[-49.11354,-26.81812],[-49.11348,-26.81818],[-49.11342,-26.81833],[-49.11339,-26.81853],[-49.11339,-26.81865],[-49.11343,-26.81879],[-49.11341,-26.81882],[-49.11338,-26.81885],[-49.11326,-26.81887],[-49.11314,-26.81891],[-49.11304,-26.81898],[-49.11299,-26.81909],[-49.11299,-26.81924],[-49.11303,-26.81938],[-49.11308,-26.81949],[-49.11309,-26.81964],[-49.1131,-26.81967],[-49.11315,-26.81971],[-49.1128,-26.81983],[-49.11258,-26.81986],[-49.11232,-26.81986],[-49.11226,-26.81989],[-49.11223,-26.82],[-49.11222,-26.82019],[-49.11225,-26.82029],[-49.11235,-26.82037],[-49.11232,-26.82046],[-49.11228,-26.82056],[-49.11217,-26.82069],[-49.11213,-26.82072],[-49.11202,-26.82074],[-49.11199,-26.82077],[-49.11198,-26.8208],[-49.11201,-26.82105],[-49.11212,-26.82104],[-49.11214,-26.82104],[-49.11215,-26.8211],[-49.11216,-26.8211],[-49.1123,-26.82112],[-49.11246,-26.82111],[-49.11262,-26.82108],[-49.11274,-26.82102],[-49.11293,-26.82115],[-49.11302,-26.82116],[-49.11306,-26.82115],[-49.11307,-26.82114],[-49.11333,-26.82106],[-49.11338,-26.82101],[-49.11341,-26.82119],[-49.11338,-26.8213],[-49.11338,-26.82133],[-49.11342,-26.82146],[-49.11353,-26.82157],[-49.11363,-26.82176],[-49.11366,-26.82179],[-49.11378,-26.82182],[-49.11384,-26.82189],[-49.11388,-26.82194],[-49.11398,-26.82211],[-49.11403,-26.82228],[-49.1141,-26.82233],[-49.11414,-26.82243],[-49.11429,-26.82266],[-49.11435,-26.82284],[-49.11435,-26.82303],[-49.11433,-26.8231],[-49.11428,-26.8232],[-49.11414,-26.82339],[-49.11408,-26.82357],[-49.11405,-26.82401],[-49.11414,-26.82418],[-49.11418,-26.82424],[-49.11419,-26.82431],[-49.11425,-26.82437],[-49.11424,-26.82463],[-49.1143,-26.82476],[-49.1144,-26.82483],[-49.11436,-26.82484],[-49.11415,-26.82485],[-49.11391,-26.82492],[-49.11375,-26.82496],[-49.11358,-26.82499],[-49.11341,-26.825],[-49.11326,-26.82504],[-49.11321,-26.82506],[-49.11316,-26.82507],[-49.11315,-26.82507],[-49.11301,-26.82511],[-49.11272,-26.82515],[-49.11248,-26.82522],[-49.11237,-26.82528],[-49.11227,-26.82541],[-49.11219,-26.82562],[-49.11213,-26.82596],[-49.11209,-26.82602],[-49.11187,-26.82627],[-49.11182,-26.82642],[-49.1118,-26.8266],[-49.11181,-26.82675],[-49.11189,-26.82701],[-49.11191,-26.8271],[-49.11193,-26.82737],[-49.11198,-26.82755],[-49.11205,-26.82765],[-49.11218,-26.82779],[-49.11221,-26.8279],[-49.11225,-26.82797],[-49.11232,-26.82801],[-49.11247,-26.82805],[-49.11249,-26.82808],[-49.11245,-26.82831],[-49.11245,-26.82846],[-49.11248,-26.82858],[-49.11257,-26.82879],[-49.11259,-26.82889],[-49.11262,-26.82892],[-49.1127,-26.82894],[-49.11282,-26.82896],[-49.11292,-26.82895],[-49.11294,-26.82904],[-49.11301,-26.82921],[-49.11311,-26.82929],[-49.11325,-26.82936],[-49.11331,-26.82937],[-49.11337,-26.82942],[-49.11341,-26.82952],[-49.1135,-26.8296],[-49.11358,-26.82961],[-49.11373,-26.82956],[-49.11378,-26.82971],[-49.11382,-26.82978],[-49.11394,-26.82988],[-49.11418,-26.83004],[-49.11436,-26.83012],[-49.1145,-26.83021],[-49.11461,-26.83025],[-49.11482,-26.83027],[-49.11497,-26.83032],[-49.11518,-26.83032],[-49.11535,-26.83028],[-49.1155,-26.83022],[-49.11578,-26.83006],[-49.11586,-26.83],[-49.11621,-26.82983],[-49.11633,-26.82981],[-49.11646,-26.82981],[-49.11653,-26.82985],[-49.11667,-26.83003],[-49.11678,-26.83013],[-49.1168,-26.83015],[-49.11682,-26.83016],[-49.11686,-26.83019],[-49.11712,-26.83036],[-49.11728,-26.83041],[-49.11751,-26.83045],[-49.11757,-26.83045],[-49.11766,-26.83045],[-49.1178,-26.83041],[-49.1179,-26.83039],[-49.11805,-26.83031],[-49.11811,-26.83021],[-49.11813,-26.83007],[-49.11821,-26.83012],[-49.11824,-26.83016],[-49.11834,-26.83024],[-49.11841,-26.83031],[-49.11846,-26.83042],[-49.11859,-26.83083],[-49.11862,-26.83089],[-49.11867,-26.83096],[-49.11885,-26.83112],[-49.11893,-26.83119],[-49.11905,-26.8313],[-49.11905,-26.83141],[-49.11899,-26.83151],[-49.11883,-26.83163],[-49.1188,-26.83167],[-49.11875,-26.83178],[-49.11873,-26.83189],[-49.11874,-26.83194],[-49.11877,-26.832],[-49.11892,-26.83218],[-49.11918,-26.83238],[-49.11923,-26.83242],[-49.11935,-26.8327],[-49.11938,-26.83289],[-49.11938,-26.83326],[-49.11934,-26.83364],[-49.11924,-26.8339],[-49.11915,-26.83384],[-49.119,-26.83377],[-49.11888,-26.83377],[-49.11872,-26.83379],[-49.11838,-26.83395],[-49.1181,-26.83398],[-49.11787,-26.83405],[-49.11774,-26.8341],[-49.11728,-26.83437],[-49.11709,-26.83451],[-49.11684,-26.8345],[-49.11664,-26.83451],[-49.11652,-26.83455],[-49.11643,-26.83463],[-49.11643,-26.83457],[-49.11635,-26.83444],[-49.11632,-26.83429],[-49.11629,-26.83428],[-49.11626,-26.83422],[-49.11622,-26.834],[-49.11615,-26.83378],[-49.116,-26.83361],[-49.11592,-26.83358],[-49.1158,-26.83355],[-49.11569,-26.83349],[-49.11531,-26.8332],[-49.11511,-26.83316],[-49.11496,-26.83309],[-49.11487,-26.83309],[-49.11481,-26.83309],[-49.1145,-26.83314],[-49.11435,-26.83319],[-49.11424,-26.83325],[-49.11404,-26.83339],[-49.11381,-26.83365],[-49.11377,-26.8338],[-49.11377,-26.83422],[-49.11385,-26.83443],[-49.11383,-26.83457],[-49.11387,-26.83469],[-49.11389,-26.83472],[-49.11393,-26.83473],[-49.11394,-26.83475],[-49.11394,-26.83479],[-49.11397,-26.83483],[-49.11402,-26.83485],[-49.11404,-26.83491],[-49.11407,-26.8349],[-49.11412,-26.83497],[-49.11414,-26.83501],[-49.11412,-26.83503],[-49.11407,-26.83505],[-49.11409,-26.83514],[-49.11412,-26.83518],[-49.11411,-26.83525],[-49.11384,-26.83528],[-49.11364,-26.83523],[-49.11361,-26.83524],[-49.1136,-26.83527],[-49.11359,-26.83528],[-49.11278,-26.8353],[-49.1127,-26.8353],[-49.11253,-26.83531],[-49.11236,-26.83531],[-49.11205,-26.83532],[-49.1118,-26.83541],[-49.11141,-26.83557],[-49.11103,-26.83575],[-49.11066,-26.83601],[-49.1106,-26.83606],[-49.11031,-26.83628],[-49.11013,-26.83646],[-49.10966,-26.83709],[-49.10956,-26.83716],[-49.10899,-26.83732],[-49.10894,-26.83733],[-49.10856,-26.83744],[-49.10825,-26.83757],[-49.10801,-26.83774],[-49.10793,-26.83793],[-49.10773,-26.8383],[-49.10766,-26.83839],[-49.10755,-26.83848],[-49.1074,-26.83866],[-49.10718,-26.839],[-49.10705,-26.83912],[-49.10681,-26.83929],[-49.10673,-26.83935],[-49.1064,-26.83943],[-49.10626,-26.8395],[-49.10604,-26.83967],[-49.10598,-26.83969],[-49.10593,-26.83974],[-49.10592,-26.83984],[-49.10591,-26.83989],[-49.10583,-26.84041],[-49.10582,-26.84064],[-49.1058,-26.84078],[-49.10569,-26.84103],[-49.10549,-26.84118],[-49.10529,-26.84148],[-49.10525,-26.84151],[-49.10519,-26.84156],[-49.10494,-26.84169],[-49.10409,-26.84184],[-49.10397,-26.84185],[-49.1039,-26.84183],[-49.10374,-26.84184],[-49.1033,-26.84197],[-49.10302,-26.84225],[-49.10298,-26.84229],[-49.10276,-26.84256],[-49.10257,-26.84282],[-49.10241,-26.84299],[-49.10136,-26.843],[-49.10064,-26.84305],[-49.10051,-26.84312],[-49.10032,-26.84318],[-49.0992,-26.84343],[-49.09899,-26.84346],[-49.09883,-26.84343],[-49.09842,-26.84343],[-49.09783,-26.84356],[-49.09758,-26.84363],[-49.09743,-26.84362],[-49.09719,-26.84364],[-49.0971,-26.84363],[-49.09704,-26.84363],[-49.09692,-26.84363],[-49.0968,-26.84365],[-49.09645,-26.84384],[-49.09604,-26.84403],[-49.09598,-26.84406],[-49.09585,-26.84412],[-49.09581,-26.84414],[-49.09562,-26.84421],[-49.09544,-26.8442],[-49.09534,-26.84418],[-49.09514,-26.84411],[-49.09488,-26.84391],[-49.09469,-26.84388],[-49.09454,-26.84382],[-49.09449,-26.84378],[-49.09417,-26.84351],[-49.09415,-26.8435],[-49.09401,-26.84341],[-49.09377,-26.84321],[-49.09368,-26.84308],[-49.09354,-26.84294],[-49.09333,-26.84278],[-49.09331,-26.84278],[-49.09324,-26.84278],[-49.09301,-26.84286],[-49.09288,-26.84287],[-49.09268,-26.84283],[-49.09237,-26.84273],[-49.09205,-26.84259],[-49.09175,-26.84251],[-49.09132,-26.8425],[-49.09086,-26.84247],[-49.09085,-26.84259],[-49.09078,-26.84278],[-49.09071,-26.84285],[-49.09064,-26.84289],[-49.0906,-26.84296],[-49.09053,-26.84302],[-49.09045,-26.84306],[-49.0901,-26.84345],[-49.0899,-26.84362],[-49.08979,-26.84369],[-49.08937,-26.84408],[-49.08929,-26.84413],[-49.08907,-26.84421],[-49.08904,-26.8443],[-49.08894,-26.84446],[-49.08888,-26.84474],[-49.08881,-26.84484],[-49.08861,-26.84494],[-49.08851,-26.84505],[-49.08833,-26.84537],[-49.0882,-26.84568],[-49.08812,-26.84582],[-49.08796,-26.84603],[-49.08789,-26.84615],[-49.08785,-26.84629],[-49.0879,-26.8466],[-49.08793,-26.84666],[-49.08792,-26.84682],[-49.08786,-26.84692],[-49.08773,-26.84704],[-49.0877,-26.84711],[-49.0877,-26.8472],[-49.08775,-26.84736],[-49.0878,-26.8476],[-49.08782,-26.84784],[-49.08779,-26.84806],[-49.08773,-26.84816],[-49.08762,-26.84831],[-49.08737,-26.84859],[-49.08728,-26.84875],[-49.08719,-26.849],[-49.08709,-26.84924],[-49.08705,-26.84934],[-49.08697,-26.84981],[-49.08697,-26.85019],[-49.08695,-26.85028],[-49.08689,-26.85044],[-49.08683,-26.8505],[-49.08674,-26.85055],[-49.08657,-26.85059],[-49.08656,-26.85057],[-49.0865,-26.85053],[-49.0864,-26.85044],[-49.08634,-26.85039],[-49.08599,-26.85021],[-49.08583,-26.85014],[-49.08574,-26.85012],[-49.08568,-26.8501],[-49.08515,-26.84996],[-49.08511,-26.84995],[-49.08409,-26.84966],[-49.08396,-26.84962],[-49.08389,-26.8496],[-49.0838,-26.84958],[-49.08302,-26.84936],[-49.08297,-26.84935],[-49.0826,-26.84926],[-49.08253,-26.84924],[-49.0824,-26.8492],[-49.08232,-26.84918],[-49.08205,-26.8491],[-49.08154,-26.84885],[-49.08149,-26.8488],[-49.08147,-26.84877],[-49.08139,-26.84865],[-49.08131,-26.84861],[-49.08114,-26.84844],[-49.08099,-26.84823],[-49.0807,-26.84806],[-49.0806,-26.84803],[-49.0804,-26.84801],[-49.08037,-26.84796],[-49.08012,-26.84772],[-49.07939,-26.84708],[-49.07936,-26.84706],[-49.07878,-26.84656],[-49.07843,-26.8461],[-49.07832,-26.8459],[-49.07824,-26.84567],[-49.07813,-26.8451],[-49.07815,-26.84493],[-49.07823,-26.84479],[-49.07851,-26.84453],[-49.07847,-26.84451],[-49.07843,-26.84448],[-49.07818,-26.84435],[-49.07769,-26.84397],[-49.07723,-26.84373],[-49.07717,-26.84362],[-49.07715,-26.84322],[-49.07715,-26.8431],[-49.07716,-26.84306],[-49.07716,-26.84301],[-49.07727,-26.8428],[-49.07766,-26.8424],[-49.07777,-26.84233],[-49.07796,-26.84216],[-49.07799,-26.84212],[-49.07846,-26.84164],[-49.07853,-26.8415],[-49.07861,-26.84139],[-49.07871,-26.8413],[-49.07878,-26.84124],[-49.07905,-26.84114],[-49.07923,-26.84103],[-49.0793,-26.84095],[-49.07934,-26.84092],[-49.07933,-26.84084],[-49.07919,-26.84065],[-49.07913,-26.84053],[-49.07905,-26.84027],[-49.07899,-26.83997],[-49.07891,-26.83983],[-49.07871,-26.83967],[-49.07847,-26.83957],[-49.07818,-26.83951],[-49.07769,-26.83944],[-49.07733,-26.83934],[-49.07721,-26.83927],[-49.07717,-26.83919],[-49.07717,-26.83909],[-49.0772,-26.83889],[-49.07722,-26.8387],[-49.07729,-26.83861],[-49.07741,-26.83838],[-49.07754,-26.83817],[-49.07756,-26.83802],[-49.07755,-26.83795],[-49.07749,-26.83787],[-49.07742,-26.83766],[-49.07736,-26.83762],[-49.07721,-26.83725],[-49.07716,-26.83689],[-49.07712,-26.8364],[-49.07708,-26.83622],[-49.07709,-26.83592],[-49.07721,-26.83486],[-49.0772,-26.83466],[-49.07716,-26.83456],[-49.07709,-26.83448],[-49.07687,-26.83443],[-49.07641,-26.83438],[-49.07585,-26.83439],[-49.07583,-26.83405],[-49.07577,-26.8339],[-49.07568,-26.83376],[-49.07551,-26.83361],[-49.07509,-26.83339],[-49.07504,-26.83336],[-49.07481,-26.83308],[-49.07476,-26.83298],[-49.07475,-26.83282],[-49.07476,-26.83277],[-49.07494,-26.83255],[-49.07506,-26.83236],[-49.07513,-26.83215],[-49.07513,-26.83193],[-49.07518,-26.83166],[-49.07522,-26.83156],[-49.07535,-26.83132],[-49.07537,-26.83121],[-49.07538,-26.83111],[-49.07534,-26.83101],[-49.07525,-26.83081],[-49.07515,-26.83066],[-49.07513,-26.83061],[-49.07511,-26.83055],[-49.07497,-26.83037],[-49.07483,-26.83013],[-49.07473,-26.83],[-49.07473,-26.82992],[-49.07478,-26.82984],[-49.07485,-26.8298],[-49.07489,-26.8297],[-49.07488,-26.82965],[-49.07482,-26.82956],[-49.07466,-26.82915],[-49.0746,-26.82906],[-49.07453,-26.82897],[-49.07412,-26.82874],[-49.07404,-26.82866],[-49.07402,-26.82861],[-49.07404,-26.82834],[-49.07402,-26.82828],[-49.07396,-26.82819],[-49.07378,-26.82805],[-49.07371,-26.82797],[-49.07369,-26.82794],[-49.0736,-26.82783],[-49.07325,-26.82763],[-49.07314,-26.8275],[-49.07309,-26.82748],[-49.07303,-26.82747],[-49.07273,-26.82748],[-49.07267,-26.82746],[-49.07263,-26.82743],[-49.07252,-26.82724],[-49.07239,-26.82712],[-49.07234,-26.82705],[-49.07218,-26.82697],[-49.0721,-26.82695],[-49.07192,-26.82681],[-49.07176,-26.8268],[-49.07161,-26.82674],[-49.07135,-26.8266],[-49.07122,-26.82651],[-49.071,-26.8264],[-49.07081,-26.82627],[-49.07052,-26.8261],[-49.07027,-26.82603],[-49.07004,-26.82605],[-49.06998,-26.82603],[-49.06973,-26.82577],[-49.06956,-26.82565],[-49.06953,-26.82561],[-49.06956,-26.82558],[-49.06964,-26.82556],[-49.0697,-26.82556],[-49.06988,-26.82561],[-49.07006,-26.8256],[-49.07017,-26.82558],[-49.0704,-26.82551],[-49.0705,-26.82544],[-49.07066,-26.82529],[-49.07073,-26.8252],[-49.07081,-26.82505],[-49.07084,-26.82495],[-49.07081,-26.82484],[-49.07061,-26.82458],[-49.07041,-26.82446],[-49.07029,-26.82445],[-49.07009,-26.82446],[-49.07002,-26.82446],[-49.06981,-26.82445],[-49.06939,-26.8245],[-49.06931,-26.8245],[-49.06957,-26.82414],[-49.06963,-26.82404],[-49.06964,-26.82387],[-49.06958,-26.82374],[-49.06943,-26.82349],[-49.06935,-26.82342],[-49.06923,-26.82324],[-49.06928,-26.8232],[-49.06932,-26.82312],[-49.06936,-26.82298],[-49.06944,-26.82299],[-49.07011,-26.82301],[-49.07038,-26.823],[-49.07047,-26.82299],[-49.07058,-26.82291],[-49.07064,-26.8228],[-49.07063,-26.82262],[-49.07061,-26.8225],[-49.07049,-26.8223],[-49.07039,-26.82208],[-49.07028,-26.82191],[-49.07014,-26.82173],[-49.07013,-26.82167],[-49.07017,-26.82165],[-49.07027,-26.82153],[-49.0703,-26.82148],[-49.07031,-26.82135],[-49.07033,-26.8213],[-49.07046,-26.8212],[-49.07052,-26.82112],[-49.07052,-26.82107],[-49.07064,-26.82112],[-49.07087,-26.82124],[-49.07115,-26.82146],[-49.07126,-26.82152],[-49.0714,-26.82158],[-49.07152,-26.8216],[-49.07174,-26.82162],[-49.0723,-26.82162],[-49.07243,-26.82161],[-49.07251,-26.8216],[-49.07292,-26.82151],[-49.0732,-26.82142],[-49.07341,-26.8214],[-49.07353,-26.82138],[-49.07361,-26.82136],[-49.07367,-26.82135],[-49.07371,-26.82131],[-49.07377,-26.82122],[-49.07374,-26.82103],[-49.07364,-26.82079],[-49.07357,-26.82062],[-49.07347,-26.82039],[-49.07331,-26.82015],[-49.07327,-26.82009],[-49.07314,-26.81992],[-49.07273,-26.81957],[-49.07254,-26.81939],[-49.07239,-26.8192],[-49.07224,-26.81905],[-49.07206,-26.81894],[-49.07194,-26.81889],[-49.07193,-26.81885],[-49.07195,-26.81876],[-49.07192,-26.81865],[-49.07177,-26.81845],[-49.0715,-26.81831],[-49.07136,-26.8182],[-49.07124,-26.81815],[-49.07114,-26.81812],[-49.07108,-26.81808],[-49.0711,-26.81805],[-49.07126,-26.81804],[-49.07139,-26.818],[-49.07152,-26.81799],[-49.07187,-26.81798],[-49.07219,-26.81788],[-49.0723,-26.81786],[-49.07242,-26.81784],[-49.07262,-26.81785],[-49.07286,-26.81783],[-49.07322,-26.81772],[-49.07339,-26.81763],[-49.07343,-26.81757],[-49.07344,-26.81754],[-49.07344,-26.81748],[-49.07345,-26.8172],[-49.07342,-26.81706],[-49.07335,-26.81691],[-49.07325,-26.81672],[-49.07344,-26.81666],[-49.07375,-26.81646],[-49.07392,-26.81624],[-49.0741,-26.81608],[-49.07426,-26.81579],[-49.07434,-26.8157],[-49.07439,-26.81567],[-49.07449,-26.81563],[-49.07462,-26.81563],[-49.07474,-26.81565],[-49.07478,-26.81567],[-49.07482,-26.81573],[-49.07487,-26.81577],[-49.07491,-26.81577],[-49.07495,-26.81572],[-49.07499,-26.81558],[-49.075,-26.81547],[-49.07496,-26.81535],[-49.07489,-26.81521],[-49.07476,-26.8151],[-49.07486,-26.81509],[-49.07514,-26.81501],[-49.07517,-26.81497],[-49.07517,-26.81491],[-49.07514,-26.81488],[-49.07509,-26.81485],[-49.07493,-26.81482],[-49.07488,-26.81476],[-49.07471,-26.81473],[-49.07469,-26.81469],[-49.07468,-26.81457],[-49.07463,-26.8145],[-49.07462,-26.81439],[-49.07459,-26.8143],[-49.07459,-26.81424],[-49.07462,-26.81418],[-49.07473,-26.81407],[-49.07473,-26.81401],[-49.07469,-26.81398],[-49.07457,-26.814],[-49.0745,-26.81394],[-49.07448,-26.81353],[-49.07446,-26.81348],[-49.07443,-26.81344],[-49.07438,-26.81342],[-49.07431,-26.8134],[-49.07422,-26.81339],[-49.07412,-26.8134],[-49.07418,-26.81331],[-49.0742,-26.81324],[-49.07421,-26.81316],[-49.07418,-26.81306],[-49.07426,-26.81295],[-49.07426,-26.81291],[-49.07426,-26.81283],[-49.07423,-26.81275],[-49.07421,-26.81273],[-49.07417,-26.81266],[-49.07413,-26.81263],[-49.07411,-26.81252],[-49.07399,-26.81242],[-49.07389,-26.81238],[-49.07385,-26.81228],[-49.07372,-26.81223],[-49.07376,-26.81219],[-49.07389,-26.81215],[-49.07393,-26.81209],[-49.07393,-26.81196],[-49.07385,-26.81186],[-49.07384,-26.81183],[-49.07394,-26.81177],[-49.07402,-26.81166],[-49.07413,-26.81161],[-49.07429,-26.81146],[-49.07432,-26.81141],[-49.07433,-26.81129],[-49.07424,-26.81103],[-49.07423,-26.81095],[-49.07431,-26.81074],[-49.07433,-26.81065],[-49.07433,-26.81057],[-49.07429,-26.81049],[-49.07426,-26.81037],[-49.07426,-26.81032],[-49.07424,-26.8102],[-49.07417,-26.81004],[-49.07411,-26.80995],[-49.07409,-26.80989],[-49.07417,-26.80987],[-49.07435,-26.80987],[-49.07443,-26.80985],[-49.07449,-26.80979],[-49.07457,-26.80961],[-49.07462,-26.80952],[-49.07469,-26.80943],[-49.07477,-26.80937],[-49.07487,-26.8093],[-49.07496,-26.80926],[-49.07505,-26.80925],[-49.07511,-26.80926],[-49.07528,-26.80938],[-49.07537,-26.80942],[-49.07548,-26.80944],[-49.0756,-26.80944],[-49.0757,-26.8094],[-49.07582,-26.80932],[-49.07589,-26.80922],[-49.07593,-26.80921],[-49.07601,-26.80923],[-49.0761,-26.80928],[-49.07632,-26.80947],[-49.0764,-26.8095],[-49.07651,-26.80949],[-49.07655,-26.80948],[-49.07664,-26.80945],[-49.07669,-26.80941],[-49.0767,-26.80937],[-49.07666,-26.80932],[-49.07666,-26.80924],[-49.07672,-26.8092],[-49.07684,-26.80917],[-49.07687,-26.80915],[-49.07691,-26.80908],[-49.07692,-26.80907],[-49.07693,-26.80904],[-49.0769,-26.80902],[-49.07691,-26.809],[-49.07693,-26.80895],[-49.07696,-26.80894],[-49.07696,-26.80889],[-49.07696,-26.80885],[-49.07693,-26.80881],[-49.07693,-26.80878],[-49.0769,-26.80877],[-49.07688,-26.80876],[-49.07684,-26.80874],[-49.07673,-26.80866],[-49.07672,-26.80862],[-49.07661,-26.80861],[-49.07652,-26.80855],[-49.07647,-26.80843],[-49.07646,-26.80828],[-49.07634,-26.8082],[-49.07628,-26.80812],[-49.07627,-26.80807],[-49.07629,-26.80804],[-49.07636,-26.808],[-49.07642,-26.80801],[-49.07647,-26.80804],[-49.07654,-26.80807],[-49.07664,-26.80803],[-49.0767,-26.80804],[-49.07671,-26.80815],[-49.07672,-26.8082],[-49.07673,-26.80824],[-49.07674,-26.80826],[-49.07681,-26.80828],[-49.07685,-26.80825],[-49.07691,-26.80824],[-49.07693,-26.80823],[-49.07694,-26.80821],[-49.07695,-26.8082],[-49.07694,-26.80806],[-49.07692,-26.808],[-49.07686,-26.80794],[-49.07677,-26.80787],[-49.07674,-26.80787],[-49.07668,-26.80786],[-49.0763,-26.8079],[-49.07617,-26.80791],[-49.07591,-26.80788],[-49.07571,-26.80788],[-49.07546,-26.80801],[-49.07538,-26.80803],[-49.07532,-26.80803],[-49.07528,-26.80802],[-49.07521,-26.80794],[-49.07513,-26.80774],[-49.07478,-26.80753],[-49.07467,-26.80752],[-49.07459,-26.80748],[-49.07455,-26.80748],[-49.07437,-26.80733],[-49.0743,-26.80717],[-49.07427,-26.80706],[-49.07427,-26.80692],[-49.07432,-26.80677],[-49.07441,-26.80662],[-49.07449,-26.80654],[-49.07465,-26.80644],[-49.07475,-26.80633],[-49.07481,-26.80618],[-49.07484,-26.80606],[-49.07483,-26.80596],[-49.07479,-26.80581],[-49.07479,-26.80575],[-49.07483,-26.8057],[-49.07491,-26.80568],[-49.07501,-26.8056],[-49.07504,-26.80556],[-49.07506,-26.80546],[-49.07505,-26.80538],[-49.07501,-26.80529],[-49.07493,-26.8052],[-49.07478,-26.80514],[-49.07472,-26.80509],[-49.07467,-26.80503],[-49.07452,-26.80478],[-49.07442,-26.80465],[-49.07425,-26.80456],[-49.07398,-26.80452],[-49.07342,-26.80453],[-49.07296,-26.80451],[-49.07291,-26.80447],[-49.07287,-26.8044],[-49.07274,-26.80415],[-49.07259,-26.80375],[-49.07245,-26.8035],[-49.07237,-26.80341],[-49.07227,-26.80334],[-49.07196,-26.80324],[-49.07187,-26.80318],[-49.07174,-26.803],[-49.07164,-26.80279],[-49.07162,-26.80277],[-49.07158,-26.80274],[-49.0715,-26.80272],[-49.07138,-26.80279],[-49.07114,-26.80305],[-49.07106,-26.80311],[-49.07087,-26.80319],[-49.07049,-26.80339],[-49.07016,-26.80358],[-49.06998,-26.80375],[-49.06993,-26.80378],[-49.06986,-26.80379],[-49.06971,-26.8037],[-49.06954,-26.80368],[-49.06949,-26.80365],[-49.06947,-26.80348],[-49.06942,-26.80333],[-49.06908,-26.8028],[-49.06901,-26.80268],[-49.06901,-26.80266],[-49.069,-26.80262],[-49.06899,-26.8026],[-49.06897,-26.80259],[-49.06913,-26.80238],[-49.0692,-26.80221],[-49.0692,-26.80216],[-49.06919,-26.80208],[-49.06915,-26.80201],[-49.06909,-26.80193],[-49.06892,-26.8018],[-49.06849,-26.80152],[-49.06847,-26.80151],[-49.06829,-26.80139],[-49.06885,-26.80141],[-49.06896,-26.80141],[-49.06915,-26.80137],[-49.06936,-26.80127],[-49.06945,-26.80121],[-49.06954,-26.80113],[-49.06967,-26.80094],[-49.06975,-26.80079],[-49.06976,-26.80065],[-49.06971,-26.80046],[-49.06964,-26.80037],[-49.06945,-26.80019],[-49.06949,-26.80003],[-49.06958,-26.79986],[-49.06961,-26.79977],[-49.0696,-26.79969],[-49.06949,-26.79947],[-49.06962,-26.79917],[-49.06974,-26.79884],[-49.06973,-26.79882],[-49.06976,-26.79883],[-49.07012,-26.79883],[-49.07029,-26.79887],[-49.07063,-26.79869],[-49.07096,-26.79848],[-49.07107,-26.79838],[-49.07115,-26.79825],[-49.07121,-26.79796],[-49.07126,-26.79762],[-49.07126,-26.79735],[-49.07122,-26.79706],[-49.07116,-26.79688],[-49.0711,-26.79674],[-49.07097,-26.7966],[-49.07081,-26.79648],[-49.07065,-26.79643],[-49.07038,-26.7965],[-49.0702,-26.79652],[-49.07003,-26.7966],[-49.06979,-26.79663],[-49.06975,-26.79646],[-49.06984,-26.79625],[-49.0701,-26.79607],[-49.0704,-26.79596],[-49.07056,-26.79585],[-49.07064,-26.79573],[-49.07066,-26.79562],[-49.07067,-26.79554],[-49.07064,-26.79545],[-49.07057,-26.79528],[-49.07022,-26.7946],[-49.07019,-26.79451],[-49.07017,-26.79445],[-49.0701,-26.79426],[-49.06993,-26.79393],[-49.06969,-26.79366],[-49.06957,-26.79355],[-49.06941,-26.79348],[-49.06927,-26.79344],[-49.06925,-26.7934],[-49.06921,-26.79321],[-49.06919,-26.79315],[-49.06911,-26.79307],[-49.0689,-26.79299],[-49.06874,-26.79293],[-49.0687,-26.79294],[-49.06872,-26.79292],[-49.06872,-26.79277],[-49.06869,-26.79269],[-49.0686,-26.79262],[-49.06857,-26.79262],[-49.06863,-26.79246],[-49.06869,-26.79234],[-49.06869,-26.79219],[-49.06856,-26.79207],[-49.06844,-26.79201],[-49.06849,-26.79176],[-49.06847,-26.79155],[-49.06839,-26.79127],[-49.06831,-26.7911],[-49.06819,-26.79094],[-49.06815,-26.79094],[-49.06812,-26.79097],[-49.06807,-26.79098],[-49.068,-26.7907],[-49.06797,-26.79063],[-49.06793,-26.79059],[-49.06787,-26.79056],[-49.06782,-26.79056],[-49.06776,-26.79059],[-49.06761,-26.79069],[-49.06742,-26.79072],[-49.06735,-26.79075],[-49.06725,-26.79084],[-49.06711,-26.79102],[-49.067,-26.79108],[-49.067,-26.79106],[-49.06695,-26.79103],[-49.06694,-26.79099],[-49.06691,-26.79088],[-49.0669,-26.7907],[-49.06688,-26.79066],[-49.06681,-26.79064],[-49.06669,-26.79066],[-49.06662,-26.79068],[-49.06628,-26.79084],[-49.06619,-26.7909],[-49.0661,-26.79102],[-49.066,-26.79123],[-49.0659,-26.79154],[-49.06587,-26.79155],[-49.06578,-26.79155],[-49.06535,-26.7915],[-49.06532,-26.79153],[-49.06527,-26.79164],[-49.06511,-26.79174],[-49.06493,-26.79194],[-49.0648,-26.792],[-49.06463,-26.79205],[-49.06462,-26.79209],[-49.06468,-26.79219],[-49.06464,-26.79223],[-49.06451,-26.7923],[-49.0644,-26.79233],[-49.0642,-26.79235],[-49.06415,-26.79237],[-49.06404,-26.79248],[-49.06398,-26.7925],[-49.0638,-26.79255],[-49.06375,-26.79259],[-49.06361,-26.79282],[-49.06362,-26.79289],[-49.06366,-26.79294],[-49.06386,-26.79298],[-49.06383,-26.79301],[-49.06371,-26.79328],[-49.06362,-26.79337],[-49.06342,-26.79351],[-49.06336,-26.79358],[-49.06329,-26.79368],[-49.06326,-26.79372],[-49.0632,-26.79384],[-49.06313,-26.79402],[-49.0631,-26.79428],[-49.06309,-26.79435],[-49.06295,-26.795],[-49.06293,-26.79531],[-49.06294,-26.79546],[-49.06311,-26.79561],[-49.06309,-26.79563],[-49.06306,-26.79573],[-49.06301,-26.79578],[-49.06289,-26.79587],[-49.06279,-26.796],[-49.06278,-26.79602],[-49.06273,-26.79611],[-49.0627,-26.79625],[-49.06264,-26.79634],[-49.06259,-26.79619],[-49.06248,-26.79597],[-49.06243,-26.79582],[-49.06235,-26.79527],[-49.06224,-26.79495],[-49.06221,-26.79488],[-49.06219,-26.79481],[-49.06209,-26.79447],[-49.06204,-26.79442],[-49.062,-26.79441],[-49.06194,-26.7944],[-49.06187,-26.79442],[-49.06185,-26.79439],[-49.06188,-26.79434],[-49.06185,-26.79433],[-49.06171,-26.79436],[-49.06158,-26.79441],[-49.06143,-26.79448],[-49.06114,-26.79455],[-49.06099,-26.79465],[-49.06089,-26.7947],[-49.06074,-26.79492],[-49.06057,-26.79499],[-49.06051,-26.79509],[-49.06042,-26.7951],[-49.06037,-26.79509],[-49.0602,-26.79516],[-49.06001,-26.79514],[-49.05994,-26.79516],[-49.05986,-26.79529],[-49.05978,-26.79539],[-49.05967,-26.7956],[-49.05963,-26.79566],[-49.05955,-26.79571],[-49.05947,-26.79572],[-49.05956,-26.7956],[-49.05957,-26.7955],[-49.05954,-26.79538],[-49.05948,-26.79531],[-49.05917,-26.79521],[-49.05913,-26.79517],[-49.0594,-26.79514],[-49.05961,-26.7951],[-49.05965,-26.79507],[-49.05967,-26.79502],[-49.05967,-26.79479],[-49.05981,-26.79482],[-49.06001,-26.79484],[-49.06009,-26.79484],[-49.06019,-26.7948],[-49.06029,-26.79484],[-49.06045,-26.79477],[-49.0606,-26.79464],[-49.06071,-26.79447],[-49.06092,-26.79425],[-49.061,-26.79418],[-49.06117,-26.79412],[-49.06126,-26.79403],[-49.06133,-26.79399],[-49.06139,-26.79394],[-49.0614,-26.79389],[-49.06138,-26.79388],[-49.0614,-26.79387],[-49.06142,-26.7938],[-49.06156,-26.79363],[-49.0616,-26.79355],[-49.06168,-26.79314],[-49.06169,-26.79301],[-49.06168,-26.79284],[-49.06164,-26.79271],[-49.06155,-26.79257],[-49.06149,-26.79253],[-49.0614,-26.79248],[-49.06129,-26.79245],[-49.06113,-26.79254],[-49.06105,-26.79255],[-49.06105,-26.79244],[-49.06103,-26.79238],[-49.06098,-26.79232],[-49.06097,-26.79218],[-49.06097,-26.79213],[-49.06097,-26.79211],[-49.06097,-26.79209],[-49.06094,-26.79181],[-49.06095,-26.7918],[-49.06104,-26.79184],[-49.06123,-26.79184],[-49.06133,-26.79183],[-49.06139,-26.79179],[-49.06146,-26.79173],[-49.06143,-26.79147],[-49.06139,-26.79144],[-49.06139,-26.79139],[-49.06137,-26.79137],[-49.06124,-26.79129],[-49.06115,-26.79126],[-49.06105,-26.79119],[-49.06102,-26.79114],[-49.06105,-26.79112],[-49.06109,-26.79107],[-49.06114,-26.79098],[-49.06127,-26.79097],[-49.06138,-26.79101],[-49.06146,-26.791],[-49.06148,-26.79097],[-49.06145,-26.79068],[-49.06139,-26.7906],[-49.06128,-26.7905],[-49.06121,-26.79046],[-49.06106,-26.79036],[-49.06087,-26.79026],[-49.0608,-26.79008],[-49.06075,-26.78986],[-49.06071,-26.78977],[-49.06064,-26.78973],[-49.06057,-26.78974],[-49.06043,-26.7898],[-49.06032,-26.78989],[-49.06025,-26.7899],[-49.06021,-26.78999],[-49.06017,-26.79002],[-49.06017,-26.79005],[-49.06015,-26.79004],[-49.06014,-26.79002],[-49.06015,-26.78994],[-49.06013,-26.7899],[-49.06004,-26.78994],[-49.06003,-26.78989],[-49.05991,-26.78976],[-49.05996,-26.78974],[-49.06004,-26.78965],[-49.06012,-26.78963],[-49.06015,-26.78961],[-49.06019,-26.78955],[-49.06021,-26.78934],[-49.06018,-26.78925],[-49.0601,-26.78914],[-49.05993,-26.78902],[-49.05985,-26.78898],[-49.05972,-26.78895],[-49.05958,-26.78894],[-49.05948,-26.78898],[-49.05946,-26.78901],[-49.05943,-26.78908],[-49.05935,-26.78912],[-49.0593,-26.78932],[-49.05925,-26.78927],[-49.05921,-26.78926],[-49.05923,-26.78886],[-49.05921,-26.78878],[-49.05918,-26.78876],[-49.059,-26.78864],[-49.05893,-26.78865],[-49.05891,-26.78863],[-49.05876,-26.78867],[-49.05863,-26.78869],[-49.05856,-26.78861],[-49.05849,-26.78864],[-49.05843,-26.78871],[-49.05842,-26.78874],[-49.05836,-26.78883],[-49.05839,-26.78888],[-49.05836,-26.78891],[-49.05836,-26.78897],[-49.05831,-26.78894],[-49.05824,-26.78898],[-49.05816,-26.78901],[-49.05814,-26.78901],[-49.05806,-26.78902],[-49.05802,-26.78902],[-49.05794,-26.78902],[-49.0579,-26.78902],[-49.05782,-26.78902],[-49.05776,-26.78904],[-49.05776,-26.78897],[-49.05768,-26.78896],[-49.05761,-26.78911],[-49.05753,-26.78911],[-49.05758,-26.78905],[-49.05759,-26.789],[-49.05752,-26.78894],[-49.05745,-26.78894],[-49.05748,-26.78885],[-49.05747,-26.78876],[-49.05745,-26.78873],[-49.0575,-26.78863],[-49.05752,-26.78854],[-49.05752,-26.78821],[-49.05752,-26.78817],[-49.05747,-26.7881],[-49.05738,-26.78803],[-49.05741,-26.78803],[-49.05744,-26.78799],[-49.05744,-26.78798],[-49.05747,-26.78799],[-49.05748,-26.78799],[-49.05744,-26.78793],[-49.0572,-26.78785],[-49.05709,-26.78788],[-49.05699,-26.78787],[-49.05692,-26.78789],[-49.05687,-26.78786],[-49.05685,-26.78776],[-49.05681,-26.78772],[-49.05678,-26.78764],[-49.05666,-26.7876],[-49.05656,-26.78752],[-49.05655,-26.7874],[-49.05647,-26.78729],[-49.05641,-26.78726],[-49.05629,-26.7872],[-49.05628,-26.78719],[-49.05635,-26.78715],[-49.05657,-26.78724],[-49.05669,-26.78734],[-49.05684,-26.78739],[-49.05696,-26.78738],[-49.05705,-26.78743],[-49.05715,-26.78744],[-49.05722,-26.78747],[-49.0573,-26.78746],[-49.05737,-26.78742],[-49.05748,-26.7873],[-49.05762,-26.78727],[-49.05762,-26.78724],[-49.05758,-26.78713],[-49.05758,-26.78703],[-49.05778,-26.78711],[-49.0579,-26.78699],[-49.05793,-26.78698],[-49.05806,-26.78698],[-49.05809,-26.787],[-49.05811,-26.78704],[-49.05818,-26.78711],[-49.0582,-26.78706],[-49.05826,-26.78699],[-49.05842,-26.78691],[-49.05856,-26.78687],[-49.05869,-26.78691],[-49.05873,-26.7869],[-49.0588,-26.78684],[-49.0589,-26.78685],[-49.059,-26.78675],[-49.05908,-26.7868],[-49.05918,-26.78682],[-49.05921,-26.78679],[-49.05919,-26.78668],[-49.05932,-26.78667],[-49.05941,-26.78668],[-49.0595,-26.78671],[-49.05967,-26.78673],[-49.05974,-26.78676],[-49.05982,-26.78693],[-49.05984,-26.78706],[-49.05992,-26.7871],[-49.06006,-26.78711],[-49.06014,-26.78709],[-49.06022,-26.78706],[-49.06025,-26.78704],[-49.06028,-26.78692],[-49.06043,-26.78708],[-49.0605,-26.7871],[-49.06058,-26.78725],[-49.06064,-26.7873],[-49.06091,-26.78745],[-49.061,-26.78749],[-49.06107,-26.7875],[-49.06111,-26.78754],[-49.06122,-26.78759],[-49.06129,-26.78759],[-49.0613,-26.78759],[-49.06155,-26.78759],[-49.06161,-26.78759],[-49.06167,-26.78755],[-49.06172,-26.78778],[-49.0618,-26.78798],[-49.06181,-26.78802],[-49.06186,-26.78809],[-49.06198,-26.78815],[-49.06197,-26.78821],[-49.06205,-26.78827],[-49.06247,-26.78841],[-49.06263,-26.78836],[-49.06269,-26.78832],[-49.06278,-26.78827],[-49.06289,-26.78825],[-49.06293,-26.78825],[-49.06301,-26.7882],[-49.06304,-26.78825],[-49.06302,-26.78833],[-49.06297,-26.7884],[-49.06301,-26.78841],[-49.06301,-26.78851],[-49.06304,-26.78858],[-49.0631,-26.78865],[-49.0632,-26.78883],[-49.06324,-26.78889],[-49.06337,-26.78904],[-49.06353,-26.78915],[-49.06386,-26.7892],[-49.06398,-26.78919],[-49.06406,-26.78917],[-49.06423,-26.78908],[-49.06429,-26.78902],[-49.06437,-26.78891],[-49.06448,-26.78886],[-49.06454,-26.78881],[-49.06471,-26.78873],[-49.06497,-26.78864],[-49.06509,-26.78862],[-49.06562,-26.78861],[-49.06565,-26.78858],[-49.06564,-26.78856],[-49.06558,-26.78851],[-49.06558,-26.78848],[-49.06566,-26.78847],[-49.06571,-26.78845],[-49.06571,-26.78841],[-49.06567,-26.78836],[-49.06554,-26.78826],[-49.06551,-26.78819],[-49.06563,-26.7881],[-49.06578,-26.78797],[-49.06585,-26.78787],[-49.06585,-26.78779],[-49.06575,-26.78751],[-49.06574,-26.78739],[-49.06575,-26.78717],[-49.06574,-26.78711],[-49.06568,-26.78703],[-49.06547,-26.78687],[-49.06537,-26.78676],[-49.0655,-26.78651],[-49.06556,-26.78635],[-49.06559,-26.78614],[-49.06559,-26.78598],[-49.06556,-26.78584],[-49.0656,-26.78585],[-49.06574,-26.78585],[-49.06576,-26.78584],[-49.06577,-26.78587],[-49.06584,-26.78591],[-49.06587,-26.78592],[-49.06594,-26.78596],[-49.06602,-26.78599],[-49.06603,-26.78608],[-49.06616,-26.78621],[-49.06621,-26.78624],[-49.06644,-26.78629],[-49.06647,-26.78639],[-49.06649,-26.78643],[-49.06654,-26.78651],[-49.06663,-26.78654],[-49.06707,-26.78656],[-49.06705,-26.78672],[-49.06699,-26.78688],[-49.06702,-26.7869],[-49.06691,-26.78708],[-49.06686,-26.78721],[-49.06686,-26.78734],[-49.06689,-26.78742],[-49.06701,-26.78753],[-49.06709,-26.78759],[-49.06724,-26.78764],[-49.06737,-26.78766],[-49.06747,-26.7878],[-49.06753,-26.78787],[-49.0676,-26.78791],[-49.0678,-26.78797],[-49.06785,-26.78797],[-49.06819,-26.78799],[-49.06836,-26.78798],[-49.06855,-26.78821],[-49.06869,-26.78834],[-49.06885,-26.78842],[-49.0689,-26.78844],[-49.06898,-26.78845],[-49.06917,-26.78846],[-49.06925,-26.78844],[-49.06941,-26.78838],[-49.06959,-26.7882],[-49.06962,-26.78812],[-49.06971,-26.78787],[-49.06971,-26.78767],[-49.06966,-26.78755],[-49.06958,-26.78743],[-49.06957,-26.78729],[-49.06956,-26.78723],[-49.06946,-26.78704],[-49.06961,-26.78683],[-49.06965,-26.78676],[-49.06966,-26.78669],[-49.06961,-26.78665],[-49.06932,-26.7866],[-49.06926,-26.78657],[-49.06914,-26.78629],[-49.06906,-26.7862],[-49.06893,-26.78611],[-49.06877,-26.78603],[-49.06873,-26.78599],[-49.06872,-26.78583],[-49.06874,-26.7857],[-49.06876,-26.7857],[-49.06894,-26.78565],[-49.06903,-26.78561],[-49.06908,-26.7855],[-49.06908,-26.78544],[-49.069,-26.78533],[-49.06887,-26.78524],[-49.06876,-26.78508],[-49.06895,-26.78521],[-49.06919,-26.78534],[-49.06927,-26.78542],[-49.06936,-26.78556],[-49.06944,-26.78578],[-49.06945,-26.78586],[-49.06953,-26.78594],[-49.06953,-26.78591],[-49.06959,-26.7859],[-49.06965,-26.7859],[-49.06986,-26.78605],[-49.07001,-26.7861],[-49.07013,-26.7861],[-49.0702,-26.78608],[-49.07025,-26.78604],[-49.07026,-26.78603],[-49.0703,-26.78595],[-49.07036,-26.78589],[-49.07042,-26.78587],[-49.07048,-26.78587],[-49.07067,-26.78584],[-49.07075,-26.78585],[-49.07082,-26.78588],[-49.07088,-26.78594],[-49.07094,-26.78593],[-49.07103,-26.78597],[-49.07166,-26.786],[-49.07172,-26.786],[-49.07181,-26.78596],[-49.07191,-26.78587],[-49.07192,-26.78583],[-49.07189,-26.78554],[-49.0719,-26.78549],[-49.07194,-26.7854],[-49.07194,-26.78535],[-49.07191,-26.78532],[-49.07182,-26.78532],[-49.07174,-26.78531],[-49.07168,-26.78527],[-49.07158,-26.78519],[-49.07176,-26.78519],[-49.07191,-26.78511],[-49.07204,-26.78513],[-49.07227,-26.7851],[-49.07236,-26.78519],[-49.0725,-26.78525],[-49.07263,-26.78514],[-49.07272,-26.7851],[-49.07275,-26.78509],[-49.07296,-26.78509],[-49.07306,-26.78505],[-49.07334,-26.78493],[-49.07355,-26.78476],[-49.07359,-26.78477],[-49.07365,-26.78475],[-49.07376,-26.78485],[-49.07382,-26.78489],[-49.074,-26.78479],[-49.07404,-26.78476],[-49.07417,-26.7847],[-49.07425,-26.78464],[-49.07424,-26.78461],[-49.07461,-26.78444],[-49.07467,-26.78441],[-49.07479,-26.78438],[-49.07485,-26.78433],[-49.07489,-26.78425],[-49.07494,-26.78415],[-49.07494,-26.78409],[-49.07497,-26.78405],[-49.07509,-26.78399],[-49.07513,-26.78392],[-49.07516,-26.78385],[-49.07521,-26.78362],[-49.07523,-26.78347],[-49.07531,-26.78325],[-49.07543,-26.783],[-49.07557,-26.78293],[-49.07565,-26.78276],[-49.07572,-26.78267],[-49.07606,-26.78242],[-49.07612,-26.78232],[-49.07613,-26.78219],[-49.07605,-26.78212],[-49.07601,-26.7821],[-49.07588,-26.78209],[-49.07572,-26.78205],[-49.07559,-26.78205],[-49.07548,-26.7821],[-49.07532,-26.78223],[-49.07525,-26.78232],[-49.07496,-26.78244],[-49.07488,-26.78246],[-49.07464,-26.78251],[-49.07413,-26.78255],[-49.07387,-26.78254],[-49.07362,-26.78255],[-49.07354,-26.78253],[-49.0734,-26.78248],[-49.07332,-26.78243],[-49.07323,-26.78231],[-49.07321,-26.78224],[-49.07309,-26.78216],[-49.07303,-26.78202],[-49.07306,-26.78187],[-49.07312,-26.78173],[-49.07317,-26.78154],[-49.07319,-26.78133],[-49.07319,-26.78128],[-49.07318,-26.7812],[-49.07314,-26.78114],[-49.07307,-26.78109],[-49.07292,-26.78102],[-49.07279,-26.78094],[-49.07254,-26.78087],[-49.07225,-26.78077],[-49.07232,-26.78074],[-49.0724,-26.78068],[-49.07259,-26.78045],[-49.07269,-26.7804],[-49.0728,-26.78038],[-49.07307,-26.78036],[-49.07316,-26.78033],[-49.0732,-26.7803],[-49.07324,-26.78025],[-49.07325,-26.78014],[-49.0732,-26.77999],[-49.07323,-26.77996],[-49.07327,-26.77995],[-49.07331,-26.77996],[-49.07353,-26.78013],[-49.07365,-26.78017],[-49.07378,-26.78019],[-49.07395,-26.78018],[-49.07431,-26.78008],[-49.07461,-26.78006],[-49.07473,-26.78002],[-49.07484,-26.77991],[-49.07505,-26.77971],[-49.07511,-26.77961],[-49.0751,-26.77949],[-49.07501,-26.77932],[-49.07492,-26.7792],[-49.07481,-26.77913],[-49.07481,-26.77913],[-49.0748,-26.77912],[-49.07475,-26.77908],[-49.07471,-26.77902],[-49.0747,-26.77891],[-49.07467,-26.77888],[-49.0746,-26.77885],[-49.07439,-26.77879],[-49.07431,-26.77871],[-49.07429,-26.7786],[-49.0743,-26.77856],[-49.07453,-26.77824],[-49.07456,-26.77812],[-49.07455,-26.77789],[-49.0745,-26.77773],[-49.07443,-26.77763],[-49.07427,-26.77748],[-49.07415,-26.77742],[-49.07393,-26.77741],[-49.07389,-26.77743],[-49.07384,-26.77749],[-49.07375,-26.77767],[-49.07365,-26.7778],[-49.07351,-26.7779],[-49.07318,-26.77807],[-49.07305,-26.77817],[-49.07285,-26.77836],[-49.07285,-26.77814],[-49.07288,-26.77807],[-49.07307,-26.77774],[-49.07317,-26.77761],[-49.0732,-26.7775],[-49.07319,-26.77738],[-49.07318,-26.77733],[-49.07311,-26.77717],[-49.07286,-26.77684],[-49.07274,-26.77666],[-49.07286,-26.77671],[-49.073,-26.77673],[-49.07313,-26.77673],[-49.07322,-26.77672],[-49.07337,-26.77666],[-49.07352,-26.77652],[-49.07358,-26.77642],[-49.07361,-26.77634],[-49.07362,-26.77628],[-49.07366,-26.77597],[-49.07372,-26.77587],[-49.07383,-26.77575],[-49.07384,-26.77567],[-49.07381,-26.77548],[-49.07381,-26.77524],[-49.07388,-26.77506],[-49.07398,-26.77494],[-49.07409,-26.77476],[-49.0741,-26.77471],[-49.07409,-26.77461],[-49.07401,-26.77448],[-49.07398,-26.77441],[-49.0739,-26.7743],[-49.07384,-26.77421],[-49.07391,-26.77403],[-49.07391,-26.77398],[-49.0739,-26.77387],[-49.07375,-26.77359],[-49.07376,-26.77327],[-49.07387,-26.77307],[-49.0742,-26.77287],[-49.07427,-26.77281],[-49.07441,-26.77263],[-49.07448,-26.77246],[-49.07449,-26.77205],[-49.07449,-26.77201],[-49.07459,-26.77161],[-49.07464,-26.77147],[-49.07469,-26.77135],[-49.07489,-26.77102],[-49.0749,-26.77096],[-49.07488,-26.77082],[-49.07492,-26.77069],[-49.07493,-26.77054],[-49.07492,-26.77044],[-49.07497,-26.77041],[-49.07502,-26.77043],[-49.07506,-26.77043],[-49.07522,-26.77041],[-49.07528,-26.77044],[-49.07534,-26.77045],[-49.07541,-26.77039],[-49.07548,-26.77036],[-49.07571,-26.77037],[-49.07579,-26.77032],[-49.07596,-26.77028],[-49.07602,-26.77022],[-49.07608,-26.77012],[-49.07608,-26.77007],[-49.07616,-26.76992],[-49.07618,-26.76971],[-49.07625,-26.76956],[-49.07624,-26.76946],[-49.07617,-26.76938],[-49.07603,-26.76932],[-49.07594,-26.7693],[-49.07587,-26.7693],[-49.07579,-26.76926],[-49.07573,-26.7692],[-49.07569,-26.76918],[-49.07562,-26.76915],[-49.07555,-26.76915],[-49.07548,-26.76911],[-49.07541,-26.76894],[-49.07535,-26.76889],[-49.07529,-26.76887],[-49.07526,-26.76883],[-49.07527,-26.76867],[-49.07519,-26.76846],[-49.07513,-26.76836],[-49.07511,-26.76834],[-49.07507,-26.76831],[-49.07496,-26.76825],[-49.07486,-26.76825],[-49.07472,-26.76826],[-49.0746,-26.76832],[-49.0743,-26.76856],[-49.07413,-26.76864],[-49.07406,-26.76854],[-49.07393,-26.76826],[-49.07386,-26.76816],[-49.07381,-26.76812],[-49.07373,-26.76809],[-49.0736,-26.76809],[-49.07353,-26.76811],[-49.07348,-26.76814],[-49.07332,-26.76831],[-49.07323,-26.76846],[-49.07319,-26.76866],[-49.07322,-26.76891],[-49.07321,-26.76898],[-49.0731,-26.76901],[-49.07302,-26.76902],[-49.07282,-26.76899],[-49.07271,-26.769],[-49.07254,-26.76911],[-49.07206,-26.76919],[-49.07184,-26.76932],[-49.07155,-26.76943],[-49.0714,-26.76946],[-49.07126,-26.76945],[-49.07108,-26.76939],[-49.07092,-26.76935],[-49.07075,-26.76935],[-49.07065,-26.76937],[-49.07055,-26.76942],[-49.07038,-26.76957],[-49.07036,-26.76964],[-49.07037,-26.76971],[-49.07036,-26.76983],[-49.07031,-26.76993],[-49.07013,-26.77002],[-49.0697,-26.77038],[-49.06959,-26.77042],[-49.06945,-26.77054],[-49.06918,-26.77066],[-49.06883,-26.77071],[-49.0686,-26.77072],[-49.06856,-26.77072],[-49.06841,-26.77069],[-49.06831,-26.7707],[-49.06823,-26.77065],[-49.06817,-26.77064],[-49.06811,-26.77064],[-49.068,-26.77069],[-49.06791,-26.77075],[-49.06786,-26.77073],[-49.06774,-26.77051],[-49.06763,-26.77043],[-49.06754,-26.7704],[-49.06749,-26.7704],[-49.0674,-26.77042],[-49.06729,-26.77047],[-49.06712,-26.77051],[-49.06686,-26.7705],[-49.06683,-26.77049],[-49.06684,-26.7704],[-49.06676,-26.77032],[-49.06655,-26.77022],[-49.06589,-26.77021],[-49.06573,-26.77016],[-49.06565,-26.77011],[-49.06556,-26.7701],[-49.06533,-26.77003],[-49.06522,-26.77004],[-49.06518,-26.77007],[-49.06515,-26.77012],[-49.06511,-26.77011],[-49.06491,-26.77002],[-49.06467,-26.76998],[-49.06467,-26.76992],[-49.0646,-26.76989],[-49.06442,-26.76977],[-49.06438,-26.76974],[-49.06419,-26.7697],[-49.06403,-26.76969],[-49.06376,-26.76971],[-49.06358,-26.76979],[-49.06332,-26.76986],[-49.06301,-26.76998],[-49.06287,-26.77002],[-49.06278,-26.77006],[-49.06277,-26.77],[-49.06278,-26.76998],[-49.063,-26.76983],[-49.06341,-26.76949],[-49.06371,-26.76933],[-49.06381,-26.7693],[-49.06393,-26.7693],[-49.06423,-26.76927],[-49.06451,-26.76922],[-49.06483,-26.76912],[-49.06524,-26.7689],[-49.06526,-26.76889],[-49.06549,-26.76875],[-49.06586,-26.76847],[-49.06595,-26.76837],[-49.06617,-26.76804],[-49.06627,-26.76796],[-49.06635,-26.76784],[-49.06648,-26.76771],[-49.06653,-26.76757],[-49.06661,-26.76744],[-49.06662,-26.7674],[-49.06651,-26.76672],[-49.06653,-26.76666],[-49.06663,-26.76654],[-49.06676,-26.76639],[-49.06699,-26.76606],[-49.06702,-26.76602],[-49.06716,-26.76582],[-49.0673,-26.76594],[-49.06749,-26.76619],[-49.06752,-26.76631],[-49.0675,-26.76656],[-49.06749,-26.76679],[-49.0675,-26.76686],[-49.06754,-26.76692],[-49.06759,-26.76694],[-49.06764,-26.76695],[-49.06776,-26.76696],[-49.06788,-26.76693],[-49.068,-26.76689],[-49.06816,-26.76681],[-49.06821,-26.76678],[-49.0685,-26.76657],[-49.06858,-26.76648],[-49.06892,-26.76607],[-49.06895,-26.76603],[-49.06922,-26.76574],[-49.06929,-26.76555],[-49.06933,-26.76535],[-49.06939,-26.76525],[-49.06951,-26.76511],[-49.06981,-26.76491],[-49.06992,-26.76475],[-49.07008,-26.7646],[-49.07012,-26.7645],[-49.07012,-26.76401],[-49.07021,-26.76372],[-49.07022,-26.76328],[-49.07023,-26.76322],[-49.07034,-26.76311],[-49.07046,-26.76304],[-49.07074,-26.76284],[-49.07085,-26.7628],[-49.07102,-26.76282],[-49.0713,-26.76291],[-49.07156,-26.76296],[-49.0717,-26.76296],[-49.07195,-26.76292],[-49.0728,-26.76292],[-49.07291,-26.76289],[-49.07296,-26.76283],[-49.07295,-26.76276],[-49.07291,-26.76267],[-49.07293,-26.76251],[-49.07307,-26.76237],[-49.0731,-26.76231],[-49.07311,-26.76224],[-49.07309,-26.76217],[-49.07305,-26.76212],[-49.073,-26.76209],[-49.07274,-26.76202],[-49.0725,-26.76201],[-49.07198,-26.76205],[-49.07188,-26.76207],[-49.0717,-26.76214],[-49.07162,-26.76215],[-49.0713,-26.76214],[-49.0711,-26.76208],[-49.07104,-26.76201],[-49.07096,-26.7618],[-49.07091,-26.76173],[-49.07083,-26.76165],[-49.07058,-26.76148],[-49.07053,-26.76139],[-49.07051,-26.76125],[-49.07065,-26.76105],[-49.07082,-26.76086],[-49.07083,-26.76085],[-49.0709,-26.76075],[-49.07094,-26.76064],[-49.07093,-26.76053],[-49.07088,-26.76043],[-49.07082,-26.76037],[-49.07075,-26.76033],[-49.07047,-26.76027],[-49.07042,-26.76026],[-49.07014,-26.76018],[-49.06999,-26.76011],[-49.06986,-26.76001],[-49.06978,-26.75993],[-49.0697,-26.75972],[-49.06965,-26.75966],[-49.06919,-26.75945],[-49.06881,-26.75922],[-49.06879,-26.75919],[-49.0688,-26.75908],[-49.06879,-26.75904],[-49.06875,-26.75902],[-49.06867,-26.759],[-49.06854,-26.75891],[-49.0685,-26.7589],[-49.06836,-26.75883],[-49.06822,-26.7588],[-49.06822,-26.75877],[-49.06811,-26.75872],[-49.06806,-26.75871],[-49.06785,-26.75869],[-49.06756,-26.75871],[-49.0671,-26.7586],[-49.06684,-26.75858],[-49.06672,-26.75861],[-49.06665,-26.75864],[-49.06652,-26.75875],[-49.06641,-26.7588],[-49.06621,-26.75884],[-49.06574,-26.7589],[-49.06559,-26.75879],[-49.06542,-26.75863],[-49.06519,-26.75846],[-49.06503,-26.75843],[-49.06492,-26.75847],[-49.06477,-26.75856],[-49.06472,-26.75862],[-49.06473,-26.75892],[-49.06466,-26.75909],[-49.06453,-26.75929],[-49.06439,-26.75943],[-49.06416,-26.7596],[-49.06405,-26.75966],[-49.06386,-26.75972],[-49.06401,-26.75955],[-49.06409,-26.75942],[-49.06421,-26.75912],[-49.06425,-26.75904],[-49.06427,-26.75899],[-49.06425,-26.75893],[-49.06421,-26.75888],[-49.06413,-26.7588],[-49.06411,-26.75878],[-49.06404,-26.7587],[-49.06394,-26.75863],[-49.06355,-26.7585],[-49.06343,-26.75849],[-49.0633,-26.7585],[-49.06314,-26.75854],[-49.06297,-26.75863],[-49.06294,-26.75859],[-49.06286,-26.75858],[-49.06271,-26.75871],[-49.06262,-26.7588],[-49.06214,-26.75803],[-49.06162,-26.75751],[-49.06153,-26.75745],[-49.06143,-26.75739],[-49.06139,-26.75736],[-49.06134,-26.75734],[-49.06129,-26.75731],[-49.06125,-26.75729],[-49.06121,-26.75726],[-49.06116,-26.75723],[-49.06111,-26.75721],[-49.06106,-26.75718],[-49.06101,-26.75715],[-49.06095,-26.75712],[-49.06091,-26.75709],[-49.05958,-26.75634],[-49.05879,-26.75587],[-49.05857,-26.75576],[-49.05852,-26.75574],[-49.05848,-26.75572],[-49.05841,-26.75569],[-49.05805,-26.75544],[-49.058,-26.7554],[-49.05716,-26.75488],[-49.05705,-26.75476],[-49.05683,-26.75442],[-49.05654,-26.75408],[-49.0564,-26.75384],[-49.05632,-26.75369],[-49.05631,-26.75364],[-49.05624,-26.75341],[-49.05624,-26.7533],[-49.05627,-26.75322],[-49.05628,-26.75318],[-49.05633,-26.75295],[-49.05634,-26.75294],[-49.05636,-26.75293],[-49.05657,-26.75275],[-49.05661,-26.75271],[-49.05694,-26.7525],[-49.05707,-26.75243],[-49.05814,-26.75198],[-49.0585,-26.75186],[-49.05877,-26.75178],[-49.05929,-26.75168],[-49.05934,-26.75166],[-49.05938,-26.75163],[-49.0594,-26.75156],[-49.0594,-26.75151],[-49.05936,-26.75117],[-49.05938,-26.75106],[-49.05939,-26.75101],[-49.05947,-26.75078],[-49.05949,-26.75074],[-49.05986,-26.74988],[-49.05994,-26.74974],[-49.06002,-26.74962],[-49.06016,-26.7495],[-49.06032,-26.74941],[-49.06052,-26.74934],[-49.06145,-26.74917],[-49.06177,-26.74902],[-49.06201,-26.74899],[-49.06209,-26.749],[-49.06218,-26.74902],[-49.06232,-26.74914],[-49.06251,-26.74941],[-49.06255,-26.74944],[-49.06262,-26.74945],[-49.06273,-26.749],[-49.06272,-26.74886],[-49.06267,-26.74867],[-49.06274,-26.74844],[-49.06279,-26.7483],[-49.0628,-26.74825],[-49.06281,-26.74816],[-49.06282,-26.74811],[-49.06282,-26.74797],[-49.06282,-26.74792],[-49.06282,-26.74773],[-49.06282,-26.74768],[-49.06285,-26.74748],[-49.06292,-26.7471],[-49.06296,-26.74696],[-49.06306,-26.74672],[-49.06318,-26.74659],[-49.06328,-26.74653],[-49.06345,-26.74648],[-49.06407,-26.74646],[-49.06427,-26.74642],[-49.06447,-26.74629],[-49.06467,-26.74607],[-49.06483,-26.74593],[-49.06501,-26.74582],[-49.06518,-26.74577],[-49.06537,-26.74574],[-49.06576,-26.74572],[-49.06605,-26.74572],[-49.06623,-26.74573],[-49.06657,-26.74579],[-49.06695,-26.74591],[-49.06705,-26.74591],[-49.06716,-26.74589],[-49.06756,-26.74575],[-49.06777,-26.74566],[-49.068,-26.74546],[-49.06805,-26.74535],[-49.06814,-26.74495],[-49.0682,-26.74482],[-49.06848,-26.74451],[-49.06872,-26.74431],[-49.06879,-26.7442],[-49.06879,-26.74404],[-49.0687,-26.74347],[-49.06871,-26.74336],[-49.06876,-26.74311],[-49.06882,-26.743],[-49.06889,-26.74277],[-49.06894,-26.74252],[-49.06928,-26.74149],[-49.06939,-26.74104],[-49.07004,-26.74112],[-49.07039,-26.7411],[-49.07078,-26.74113],[-49.07133,-26.74114],[-49.07136,-26.74114],[-49.07154,-26.74114],[-49.07192,-26.74119],[-49.07233,-26.74129],[-49.07252,-26.74136],[-49.07262,-26.74143],[-49.07271,-26.74153],[-49.0728,-26.74173],[-49.07285,-26.74193],[-49.07331,-26.74202],[-49.07373,-26.74202],[-49.07401,-26.74213],[-49.07413,-26.74221],[-49.07431,-26.74236],[-49.07492,-26.74279],[-49.07506,-26.74288],[-49.07512,-26.7429],[-49.07521,-26.7429],[-49.07548,-26.74288],[-49.07558,-26.74291],[-49.07599,-26.74328],[-49.0763,-26.74349],[-49.07677,-26.74371],[-49.07712,-26.74382],[-49.07726,-26.74388],[-49.07735,-26.74396],[-49.07751,-26.74423],[-49.07753,-26.74428],[-49.07761,-26.74443],[-49.07774,-26.74464],[-49.07779,-26.7447],[-49.07792,-26.74477],[-49.07804,-26.7448],[-49.07809,-26.7448],[-49.07818,-26.74475],[-49.07823,-26.74469],[-49.07827,-26.74464],[-49.07834,-26.74454],[-49.07845,-26.74455],[-49.07892,-26.74465],[-49.07947,-26.7448],[-49.07959,-26.7448],[-49.07978,-26.74479],[-49.07984,-26.7448],[-49.07992,-26.74485],[-49.08015,-26.745],[-49.0802,-26.74506],[-49.08024,-26.74519],[-49.08035,-26.74542],[-49.08069,-26.74594],[-49.08075,-26.74618],[-49.0809,-26.74631],[-49.08107,-26.74641],[-49.08146,-26.74693],[-49.0815,-26.74698],[-49.08158,-26.7471],[-49.08164,-26.74727],[-49.08194,-26.74689],[-49.08203,-26.74682],[-49.08216,-26.74674],[-49.08247,-26.74667],[-49.08273,-26.7466],[-49.08349,-26.74635],[-49.08374,-26.74621],[-49.08425,-26.74583],[-49.0843,-26.74576],[-49.0844,-26.74551],[-49.08441,-26.74547],[-49.0845,-26.74522]]]}},{"type":"Feature","properties":{"bairro":"FORTALEZA ALTA","codigo":"28"},"geometry":{"type":"Polygon","coordinates":[[[-49.0439,-26.83098],[-49.044,-26.8309],[-49.04418,-26.83082],[-49.0442,-26.83082],[-49.04428,-26.83083],[-49.04433,-26.83086],[-49.04435,-26.83089],[-49.04436,-26.83093],[-49.04436,-26.8311],[-49.04438,-26.83118],[-49.04447,-26.83128],[-49.04448,-26.83125],[-49.04466,-26.8314],[-49.04479,-26.83148],[-49.04495,-26.83153],[-49.0454,-26.83158],[-49.04546,-26.83159],[-49.04564,-26.83163],[-49.04566,-26.83164],[-49.04579,-26.83167],[-49.04589,-26.83166],[-49.04589,-26.83169],[-49.04593,-26.8317],[-49.04605,-26.83166],[-49.04631,-26.83152],[-49.04644,-26.83148],[-49.04659,-26.83145],[-49.04694,-26.83141],[-49.04726,-26.83134],[-49.04719,-26.83155],[-49.0472,-26.83179],[-49.04721,-26.83201],[-49.04694,-26.83202],[-49.04674,-26.83207],[-49.04657,-26.83213],[-49.04648,-26.8322],[-49.04636,-26.83235],[-49.0463,-26.83244],[-49.04628,-26.83255],[-49.0463,-26.83266],[-49.04637,-26.83286],[-49.04657,-26.83311],[-49.04658,-26.83314],[-49.04666,-26.83333],[-49.04674,-26.83346],[-49.04699,-26.83367],[-49.04696,-26.83369],[-49.04691,-26.83384],[-49.04687,-26.83398],[-49.04674,-26.83436],[-49.04673,-26.83446],[-49.04684,-26.83477],[-49.04686,-26.83492],[-49.04691,-26.83506],[-49.04696,-26.83511],[-49.04717,-26.8352],[-49.04718,-26.8352],[-49.04729,-26.83523],[-49.04757,-26.83525],[-49.04773,-26.83524],[-49.04785,-26.8352],[-49.0479,-26.83519],[-49.04812,-26.83509],[-49.04834,-26.83495],[-49.04842,-26.83487],[-49.04855,-26.83464],[-49.04864,-26.83452],[-49.04873,-26.83445],[-49.04895,-26.83436],[-49.04901,-26.83431],[-49.04907,-26.83422],[-49.04912,-26.83412],[-49.04917,-26.83391],[-49.04917,-26.83384],[-49.04912,-26.83374],[-49.04904,-26.83366],[-49.04897,-26.83361],[-49.0488,-26.83355],[-49.04886,-26.83349],[-49.04897,-26.83346],[-49.04904,-26.83347],[-49.0492,-26.83345],[-49.0494,-26.83344],[-49.04961,-26.8335],[-49.04972,-26.83354],[-49.04992,-26.83356],[-49.05008,-26.83353],[-49.05014,-26.83351],[-49.05025,-26.8333],[-49.05027,-26.83314],[-49.05025,-26.83293],[-49.05021,-26.83279],[-49.05032,-26.83279],[-49.05039,-26.8328],[-49.05053,-26.83287],[-49.05066,-26.83305],[-49.05079,-26.8332],[-49.05095,-26.83331],[-49.05101,-26.83336],[-49.05102,-26.8334],[-49.05103,-26.83342],[-49.05102,-26.83358],[-49.05104,-26.83369],[-49.0511,-26.83385],[-49.05116,-26.83394],[-49.05131,-26.83406],[-49.05147,-26.83415],[-49.05144,-26.83447],[-49.05144,-26.83473],[-49.05143,-26.83476],[-49.05142,-26.83484],[-49.05142,-26.83488],[-49.05141,-26.83496],[-49.0514,-26.83499],[-49.0514,-26.83503],[-49.05139,-26.83507],[-49.05139,-26.83512],[-49.05138,-26.83516],[-49.05137,-26.83521],[-49.05137,-26.83525],[-49.05137,-26.83528],[-49.05137,-26.83532],[-49.05137,-26.83564],[-49.05133,-26.83578],[-49.05103,-26.83581],[-49.05093,-26.83584],[-49.05078,-26.83594],[-49.05074,-26.836],[-49.05055,-26.83627],[-49.05034,-26.83665],[-49.05018,-26.83679],[-49.05012,-26.83682],[-49.04996,-26.83692],[-49.04987,-26.83709],[-49.04987,-26.83728],[-49.0499,-26.83753],[-49.05009,-26.83821],[-49.0501,-26.83825],[-49.05016,-26.83852],[-49.0502,-26.83863],[-49.05054,-26.83954],[-49.05072,-26.83977],[-49.0508,-26.8399],[-49.05084,-26.84004],[-49.05085,-26.84029],[-49.05084,-26.84033],[-49.05083,-26.84053],[-49.05083,-26.84057],[-49.05085,-26.84088],[-49.05085,-26.84092],[-49.05086,-26.84096],[-49.05102,-26.84138],[-49.05128,-26.84166],[-49.05137,-26.84172],[-49.05152,-26.8419],[-49.05156,-26.84194],[-49.0516,-26.84199],[-49.05167,-26.84209],[-49.05173,-26.84261],[-49.05187,-26.84279],[-49.052,-26.84285],[-49.05207,-26.84291],[-49.05215,-26.84302],[-49.0522,-26.84313],[-49.05221,-26.84317],[-49.05229,-26.8434],[-49.05231,-26.84349],[-49.05236,-26.84358],[-49.05242,-26.84375],[-49.05246,-26.84402],[-49.05247,-26.84406],[-49.05248,-26.84412],[-49.05249,-26.84417],[-49.05254,-26.84442],[-49.05261,-26.84461],[-49.05308,-26.84492],[-49.05311,-26.84494],[-49.05332,-26.84504],[-49.05365,-26.84527],[-49.0537,-26.84531],[-49.05386,-26.84545],[-49.05396,-26.8455],[-49.05411,-26.84553],[-49.05418,-26.84554],[-49.05457,-26.84557],[-49.05467,-26.84564],[-49.0551,-26.8459],[-49.05579,-26.84588],[-49.05663,-26.84578],[-49.05667,-26.84577],[-49.05726,-26.84567],[-49.05788,-26.84561],[-49.05828,-26.84554],[-49.05869,-26.84542],[-49.05874,-26.84541],[-49.05889,-26.84538],[-49.05894,-26.84537],[-49.05911,-26.84534],[-49.05916,-26.84533],[-49.05948,-26.8453],[-49.06013,-26.84518],[-49.06025,-26.8451],[-49.06044,-26.84495],[-49.06078,-26.84485],[-49.06186,-26.84478],[-49.06238,-26.84482],[-49.06294,-26.84493],[-49.06317,-26.845],[-49.06336,-26.84511],[-49.0636,-26.8453],[-49.06363,-26.84536],[-49.06365,-26.84546],[-49.06365,-26.84552],[-49.06355,-26.84562],[-49.06349,-26.84582],[-49.06349,-26.84589],[-49.06355,-26.84608],[-49.06367,-26.84628],[-49.06348,-26.84645],[-49.06335,-26.84661],[-49.06317,-26.84671],[-49.0631,-26.84677],[-49.06295,-26.8471],[-49.06284,-26.84723],[-49.06274,-26.84731],[-49.06268,-26.84732],[-49.06259,-26.84732],[-49.06209,-26.84729],[-49.06137,-26.84734],[-49.06118,-26.84737],[-49.0605,-26.84754],[-49.06026,-26.84756],[-49.06009,-26.8476],[-49.05965,-26.84768],[-49.05951,-26.84775],[-49.0589,-26.84792],[-49.05887,-26.84792],[-49.05875,-26.84796],[-49.05865,-26.84804],[-49.05862,-26.84812],[-49.05862,-26.84859],[-49.05867,-26.84897],[-49.05862,-26.84914],[-49.05852,-26.84929],[-49.05839,-26.84942],[-49.05829,-26.84947],[-49.05801,-26.84951],[-49.05782,-26.8496],[-49.05776,-26.84965],[-49.05773,-26.84972],[-49.0577,-26.8498],[-49.05768,-26.84998],[-49.05763,-26.85008],[-49.0575,-26.85019],[-49.05721,-26.85033],[-49.05707,-26.85037],[-49.05693,-26.85047],[-49.05683,-26.85061],[-49.0568,-26.85073],[-49.05677,-26.85091],[-49.05679,-26.85121],[-49.05694,-26.85169],[-49.05699,-26.85176],[-49.05719,-26.85191],[-49.05734,-26.85198],[-49.0575,-26.85208],[-49.05758,-26.85215],[-49.05775,-26.85222],[-49.05814,-26.85229],[-49.05839,-26.85236],[-49.05855,-26.85243],[-49.05898,-26.8527],[-49.05914,-26.85286],[-49.05918,-26.8529],[-49.05925,-26.85294],[-49.0594,-26.853],[-49.05963,-26.85307],[-49.05988,-26.85308],[-49.05999,-26.85306],[-49.0602,-26.85314],[-49.06038,-26.85325],[-49.06045,-26.85329],[-49.06054,-26.85337],[-49.06059,-26.85345],[-49.06063,-26.85357],[-49.06064,-26.85361],[-49.06066,-26.85377],[-49.06063,-26.85387],[-49.06056,-26.85397],[-49.06057,-26.85399],[-49.06059,-26.854],[-49.06174,-26.85394],[-49.06217,-26.85395],[-49.06294,-26.85402],[-49.06461,-26.85406],[-49.06463,-26.85406],[-49.06693,-26.8542],[-49.06698,-26.85419],[-49.06706,-26.85418],[-49.06712,-26.85414],[-49.0672,-26.85405],[-49.0672,-26.85395],[-49.06716,-26.8537],[-49.06716,-26.85366],[-49.06714,-26.8531],[-49.06717,-26.85292],[-49.06718,-26.85288],[-49.0672,-26.8528],[-49.06724,-26.85273],[-49.06744,-26.85263],[-49.06757,-26.85259],[-49.06774,-26.85258],[-49.0679,-26.85251],[-49.06809,-26.85249],[-49.06821,-26.85249],[-49.06837,-26.85251],[-49.06875,-26.85261],[-49.06889,-26.85266],[-49.06937,-26.85292],[-49.06962,-26.85304],[-49.0701,-26.85309],[-49.0702,-26.8531],[-49.07041,-26.85313],[-49.07076,-26.85322],[-49.07079,-26.85322],[-49.0715,-26.85339],[-49.07174,-26.85343],[-49.07225,-26.85356],[-49.07254,-26.85367],[-49.07261,-26.8537],[-49.07279,-26.85379],[-49.07286,-26.85382],[-49.07291,-26.85386],[-49.07311,-26.85412],[-49.07321,-26.85422],[-49.07329,-26.85435],[-49.07345,-26.85443],[-49.07367,-26.85459],[-49.07373,-26.85463],[-49.07384,-26.85475],[-49.07387,-26.85479],[-49.07413,-26.85518],[-49.07416,-26.85523],[-49.07428,-26.85551],[-49.0743,-26.85556],[-49.0744,-26.85586],[-49.07444,-26.85615],[-49.07442,-26.85627],[-49.0743,-26.85679],[-49.07429,-26.85691],[-49.07425,-26.85708],[-49.07424,-26.85713],[-49.07418,-26.85727],[-49.07416,-26.85746],[-49.07416,-26.8575],[-49.07418,-26.85781],[-49.07421,-26.85793],[-49.07428,-26.8581],[-49.07429,-26.85824],[-49.07429,-26.85829],[-49.07426,-26.85839],[-49.07398,-26.85869],[-49.07376,-26.85896],[-49.07363,-26.85925],[-49.07355,-26.85938],[-49.07347,-26.85947],[-49.07334,-26.85956],[-49.07332,-26.85958],[-49.07319,-26.85966],[-49.07306,-26.85984],[-49.073,-26.85997],[-49.07276,-26.86006],[-49.07268,-26.8601],[-49.07256,-26.86017],[-49.07239,-26.86027],[-49.07225,-26.86036],[-49.0722,-26.86039],[-49.07171,-26.86071],[-49.07165,-26.86076],[-49.07144,-26.86091],[-49.07138,-26.86094],[-49.07111,-26.86112],[-49.07104,-26.86116],[-49.07079,-26.86129],[-49.07073,-26.86132],[-49.07071,-26.86133],[-49.0707,-26.86134],[-49.0705,-26.86142],[-49.07033,-26.86149],[-49.07005,-26.86157],[-49.06995,-26.86159],[-49.06993,-26.86159],[-49.06987,-26.86161],[-49.06983,-26.86162],[-49.06974,-26.86164],[-49.06932,-26.86169],[-49.06924,-26.86169],[-49.06874,-26.86167],[-49.06865,-26.86167],[-49.06858,-26.86166],[-49.06842,-26.86163],[-49.06833,-26.86161],[-49.0679,-26.86151],[-49.06782,-26.86149],[-49.06733,-26.86133],[-49.06725,-26.8613],[-49.06676,-26.86114],[-49.06671,-26.86112],[-49.06663,-26.8611],[-49.06626,-26.86098],[-49.06618,-26.86095],[-49.0656,-26.86076],[-49.06541,-26.86069],[-49.06525,-26.86064],[-49.06516,-26.86061],[-49.06462,-26.86044],[-49.06453,-26.86041],[-49.06399,-26.86022],[-49.06397,-26.86021],[-49.06389,-26.86019],[-49.0638,-26.86016],[-49.06328,-26.85999],[-49.06319,-26.85996],[-49.06296,-26.85988],[-49.06295,-26.85988],[-49.06287,-26.85985],[-49.06265,-26.85978],[-49.06256,-26.85975],[-49.06236,-26.85969],[-49.06228,-26.85966],[-49.06182,-26.85953],[-49.06174,-26.85951],[-49.06171,-26.8595],[-49.06169,-26.8595],[-49.0614,-26.85944],[-49.06089,-26.85933],[-49.06081,-26.85931],[-49.06038,-26.85926],[-49.06029,-26.85925],[-49.05989,-26.85921],[-49.0591,-26.85918],[-49.05901,-26.85918],[-49.05826,-26.85921],[-49.05817,-26.85921],[-49.0576,-26.85927],[-49.05752,-26.85928],[-49.05746,-26.85929],[-49.05731,-26.85931],[-49.057,-26.85936],[-49.05691,-26.85938],[-49.05655,-26.85945],[-49.05647,-26.85947],[-49.05615,-26.85956],[-49.05606,-26.85958],[-49.05568,-26.85969],[-49.05561,-26.85971],[-49.05554,-26.85974],[-49.05545,-26.85977],[-49.05486,-26.85998],[-49.05478,-26.86002],[-49.05468,-26.86006],[-49.0545,-26.86014],[-49.05437,-26.8602],[-49.05429,-26.86024],[-49.05408,-26.86034],[-49.054,-26.86038],[-49.05366,-26.86056],[-49.05359,-26.8606],[-49.05358,-26.8606],[-49.05356,-26.86061],[-49.05352,-26.86063],[-49.05327,-26.86077],[-49.05297,-26.86093],[-49.05289,-26.86097],[-49.05245,-26.8612],[-49.05237,-26.86124],[-49.0522,-26.86133],[-49.05212,-26.86137],[-49.05196,-26.86146],[-49.05172,-26.86159],[-49.05165,-26.86163],[-49.05164,-26.86163],[-49.05132,-26.8618],[-49.05124,-26.86184],[-49.05105,-26.86194],[-49.05097,-26.86198],[-49.0504,-26.86229],[-49.05028,-26.86235],[-49.05004,-26.86248],[-49.04997,-26.86252],[-49.0496,-26.86272],[-49.04952,-26.86276],[-49.0495,-26.86278],[-49.04947,-26.8628],[-49.04934,-26.86287],[-49.04905,-26.86303],[-49.04897,-26.86308],[-49.04839,-26.8634],[-49.04795,-26.86361],[-49.0479,-26.86363],[-49.04783,-26.86367],[-49.04755,-26.86377],[-49.04747,-26.86381],[-49.04735,-26.86384],[-49.04716,-26.8639],[-49.04709,-26.86392],[-49.047,-26.86393],[-49.04662,-26.864],[-49.04654,-26.86401],[-49.04621,-26.86402],[-49.04589,-26.86399],[-49.0458,-26.86398],[-49.04571,-26.86397],[-49.04541,-26.86391],[-49.04521,-26.86385],[-49.04513,-26.86382],[-49.04506,-26.8638],[-49.04501,-26.86378],[-49.04486,-26.86372],[-49.04482,-26.8637],[-49.04474,-26.86366],[-49.04461,-26.86359],[-49.04453,-26.86355],[-49.04372,-26.86305],[-49.04363,-26.86299],[-49.04356,-26.86295],[-49.04327,-26.86277],[-49.0432,-26.86272],[-49.04217,-26.86206],[-49.04209,-26.86201],[-49.04183,-26.86184],[-49.04176,-26.8618],[-49.04147,-26.86161],[-49.04139,-26.86157],[-49.04105,-26.86134],[-49.04091,-26.86126],[-49.0406,-26.86106],[-49.04053,-26.86101],[-49.04043,-26.86095],[-49.04061,-26.86055],[-49.04073,-26.86036],[-49.04076,-26.86031],[-49.04108,-26.85989],[-49.0411,-26.85978],[-49.04105,-26.85955],[-49.04095,-26.85935],[-49.04066,-26.85902],[-49.04058,-26.85896],[-49.04034,-26.85882],[-49.04023,-26.85874],[-49.04019,-26.85869],[-49.03978,-26.85822],[-49.03967,-26.85803],[-49.03963,-26.85791],[-49.03963,-26.85781],[-49.03969,-26.85768],[-49.03983,-26.85757],[-49.03999,-26.85748],[-49.04008,-26.85745],[-49.0403,-26.85744],[-49.04061,-26.85747],[-49.041,-26.85756],[-49.04104,-26.85756],[-49.04107,-26.85753],[-49.04106,-26.85745],[-49.041,-26.85735],[-49.04098,-26.85713],[-49.04106,-26.85645],[-49.04108,-26.85624],[-49.04113,-26.85604],[-49.04124,-26.85576],[-49.04131,-26.85566],[-49.04136,-26.85548],[-49.04139,-26.85487],[-49.04131,-26.85451],[-49.04133,-26.85435],[-49.0414,-26.85422],[-49.04143,-26.85425],[-49.04152,-26.85426],[-49.04171,-26.85421],[-49.04189,-26.85419],[-49.04196,-26.85424],[-49.04206,-26.85417],[-49.04212,-26.85427],[-49.04216,-26.85431],[-49.04223,-26.85436],[-49.0423,-26.85436],[-49.04232,-26.85447],[-49.04238,-26.85458],[-49.04235,-26.85483],[-49.04235,-26.85492],[-49.04238,-26.85503],[-49.0424,-26.85506],[-49.04263,-26.85519],[-49.04269,-26.85528],[-49.04273,-26.85532],[-49.04298,-26.85547],[-49.04299,-26.85546],[-49.04308,-26.85551],[-49.04306,-26.85553],[-49.0431,-26.85557],[-49.04317,-26.85562],[-49.04319,-26.85559],[-49.04321,-26.8556],[-49.04329,-26.85554],[-49.04334,-26.85557],[-49.04339,-26.85556],[-49.04343,-26.85554],[-49.04346,-26.85556],[-49.04354,-26.85555],[-49.0435,-26.85551],[-49.04358,-26.85543],[-49.04363,-26.85547],[-49.04367,-26.85548],[-49.0437,-26.85548],[-49.04372,-26.85545],[-49.04372,-26.85536],[-49.04386,-26.85512],[-49.04388,-26.85507],[-49.044,-26.85484],[-49.04403,-26.85481],[-49.0441,-26.8548],[-49.04414,-26.85476],[-49.04415,-26.85476],[-49.04417,-26.85472],[-49.04418,-26.8546],[-49.04412,-26.85431],[-49.0441,-26.85426],[-49.04397,-26.85395],[-49.0439,-26.85357],[-49.04389,-26.85338],[-49.0439,-26.85322],[-49.04392,-26.85315],[-49.044,-26.85297],[-49.04408,-26.85284],[-49.04419,-26.85272],[-49.04431,-26.85263],[-49.04446,-26.85255],[-49.04463,-26.85254],[-49.04506,-26.85256],[-49.04512,-26.85256],[-49.04571,-26.85256],[-49.04575,-26.85256],[-49.04583,-26.85256],[-49.04632,-26.85264],[-49.04649,-26.85268],[-49.04652,-26.85271],[-49.04665,-26.85271],[-49.04676,-26.85269],[-49.04684,-26.85263],[-49.04687,-26.85244],[-49.04684,-26.85221],[-49.04678,-26.85191],[-49.04665,-26.85164],[-49.04661,-26.8515],[-49.0466,-26.85135],[-49.0466,-26.85131],[-49.04671,-26.85097],[-49.04675,-26.8509],[-49.04686,-26.85079],[-49.04696,-26.85067],[-49.04707,-26.85044],[-49.04721,-26.85031],[-49.04731,-26.85024],[-49.04735,-26.85018],[-49.04735,-26.85006],[-49.04732,-26.84999],[-49.04722,-26.84992],[-49.04711,-26.84988],[-49.04706,-26.84987],[-49.04694,-26.84987],[-49.04682,-26.84989],[-49.04646,-26.85],[-49.04621,-26.85003],[-49.04613,-26.85003],[-49.04597,-26.84999],[-49.0459,-26.84996],[-49.04583,-26.84991],[-49.0457,-26.84968],[-49.04563,-26.84961],[-49.04572,-26.84962],[-49.04584,-26.8496],[-49.04595,-26.84955],[-49.046,-26.84949],[-49.04614,-26.84914],[-49.04614,-26.84892],[-49.04624,-26.84879],[-49.04627,-26.84874],[-49.04633,-26.84867],[-49.0464,-26.84851],[-49.04654,-26.84837],[-49.04665,-26.84822],[-49.0467,-26.84808],[-49.04671,-26.84791],[-49.04671,-26.84789],[-49.04665,-26.84783],[-49.04667,-26.84781],[-49.04673,-26.84785],[-49.04676,-26.84781],[-49.04676,-26.84766],[-49.04674,-26.8475],[-49.04673,-26.84747],[-49.04674,-26.84732],[-49.04671,-26.84724],[-49.04665,-26.84717],[-49.04657,-26.84711],[-49.04652,-26.84702],[-49.04649,-26.84688],[-49.04649,-26.84683],[-49.04647,-26.84673],[-49.04646,-26.84669],[-49.04636,-26.84635],[-49.04625,-26.84626],[-49.04603,-26.84619],[-49.04603,-26.84613],[-49.04601,-26.84611],[-49.04597,-26.84608],[-49.04592,-26.84605],[-49.04557,-26.84589],[-49.04556,-26.84573],[-49.04558,-26.84568],[-49.04561,-26.84568],[-49.04564,-26.84564],[-49.04579,-26.84565],[-49.04608,-26.84571],[-49.04625,-26.84578],[-49.04651,-26.84582],[-49.04664,-26.84582],[-49.04684,-26.8458],[-49.04711,-26.84571],[-49.04722,-26.84562],[-49.04728,-26.84553],[-49.0473,-26.84546],[-49.04731,-26.8453],[-49.04729,-26.84519],[-49.04722,-26.84499],[-49.04718,-26.84492],[-49.04702,-26.84463],[-49.04685,-26.84445],[-49.04679,-26.84435],[-49.04674,-26.84417],[-49.04678,-26.84389],[-49.04675,-26.84381],[-49.0467,-26.84375],[-49.04659,-26.84367],[-49.04642,-26.84361],[-49.0463,-26.84358],[-49.04618,-26.84359],[-49.04605,-26.84361],[-49.04594,-26.84367],[-49.04578,-26.84386],[-49.04579,-26.84375],[-49.04578,-26.84362],[-49.04576,-26.84354],[-49.04565,-26.84339],[-49.04556,-26.84329],[-49.04591,-26.8434],[-49.04602,-26.84341],[-49.04657,-26.84332],[-49.04669,-26.84327],[-49.04684,-26.84315],[-49.04701,-26.84296],[-49.04709,-26.84278],[-49.04712,-26.84267],[-49.04712,-26.84262],[-49.04708,-26.84255],[-49.04705,-26.84251],[-49.04691,-26.84245],[-49.04658,-26.84236],[-49.04649,-26.84231],[-49.0463,-26.84217],[-49.04625,-26.8421],[-49.04609,-26.84164],[-49.04599,-26.8415],[-49.04587,-26.8414],[-49.04557,-26.84119],[-49.04537,-26.84109],[-49.04535,-26.84109],[-49.04525,-26.84096],[-49.04528,-26.84095],[-49.04561,-26.84094],[-49.0459,-26.84094],[-49.04639,-26.84097],[-49.04653,-26.84095],[-49.04664,-26.8409],[-49.04672,-26.84083],[-49.04674,-26.84076],[-49.04673,-26.84062],[-49.04672,-26.84057],[-49.04669,-26.84046],[-49.04661,-26.84032],[-49.04653,-26.84024],[-49.04651,-26.84022],[-49.0464,-26.84015],[-49.04624,-26.84011],[-49.04615,-26.84009],[-49.04582,-26.84004],[-49.04539,-26.84001],[-49.04533,-26.84],[-49.0451,-26.83994],[-49.04492,-26.83992],[-49.04486,-26.83992],[-49.04463,-26.84007],[-49.04451,-26.84013],[-49.04437,-26.84018],[-49.04412,-26.84023],[-49.04405,-26.84024],[-49.044,-26.84024],[-49.04403,-26.8402],[-49.04407,-26.84014],[-49.04412,-26.84004],[-49.04414,-26.83997],[-49.04416,-26.83987],[-49.04417,-26.83983],[-49.04418,-26.8398],[-49.04419,-26.83976],[-49.0442,-26.83971],[-49.0442,-26.8395],[-49.0442,-26.83944],[-49.04419,-26.83938],[-49.04413,-26.83931],[-49.04409,-26.83928],[-49.04405,-26.83925],[-49.04402,-26.83922],[-49.04404,-26.83916],[-49.044,-26.83911],[-49.04387,-26.83903],[-49.04354,-26.83882],[-49.04334,-26.83871],[-49.04316,-26.83863],[-49.04298,-26.8386],[-49.04276,-26.83859],[-49.04259,-26.83861],[-49.04237,-26.83866],[-49.04218,-26.8387],[-49.04195,-26.83876],[-49.0418,-26.8388],[-49.0417,-26.83886],[-49.04163,-26.83873],[-49.04156,-26.8386],[-49.0415,-26.83852],[-49.04168,-26.83846],[-49.04197,-26.83825],[-49.04201,-26.83812],[-49.04203,-26.83777],[-49.04206,-26.8375],[-49.04211,-26.83729],[-49.04216,-26.83717],[-49.04221,-26.8371],[-49.04225,-26.83703],[-49.04227,-26.83699],[-49.04227,-26.83696],[-49.04226,-26.83692],[-49.04223,-26.8369],[-49.04221,-26.83686],[-49.04219,-26.83684],[-49.04216,-26.83682],[-49.04213,-26.83677],[-49.04209,-26.8367],[-49.04206,-26.83663],[-49.04206,-26.83657],[-49.04206,-26.8365],[-49.04217,-26.83657],[-49.04249,-26.8367],[-49.04288,-26.83677],[-49.04294,-26.83678],[-49.04317,-26.83682],[-49.04376,-26.8369],[-49.04417,-26.83691],[-49.04422,-26.8369],[-49.04434,-26.83684],[-49.04469,-26.83658],[-49.04473,-26.83655],[-49.04494,-26.83639],[-49.04497,-26.83636],[-49.04498,-26.83625],[-49.04507,-26.83609],[-49.04522,-26.83596],[-49.04527,-26.83588],[-49.0453,-26.8358],[-49.0453,-26.83569],[-49.04525,-26.83533],[-49.04519,-26.83525],[-49.04514,-26.83523],[-49.04492,-26.83516],[-49.0447,-26.83512],[-49.04428,-26.8351],[-49.0445,-26.8349],[-49.04454,-26.83471],[-49.04458,-26.83466],[-49.04467,-26.83462],[-49.04474,-26.83459],[-49.04482,-26.8345],[-49.0449,-26.83449],[-49.04493,-26.83447],[-49.04503,-26.83426],[-49.04509,-26.83396],[-49.04512,-26.83378],[-49.04511,-26.8336],[-49.04508,-26.83352],[-49.04501,-26.83344],[-49.04497,-26.8334],[-49.04487,-26.83332],[-49.04474,-26.83326],[-49.04424,-26.83318],[-49.04398,-26.83314],[-49.04378,-26.83315],[-49.04372,-26.83315],[-49.04361,-26.83315],[-49.04347,-26.83312],[-49.04343,-26.83313],[-49.04344,-26.83311],[-49.04339,-26.83305],[-49.04319,-26.83281],[-49.04312,-26.83271],[-49.04298,-26.83248],[-49.04269,-26.83218],[-49.04255,-26.83203],[-49.04245,-26.83197],[-49.04295,-26.83197],[-49.043,-26.83195],[-49.04302,-26.83191],[-49.04324,-26.83195],[-49.04332,-26.83194],[-49.04339,-26.8319],[-49.04343,-26.83187],[-49.04357,-26.83175],[-49.04364,-26.83171],[-49.04372,-26.83163],[-49.04377,-26.83152],[-49.04375,-26.83139],[-49.04374,-26.83134],[-49.04373,-26.83117],[-49.0438,-26.83118],[-49.0439,-26.83098]]]}},{"type":"Feature","properties":{"bairro":"VELHA","codigo":"11"},"geometry":{"type":"Polygon","coordinates":[[[-49.12051,-26.91602],[-49.12042,-26.91608],[-49.1203,-26.91626],[-49.12023,-26.91651],[-49.12002,-26.91683],[-49.11977,-26.91706],[-49.11967,-26.91708],[-49.11945,-26.91707],[-49.1194,-26.91707],[-49.11936,-26.91708],[-49.119,-26.91725],[-49.11877,-26.91731],[-49.1186,-26.91733],[-49.11849,-26.91765],[-49.11844,-26.91796],[-49.11834,-26.91835],[-49.11827,-26.91871],[-49.11826,-26.91893],[-49.11822,-26.91908],[-49.11797,-26.91957],[-49.11777,-26.91991],[-49.11782,-26.92046],[-49.11783,-26.92051],[-49.11787,-26.92067],[-49.1179,-26.92078],[-49.1179,-26.92089],[-49.11783,-26.92116],[-49.11778,-26.92148],[-49.11774,-26.92154],[-49.11772,-26.92169],[-49.11734,-26.92243],[-49.11675,-26.92343],[-49.11679,-26.92345],[-49.1168,-26.92349],[-49.11679,-26.92354],[-49.11675,-26.92362],[-49.11673,-26.92391],[-49.1167,-26.92398],[-49.11665,-26.92403],[-49.11663,-26.92408],[-49.11664,-26.92424],[-49.11662,-26.92428],[-49.11653,-26.92444],[-49.1165,-26.92453],[-49.11647,-26.92455],[-49.11634,-26.92478],[-49.11615,-26.92517],[-49.11596,-26.92542],[-49.11584,-26.92553],[-49.11571,-26.92562],[-49.11556,-26.92576],[-49.11545,-26.92584],[-49.11541,-26.92588],[-49.11532,-26.92595],[-49.11524,-26.92595],[-49.1152,-26.92598],[-49.1152,-26.92605],[-49.11525,-26.92614],[-49.11534,-26.92623],[-49.11524,-26.92633],[-49.11503,-26.92662],[-49.11492,-26.92683],[-49.11473,-26.92706],[-49.11463,-26.92726],[-49.11461,-26.92731],[-49.1146,-26.92733],[-49.11458,-26.92739],[-49.11457,-26.92742],[-49.11456,-26.92744],[-49.11454,-26.92747],[-49.11452,-26.92755],[-49.1144,-26.92756],[-49.11407,-26.92817],[-49.11376,-26.92877],[-49.11369,-26.92887],[-49.11369,-26.92903],[-49.11373,-26.92913],[-49.11373,-26.92922],[-49.1137,-26.9292],[-49.1135,-26.92929],[-49.11345,-26.92935],[-49.11336,-26.92942],[-49.11335,-26.92941],[-49.11329,-26.92943],[-49.11318,-26.92948],[-49.11296,-26.92963],[-49.11268,-26.92986],[-49.11257,-26.93004],[-49.11252,-26.93009],[-49.11239,-26.93024],[-49.11233,-26.93015],[-49.11215,-26.92975],[-49.11206,-26.92962],[-49.11204,-26.9294],[-49.11196,-26.92914],[-49.11198,-26.92892],[-49.11193,-26.92883],[-49.11182,-26.92875],[-49.11173,-26.92861],[-49.1117,-26.92823],[-49.11165,-26.92813],[-49.11159,-26.92811],[-49.11152,-26.9281],[-49.11136,-26.92812],[-49.11108,-26.92822],[-49.1109,-26.92825],[-49.11061,-26.92844],[-49.11035,-26.92856],[-49.11003,-26.92877],[-49.10995,-26.92879],[-49.10993,-26.92882],[-49.1099,-26.92879],[-49.10981,-26.92876],[-49.10966,-26.92865],[-49.10943,-26.92861],[-49.10932,-26.92862],[-49.10928,-26.92861],[-49.10925,-26.92857],[-49.10924,-26.92857],[-49.10924,-26.92854],[-49.1092,-26.92836],[-49.10917,-26.92832],[-49.10915,-26.92825],[-49.10915,-26.92817],[-49.10916,-26.92814],[-49.10927,-26.92789],[-49.10927,-26.92784],[-49.10921,-26.92775],[-49.10908,-26.92757],[-49.10903,-26.92753],[-49.10891,-26.92751],[-49.10873,-26.92751],[-49.10863,-26.92746],[-49.10859,-26.92742],[-49.10855,-26.92732],[-49.10845,-26.92719],[-49.10836,-26.92712],[-49.10831,-26.9271],[-49.108,-26.92708],[-49.10783,-26.92711],[-49.10773,-26.92717],[-49.10762,-26.92736],[-49.10755,-26.92745],[-49.10748,-26.92748],[-49.10741,-26.92751],[-49.1074,-26.92751],[-49.10705,-26.92758],[-49.10694,-26.92764],[-49.10679,-26.92765],[-49.10647,-26.92762],[-49.1064,-26.9276],[-49.10634,-26.92757],[-49.10626,-26.92749],[-49.10621,-26.92741],[-49.10608,-26.9273],[-49.10604,-26.92718],[-49.10595,-26.92707],[-49.10582,-26.92697],[-49.1058,-26.92692],[-49.10582,-26.92679],[-49.10579,-26.92676],[-49.1057,-26.92667],[-49.10557,-26.92661],[-49.1055,-26.92658],[-49.1054,-26.92655],[-49.10521,-26.92654],[-49.10513,-26.92655],[-49.10506,-26.92658],[-49.10501,-26.92662],[-49.10491,-26.92674],[-49.10482,-26.92693],[-49.1047,-26.92716],[-49.10464,-26.92721],[-49.10457,-26.92724],[-49.10453,-26.92725],[-49.10436,-26.92725],[-49.10408,-26.92719],[-49.10402,-26.9272],[-49.10399,-26.92724],[-49.10403,-26.92729],[-49.10412,-26.92734],[-49.10426,-26.92739],[-49.10461,-26.92743],[-49.10465,-26.92745],[-49.10456,-26.9277],[-49.10454,-26.92787],[-49.10458,-26.92793],[-49.10471,-26.92806],[-49.10481,-26.9281],[-49.10498,-26.92812],[-49.10504,-26.92817],[-49.10508,-26.92826],[-49.1051,-26.92846],[-49.10523,-26.92868],[-49.1053,-26.92889],[-49.10539,-26.92901],[-49.10548,-26.92921],[-49.10555,-26.92931],[-49.10561,-26.92954],[-49.1057,-26.92996],[-49.10575,-26.93003],[-49.10583,-26.93005],[-49.10591,-26.93004],[-49.10611,-26.93],[-49.10618,-26.93],[-49.10623,-26.93003],[-49.10629,-26.93004],[-49.10674,-26.92989],[-49.10679,-26.9299],[-49.10676,-26.92993],[-49.10672,-26.93],[-49.1066,-26.93044],[-49.10657,-26.93064],[-49.10657,-26.93077],[-49.10663,-26.93092],[-49.1068,-26.93116],[-49.10688,-26.93135],[-49.10691,-26.9314],[-49.10699,-26.93146],[-49.1071,-26.93156],[-49.10714,-26.93161],[-49.10717,-26.93166],[-49.10699,-26.93174],[-49.10693,-26.93175],[-49.10691,-26.93176],[-49.10683,-26.93178],[-49.10655,-26.93181],[-49.10642,-26.93186],[-49.10639,-26.93188],[-49.10638,-26.93193],[-49.10641,-26.93206],[-49.10655,-26.93228],[-49.10659,-26.93234],[-49.10665,-26.93241],[-49.10678,-26.9325],[-49.10697,-26.93254],[-49.1071,-26.93256],[-49.10727,-26.93262],[-49.10739,-26.93273],[-49.10759,-26.93286],[-49.10779,-26.9329],[-49.10825,-26.93307],[-49.10831,-26.93313],[-49.10836,-26.93315],[-49.1086,-26.9332],[-49.10879,-26.93322],[-49.10901,-26.93331],[-49.10915,-26.93334],[-49.10932,-26.93335],[-49.10936,-26.93336],[-49.10932,-26.93345],[-49.10907,-26.93345],[-49.10898,-26.93352],[-49.10895,-26.93351],[-49.10879,-26.93355],[-49.10878,-26.93359],[-49.10866,-26.9336],[-49.10845,-26.93367],[-49.10839,-26.93367],[-49.10822,-26.93363],[-49.1081,-26.93363],[-49.10801,-26.93366],[-49.10794,-26.93369],[-49.1079,-26.93374],[-49.10788,-26.93379],[-49.1079,-26.93405],[-49.10789,-26.93424],[-49.10782,-26.9343],[-49.10764,-26.93433],[-49.10759,-26.93436],[-49.10753,-26.93443],[-49.10746,-26.93452],[-49.10739,-26.93457],[-49.10727,-26.93457],[-49.1072,-26.93456],[-49.1072,-26.93452],[-49.1071,-26.93434],[-49.10703,-26.93433],[-49.10696,-26.93436],[-49.10695,-26.93439],[-49.10694,-26.93439],[-49.10691,-26.93441],[-49.10684,-26.9344],[-49.10677,-26.93443],[-49.10673,-26.93447],[-49.1067,-26.93456],[-49.10669,-26.93464],[-49.10664,-26.93471],[-49.10662,-26.93486],[-49.10654,-26.93512],[-49.10653,-26.93518],[-49.10654,-26.93529],[-49.10638,-26.93519],[-49.10615,-26.93512],[-49.10608,-26.93503],[-49.10604,-26.93497],[-49.10601,-26.9349],[-49.10587,-26.93474],[-49.10585,-26.93469],[-49.10576,-26.93461],[-49.10572,-26.93459],[-49.10559,-26.93452],[-49.10547,-26.93437],[-49.10537,-26.93433],[-49.10527,-26.93434],[-49.10521,-26.93436],[-49.10509,-26.93445],[-49.10504,-26.93453],[-49.10492,-26.93457],[-49.10487,-26.93461],[-49.10491,-26.93466],[-49.1048,-26.93481],[-49.10478,-26.93481],[-49.10459,-26.93501],[-49.10456,-26.93499],[-49.10447,-26.93506],[-49.10443,-26.93515],[-49.10441,-26.93531],[-49.10433,-26.93544],[-49.10428,-26.93545],[-49.10424,-26.9355],[-49.10423,-26.93564],[-49.10429,-26.93574],[-49.10433,-26.93591],[-49.10458,-26.93618],[-49.10467,-26.93626],[-49.10449,-26.93631],[-49.10448,-26.93631],[-49.10426,-26.93637],[-49.1042,-26.9364],[-49.10417,-26.9365],[-49.10417,-26.93661],[-49.10421,-26.93671],[-49.10429,-26.93681],[-49.10463,-26.93716],[-49.10451,-26.93719],[-49.10437,-26.93729],[-49.10423,-26.93749],[-49.10418,-26.93769],[-49.10412,-26.93778],[-49.10411,-26.93782],[-49.10412,-26.9379],[-49.1042,-26.93799],[-49.10423,-26.93807],[-49.10423,-26.93812],[-49.10427,-26.93839],[-49.10412,-26.93832],[-49.10404,-26.93825],[-49.10387,-26.93806],[-49.10382,-26.93806],[-49.10378,-26.93793],[-49.10376,-26.93777],[-49.10375,-26.93767],[-49.1038,-26.93766],[-49.1038,-26.9376],[-49.10379,-26.93738],[-49.10375,-26.93727],[-49.10371,-26.93723],[-49.10365,-26.93721],[-49.1036,-26.9372],[-49.10344,-26.93724],[-49.10343,-26.93724],[-49.10338,-26.93727],[-49.10328,-26.93736],[-49.10315,-26.93742],[-49.10309,-26.93746],[-49.1029,-26.9376],[-49.10294,-26.93742],[-49.10295,-26.93713],[-49.10292,-26.93692],[-49.10285,-26.93677],[-49.10282,-26.93672],[-49.10275,-26.93668],[-49.10258,-26.93662],[-49.1025,-26.93663],[-49.10241,-26.93661],[-49.10227,-26.93652],[-49.1022,-26.9364],[-49.10218,-26.93631],[-49.10214,-26.93628],[-49.10196,-26.9362],[-49.10187,-26.93614],[-49.10162,-26.93593],[-49.10148,-26.93573],[-49.10134,-26.93539],[-49.10117,-26.93533],[-49.1008,-26.93535],[-49.10072,-26.93537],[-49.10057,-26.93548],[-49.10046,-26.93567],[-49.1004,-26.93589],[-49.1004,-26.93635],[-49.10042,-26.93639],[-49.10049,-26.93646],[-49.10051,-26.93651],[-49.10039,-26.9365],[-49.10031,-26.93652],[-49.10017,-26.93661],[-49.10004,-26.93675],[-49.10004,-26.93682],[-49.10026,-26.93716],[-49.10025,-26.93729],[-49.10024,-26.93728],[-49.09998,-26.93721],[-49.09989,-26.93721],[-49.09978,-26.93725],[-49.09963,-26.93741],[-49.09953,-26.93749],[-49.09952,-26.93744],[-49.09955,-26.93736],[-49.0996,-26.93731],[-49.09963,-26.93717],[-49.0996,-26.93685],[-49.09962,-26.9368],[-49.0997,-26.93669],[-49.09974,-26.93657],[-49.0998,-26.93649],[-49.09989,-26.93627],[-49.10001,-26.93608],[-49.1,-26.93601],[-49.09998,-26.93587],[-49.1,-26.93579],[-49.0999,-26.93558],[-49.09988,-26.9352],[-49.0999,-26.93513],[-49.09995,-26.93505],[-49.10011,-26.93492],[-49.10013,-26.93483],[-49.10011,-26.9348],[-49.10003,-26.93473],[-49.09998,-26.93463],[-49.09993,-26.93462],[-49.09993,-26.93454],[-49.09985,-26.9345],[-49.09951,-26.93439],[-49.09941,-26.93433],[-49.09929,-26.93421],[-49.09906,-26.93383],[-49.09894,-26.93371],[-49.09885,-26.93368],[-49.09877,-26.93368],[-49.09859,-26.93371],[-49.09842,-26.93378],[-49.09832,-26.93384],[-49.09823,-26.93397],[-49.09818,-26.934],[-49.09813,-26.93398],[-49.09797,-26.9339],[-49.09779,-26.93387],[-49.09762,-26.9339],[-49.09744,-26.93389],[-49.09732,-26.93389],[-49.09715,-26.93393],[-49.09713,-26.93394],[-49.09714,-26.93385],[-49.09719,-26.93376],[-49.09748,-26.93348],[-49.09765,-26.93333],[-49.09797,-26.93317],[-49.09826,-26.93308],[-49.09834,-26.93305],[-49.09843,-26.93299],[-49.09845,-26.93293],[-49.09845,-26.93278],[-49.09856,-26.93254],[-49.09861,-26.93249],[-49.09874,-26.93243],[-49.09879,-26.93236],[-49.09879,-26.93221],[-49.09851,-26.93189],[-49.0985,-26.93181],[-49.09851,-26.93172],[-49.09856,-26.93161],[-49.09864,-26.93153],[-49.09881,-26.93145],[-49.09907,-26.93129],[-49.09912,-26.93109],[-49.09908,-26.93105],[-49.09902,-26.93089],[-49.09897,-26.93088],[-49.09893,-26.93086],[-49.09889,-26.93078],[-49.09886,-26.93068],[-49.09882,-26.93062],[-49.09869,-26.93056],[-49.0986,-26.93048],[-49.09822,-26.9303],[-49.09815,-26.93026],[-49.09808,-26.93017],[-49.09804,-26.93013],[-49.09798,-26.93012],[-49.09801,-26.92996],[-49.09802,-26.92993],[-49.09802,-26.9299],[-49.09803,-26.92987],[-49.09803,-26.92985],[-49.09804,-26.92982],[-49.09804,-26.92978],[-49.09803,-26.92976],[-49.09785,-26.92979],[-49.09751,-26.92993],[-49.09731,-26.93005],[-49.09719,-26.93008],[-49.09726,-26.93001],[-49.09728,-26.92998],[-49.09729,-26.92998],[-49.09734,-26.92995],[-49.09758,-26.92969],[-49.09778,-26.92952],[-49.09787,-26.92943],[-49.09801,-26.92894],[-49.09801,-26.9289],[-49.09808,-26.92867],[-49.0981,-26.92851],[-49.09806,-26.92824],[-49.09804,-26.92819],[-49.09798,-26.92814],[-49.09787,-26.9281],[-49.09757,-26.92807],[-49.09728,-26.92815],[-49.0971,-26.92824],[-49.0969,-26.92826],[-49.09684,-26.92827],[-49.09678,-26.92829],[-49.0966,-26.92828],[-49.09643,-26.92825],[-49.09641,-26.92816],[-49.09644,-26.92778],[-49.09657,-26.92728],[-49.09658,-26.92706],[-49.09663,-26.92693],[-49.09674,-26.92679],[-49.09675,-26.92675],[-49.09674,-26.92671],[-49.09667,-26.92662],[-49.09667,-26.92654],[-49.0967,-26.92649],[-49.09674,-26.92646],[-49.09691,-26.92639],[-49.09694,-26.92636],[-49.09693,-26.92633],[-49.09683,-26.92626],[-49.09681,-26.92621],[-49.09678,-26.92592],[-49.09676,-26.92584],[-49.09673,-26.92579],[-49.09662,-26.92569],[-49.09657,-26.92565],[-49.09645,-26.92561],[-49.09633,-26.92557],[-49.09627,-26.92557],[-49.09619,-26.92557],[-49.09605,-26.92562],[-49.096,-26.92565],[-49.09596,-26.92569],[-49.09592,-26.92579],[-49.09593,-26.92606],[-49.09584,-26.92622],[-49.09576,-26.92631],[-49.09573,-26.92637],[-49.09572,-26.92658],[-49.09568,-26.92674],[-49.09566,-26.92678],[-49.09557,-26.92684],[-49.09547,-26.92685],[-49.09538,-26.92689],[-49.09533,-26.92692],[-49.09524,-26.92703],[-49.09506,-26.92719],[-49.09504,-26.92732],[-49.09506,-26.9274],[-49.09512,-26.92747],[-49.09512,-26.92755],[-49.0951,-26.92764],[-49.09496,-26.92781],[-49.09497,-26.9279],[-49.09491,-26.92792],[-49.0949,-26.92793],[-49.09479,-26.92802],[-49.09474,-26.92811],[-49.09473,-26.9282],[-49.09478,-26.92835],[-49.09478,-26.92842],[-49.09463,-26.92855],[-49.09457,-26.92867],[-49.09439,-26.92889],[-49.09436,-26.92898],[-49.09437,-26.92901],[-49.09434,-26.929],[-49.09429,-26.929],[-49.09419,-26.92897],[-49.09409,-26.92897],[-49.09389,-26.9291],[-49.09385,-26.92914],[-49.09375,-26.92918],[-49.09374,-26.92909],[-49.09376,-26.92905],[-49.09377,-26.92892],[-49.09379,-26.92887],[-49.0939,-26.92878],[-49.09402,-26.92864],[-49.09413,-26.92849],[-49.0941,-26.92822],[-49.09404,-26.9281],[-49.09381,-26.92796],[-49.0937,-26.92778],[-49.09364,-26.92771],[-49.09335,-26.92743],[-49.09331,-26.9274],[-49.09314,-26.92733],[-49.09291,-26.92727],[-49.09278,-26.92727],[-49.09237,-26.92731],[-49.09228,-26.92733],[-49.09204,-26.92752],[-49.09171,-26.9277],[-49.09179,-26.92716],[-49.0918,-26.927],[-49.09175,-26.92628],[-49.09176,-26.92623],[-49.09179,-26.92619],[-49.09188,-26.92614],[-49.09198,-26.92613],[-49.09228,-26.92615],[-49.09253,-26.92621],[-49.09298,-26.92623],[-49.09328,-26.92621],[-49.09354,-26.92615],[-49.09361,-26.92611],[-49.09366,-26.92599],[-49.09364,-26.92567],[-49.09356,-26.92551],[-49.09333,-26.92516],[-49.09332,-26.92508],[-49.09323,-26.92502],[-49.09284,-26.92492],[-49.09272,-26.92483],[-49.0927,-26.9247],[-49.09254,-26.92464],[-49.0925,-26.9246],[-49.09236,-26.92457],[-49.0923,-26.92455],[-49.09198,-26.92455],[-49.09183,-26.92458],[-49.09152,-26.92468],[-49.09144,-26.92474],[-49.09136,-26.92484],[-49.09126,-26.9249],[-49.09099,-26.92496],[-49.09093,-26.925],[-49.09084,-26.92516],[-49.09078,-26.92519],[-49.09077,-26.92527],[-49.09075,-26.9253],[-49.09071,-26.92536],[-49.09066,-26.92539],[-49.09052,-26.92542],[-49.0904,-26.92541],[-49.09035,-26.92538],[-49.09031,-26.92529],[-49.09029,-26.92524],[-49.09025,-26.92468],[-49.09025,-26.9245],[-49.09026,-26.92441],[-49.09034,-26.92424],[-49.09039,-26.92417],[-49.09048,-26.92406],[-49.0908,-26.92377],[-49.09084,-26.92369],[-49.09083,-26.92355],[-49.09078,-26.92343],[-49.09074,-26.92335],[-49.0906,-26.92326],[-49.09056,-26.92325],[-49.09028,-26.92318],[-49.08996,-26.92314],[-49.08976,-26.92314],[-49.08961,-26.92317],[-49.08948,-26.92323],[-49.08936,-26.92353],[-49.08927,-26.92367],[-49.08926,-26.92358],[-49.08928,-26.92341],[-49.08927,-26.92332],[-49.08924,-26.92324],[-49.08921,-26.92307],[-49.08918,-26.92298],[-49.08907,-26.92287],[-49.08895,-26.92278],[-49.0888,-26.92268],[-49.08875,-26.92262],[-49.08837,-26.92193],[-49.08834,-26.92189],[-49.0883,-26.9218],[-49.08829,-26.92177],[-49.08825,-26.92163],[-49.0882,-26.92127],[-49.08816,-26.92119],[-49.08807,-26.92115],[-49.08797,-26.92114],[-49.08782,-26.92115],[-49.08762,-26.92119],[-49.0875,-26.92127],[-49.08743,-26.92138],[-49.08742,-26.92146],[-49.08746,-26.92158],[-49.08748,-26.92172],[-49.08745,-26.9218],[-49.08739,-26.92186],[-49.0868,-26.92211],[-49.08671,-26.92216],[-49.08656,-26.92227],[-49.08629,-26.92254],[-49.08625,-26.92257],[-49.08591,-26.92264],[-49.08584,-26.92267],[-49.08577,-26.92273],[-49.0857,-26.92269],[-49.08561,-26.92277],[-49.08578,-26.92296],[-49.08593,-26.92301],[-49.08602,-26.92307],[-49.08603,-26.92311],[-49.08602,-26.92315],[-49.08594,-26.92317],[-49.08582,-26.92315],[-49.08572,-26.92312],[-49.08566,-26.92314],[-49.08546,-26.923],[-49.08539,-26.92297],[-49.0853,-26.92296],[-49.08525,-26.92298],[-49.08504,-26.92298],[-49.08479,-26.92302],[-49.08474,-26.92303],[-49.08472,-26.92306],[-49.08463,-26.92304],[-49.0845,-26.92305],[-49.08428,-26.92313],[-49.08419,-26.92317],[-49.08417,-26.92313],[-49.08393,-26.92276],[-49.08336,-26.92215],[-49.08333,-26.92214],[-49.08327,-26.9221],[-49.08294,-26.9221],[-49.08274,-26.92206],[-49.08228,-26.92185],[-49.08205,-26.92168],[-49.08159,-26.92161],[-49.08158,-26.92161],[-49.08073,-26.92146],[-49.08068,-26.92145],[-49.08065,-26.92145],[-49.08051,-26.92126],[-49.08022,-26.92104],[-49.07961,-26.92075],[-49.07898,-26.92063],[-49.07907,-26.92047],[-49.07917,-26.92015],[-49.07928,-26.9198],[-49.07921,-26.91973],[-49.0792,-26.91967],[-49.0792,-26.91956],[-49.07923,-26.91949],[-49.07931,-26.91936],[-49.07936,-26.91932],[-49.07938,-26.91928],[-49.07945,-26.91924],[-49.07952,-26.91915],[-49.07967,-26.91908],[-49.07976,-26.91902],[-49.07985,-26.91901],[-49.08027,-26.91899],[-49.08056,-26.91902],[-49.08068,-26.919],[-49.08075,-26.91895],[-49.08074,-26.9189],[-49.0807,-26.91886],[-49.08033,-26.91876],[-49.08023,-26.91871],[-49.08015,-26.91864],[-49.08013,-26.91853],[-49.08016,-26.91837],[-49.08023,-26.91822],[-49.08035,-26.91804],[-49.08044,-26.91797],[-49.08055,-26.91784],[-49.08063,-26.91776],[-49.08102,-26.9175],[-49.08105,-26.91746],[-49.08107,-26.91737],[-49.08107,-26.91732],[-49.08107,-26.91724],[-49.08105,-26.91719],[-49.08097,-26.91712],[-49.08092,-26.9171],[-49.08082,-26.9171],[-49.08071,-26.91715],[-49.08054,-26.91721],[-49.08037,-26.91721],[-49.08015,-26.91712],[-49.08003,-26.9171],[-49.07992,-26.91706],[-49.07985,-26.91701],[-49.08037,-26.91599],[-49.08042,-26.9159],[-49.0805,-26.91574],[-49.08057,-26.91561],[-49.08065,-26.91545],[-49.08068,-26.91539],[-49.08075,-26.91525],[-49.08097,-26.91535],[-49.08103,-26.91537],[-49.08111,-26.9154],[-49.08116,-26.91542],[-49.08119,-26.91544],[-49.0813,-26.91524],[-49.08137,-26.91511],[-49.08159,-26.91473],[-49.08163,-26.91466],[-49.08185,-26.91428],[-49.0819,-26.9142],[-49.08194,-26.91413],[-49.08197,-26.91409],[-49.0821,-26.91387],[-49.08212,-26.91383],[-49.08221,-26.91368],[-49.08225,-26.91362],[-49.08278,-26.9127],[-49.08286,-26.91278],[-49.08296,-26.91295],[-49.08303,-26.91306],[-49.08308,-26.91319],[-49.08313,-26.91325],[-49.08326,-26.91331],[-49.08333,-26.91331],[-49.08346,-26.91326],[-49.08357,-26.91318],[-49.08368,-26.91303],[-49.08376,-26.91286],[-49.08383,-26.91276],[-49.08388,-26.91261],[-49.0839,-26.91247],[-49.08395,-26.91236],[-49.0841,-26.91222],[-49.08448,-26.91199],[-49.0849,-26.91177],[-49.08498,-26.91173],[-49.08532,-26.91159],[-49.08537,-26.91158],[-49.08543,-26.9116],[-49.08548,-26.91164],[-49.0855,-26.91166],[-49.08551,-26.91178],[-49.08562,-26.91182],[-49.08595,-26.91199],[-49.08598,-26.91201],[-49.08622,-26.91218],[-49.08656,-26.91231],[-49.08705,-26.91242],[-49.08737,-26.91246],[-49.08763,-26.91244],[-49.08789,-26.91239],[-49.08813,-26.91239],[-49.08889,-26.9122],[-49.08909,-26.91219],[-49.08927,-26.91224],[-49.08952,-26.91235],[-49.08958,-26.91238],[-49.08967,-26.91244],[-49.08973,-26.91247],[-49.08987,-26.91258],[-49.0899,-26.91262],[-49.08998,-26.91271],[-49.09002,-26.91293],[-49.09011,-26.91312],[-49.0904,-26.91339],[-49.09064,-26.91357],[-49.09082,-26.91373],[-49.0909,-26.91375],[-49.09118,-26.91376],[-49.0914,-26.91376],[-49.09144,-26.91375],[-49.09143,-26.91357],[-49.09156,-26.91358],[-49.09157,-26.91358],[-49.09174,-26.91359],[-49.09175,-26.91359],[-49.09211,-26.91363],[-49.0922,-26.91366],[-49.09231,-26.91369],[-49.09269,-26.91384],[-49.0927,-26.91384],[-49.09275,-26.91386],[-49.09276,-26.91387],[-49.09282,-26.91389],[-49.0929,-26.91393],[-49.09292,-26.91393],[-49.093,-26.9138],[-49.09302,-26.91377],[-49.09303,-26.91375],[-49.09305,-26.91372],[-49.09315,-26.91355],[-49.0932,-26.91347],[-49.09326,-26.91337],[-49.09329,-26.91333],[-49.09334,-26.91323],[-49.09336,-26.91321],[-49.09337,-26.91318],[-49.09339,-26.91315],[-49.09356,-26.91285],[-49.09361,-26.91286],[-49.09368,-26.91288],[-49.09398,-26.91298],[-49.09404,-26.913],[-49.09413,-26.91303],[-49.09431,-26.91314],[-49.09456,-26.91326],[-49.09502,-26.91348],[-49.09504,-26.91349],[-49.096,-26.9139],[-49.09608,-26.91397],[-49.09613,-26.91401],[-49.09623,-26.9141],[-49.0963,-26.91421],[-49.09638,-26.9144],[-49.09643,-26.9145],[-49.0965,-26.91457],[-49.09657,-26.9146],[-49.09665,-26.91461],[-49.0967,-26.91459],[-49.09677,-26.91448],[-49.09682,-26.91439],[-49.09702,-26.91405],[-49.09708,-26.91393],[-49.09714,-26.91383],[-49.09716,-26.9138],[-49.09719,-26.91373],[-49.09753,-26.91387],[-49.09795,-26.914],[-49.09852,-26.91423],[-49.09908,-26.91452],[-49.09956,-26.91472],[-49.09968,-26.91474],[-49.09999,-26.91486],[-49.10006,-26.91486],[-49.10027,-26.91495],[-49.10032,-26.91497],[-49.10053,-26.91506],[-49.10054,-26.9151],[-49.10075,-26.91519],[-49.10079,-26.91521],[-49.10134,-26.91548],[-49.10138,-26.91543],[-49.10139,-26.91541],[-49.10142,-26.91543],[-49.10151,-26.91549],[-49.10153,-26.9155],[-49.10165,-26.91559],[-49.10168,-26.91561],[-49.10173,-26.91567],[-49.10187,-26.91578],[-49.102,-26.91581],[-49.10229,-26.91594],[-49.10243,-26.91608],[-49.10277,-26.91624],[-49.10286,-26.91619],[-49.10294,-26.91608],[-49.103,-26.91604],[-49.10302,-26.91603],[-49.1031,-26.916],[-49.10323,-26.91598],[-49.10331,-26.91596],[-49.10345,-26.91594],[-49.10351,-26.91591],[-49.10403,-26.91568],[-49.10405,-26.91551],[-49.10409,-26.91543],[-49.10411,-26.91532],[-49.10415,-26.91528],[-49.1043,-26.91521],[-49.10443,-26.91517],[-49.10457,-26.91511],[-49.10471,-26.91509],[-49.10496,-26.91509],[-49.10503,-26.91503],[-49.10508,-26.91495],[-49.10517,-26.91487],[-49.10551,-26.91469],[-49.1057,-26.91449],[-49.10578,-26.91435],[-49.1058,-26.91431],[-49.10586,-26.91419],[-49.1059,-26.9141],[-49.10619,-26.91359],[-49.10627,-26.91356],[-49.10642,-26.91356],[-49.10675,-26.91366],[-49.10687,-26.91364],[-49.10691,-26.91361],[-49.10715,-26.91354],[-49.1072,-26.91353],[-49.10729,-26.91351],[-49.10738,-26.91352],[-49.1075,-26.91348],[-49.10766,-26.91347],[-49.10772,-26.91345],[-49.10775,-26.91343],[-49.1079,-26.91329],[-49.10815,-26.91319],[-49.10819,-26.91314],[-49.10821,-26.91311],[-49.10834,-26.91286],[-49.10848,-26.91275],[-49.10857,-26.91264],[-49.10858,-26.91262],[-49.10865,-26.91252],[-49.10873,-26.9125],[-49.10891,-26.9125],[-49.109,-26.91254],[-49.1091,-26.91262],[-49.10928,-26.91276],[-49.1094,-26.91291],[-49.10953,-26.91298],[-49.10964,-26.913],[-49.10981,-26.91298],[-49.10995,-26.91293],[-49.11004,-26.91291],[-49.11032,-26.91292],[-49.11094,-26.91322],[-49.11124,-26.91327],[-49.1113,-26.91322],[-49.11148,-26.91296],[-49.11161,-26.91267],[-49.1118,-26.91261],[-49.11203,-26.91263],[-49.11205,-26.91262],[-49.11208,-26.91261],[-49.1122,-26.91251],[-49.11228,-26.91249],[-49.11236,-26.91253],[-49.11465,-26.91352],[-49.1156,-26.91396],[-49.11587,-26.91408],[-49.11609,-26.91405],[-49.11632,-26.91399],[-49.11635,-26.91399],[-49.11641,-26.91408],[-49.11657,-26.91418],[-49.11682,-26.91428],[-49.11695,-26.9143],[-49.11716,-26.91431],[-49.11733,-26.9143],[-49.11737,-26.9143],[-49.11745,-26.91429],[-49.11766,-26.91429],[-49.11774,-26.9143],[-49.11789,-26.91436],[-49.11795,-26.91442],[-49.11806,-26.91458],[-49.1181,-26.91464],[-49.11817,-26.91477],[-49.1182,-26.91482],[-49.11829,-26.91509],[-49.11836,-26.91516],[-49.11872,-26.91526],[-49.11919,-26.91535],[-49.11975,-26.91553],[-49.11976,-26.91554],[-49.1201,-26.91578],[-49.12051,-26.91602]]]}}]}